law_id,name,cluster,paper_grade,environment,source_paper,source_path,source_line,source_label,statement_plain
E1,Internalization,A — Laws of Endogeny,theorem,theorem,P030,papers/Tsiokos_2026_Six_Birds_Foundations_V_Endogenous_Closure_A_Catalog_of_Structural_Laws_for_Living_Cognitive_and_Social_Systems.tex,954,thm:e1,"Under the Setup and the closed-loop, binding, no-free-distinction, finite-forcing, promotion-soundness, no-schedule-trap, empty _ endo , complete-status, and family-budget certificates detailed below, branch elimination certifies the carried repair family \ _t\ contained in the complete endogenous-status evidence; every accepted occurrence installs Q_ t+1 =Q_t R_t, (Q_ t+1 ,F_ C ,v) ⊂neq (Q_t,F_ C ,v) on the challenged fibers, has carrier-generated provenance, passes the declared gates, and is budget-feasible. For challenge classes generically novel relative to _ Q_t , strict self-extension R_t∉ _ Q_t occurs whenever discharge uses a genuinely new distinction. If no repair generator is reachable and the supplied host bridge certifies that this excludes a valid endogenous family, a binding challenge cannot be credited as endogenously discharged. Under empty _ endo and the complete classifier, the no-generator wrapper then leaves slack, stressed, or collapsing; binding excludes slack. Its closed-loop premise is retained for statement fidelity but is not used by the current Lean proof."
E2,Bounded Reflexivity,A — Laws of Endogeny,theorem,theorem,P030,papers/Tsiokos_2026_Six_Birds_Foundations_V_Endogenous_Closure_A_Catalog_of_Structural_Laws_for_Living_Cognitive_and_Social_Systems.tex,1145,thm:e2,"A carried self-audit claim whose subject and accepting instrument occupy the same level and which has no level-shift bridge is not accepted. For an audited repair claim with the supplied complete stack, non-saturation, FIII extension, and fresh-bridge certificates, the formal wrapper returns a linked fresh or rotating level; none is final. Its trigger premise is retained for statement fidelity rather than used to construct that level in the current Lean proof. Every finite tower whose declared capacity-measure record supplies the carrier-subset and disjoint-footprint algebra satisfies _ k<n c_k≤cap(Z). Consequently a finite E-system's self-model is scoped, non-final, and capacity-bounded; audit depth is a carried allocation problem."
E3,Self-Maintaining Reclosure,A — Laws of Endogeny,theorem,theorem,P030,papers/Tsiokos_2026_Six_Birds_Foundations_V_Endogenous_Closure_A_Catalog_of_Structural_Laws_for_Living_Cognitive_and_Social_Systems.tex,1290,thm:e3,"Persistence of an endogenous package has two separately typed stability conditions. In challenge-free operation they have the form E_t^2 E_t _ object-level closure , _ t+1 = m(z_t), d_ app ( _ t+1 , _t)≤ _ carried apparatus reinstatement and stability . Under challenge, the apparatus clause is replaced by a linked E1-style repair step. The formal maintained-closure wrapper takes a supplied carried status occurrence already tagged maintained\_closure, exact operator/reinstatement links, the maintained step, empty maintenance obstruction, no subsidy, and conditional regress-stop evidence; it packages the two-level certificate and maintained status. A complete classifier separately partitions that case from crystal-grade, subsidized, and decaying closure. The crystal-grade branch additionally requires object coherence, no accounting maintenance operator or reinstatement occurrence, no external reinstatement witness, stability, and no decay. Under persistent apparatus perturbation, a certified ablation of m and separating measured curves expose apparatus decay before the possibly slower decay of the existing object."
E4,Repair Compilation,A — Laws of Endogeny,theorem,theorem,P030,papers/Tsiokos_2026_Six_Birds_Foundations_V_Endogenous_Closure_A_Catalog_of_Structural_Laws_for_Living_Cognitive_and_Social_Systems.tex,1454,thm:e4,"A lawful compilation candidate R≤adsto K_ ^ compiled requires a certified top-down channel, a passing memory-only comparator, saturation strictness, and a carried annotation or decompilation record. The compiled case additionally carries independent descent and post-compilation silence certificates. Within the trained class those certificates remove the per-episode repair demand: (Q_ ^ compiled ,F_ C ,r)= . Outside that class, a compiled gate can create split-pair obstructions that defeat descent on a supplied witness. The formal theorem makes no counterfactual claim that the formerly exposed repair would have statused or avoided them. Compilation may therefore trade recurrent audit cost for scope-dependent brittleness when the declared out-of-class witness is present."
E5,Reclosure Collapse,A — Laws of Endogeny,theorem,theorem,P030,papers/Tsiokos_2026_Six_Birds_Foundations_V_Endogenous_Closure_A_Catalog_of_Structural_Laws_for_Living_Cognitive_and_Social_Systems.tex,1602,thm:e5,"An E-system is collapsed relative to C exactly when no move in the complete admissible carried inventory restores viability descent. It is irreversibly collapsed when, in addition, the repair generator is unreachable, the apparatus-level viability kernel is empty, and the reachability/kernel grades are certified coherent. An exhibited in-budget carried rescue move constructively falsifies collapse. A fully linked external repair in the absence of an in-budget descending internal rescue is classified as subsidy rather than self-maintenance, subject to the status priority; withdrawal of that subsidy may change status discontinuously."
E6,Attention,B — Priced Access and Control,theorem,theorem,P030,papers/Tsiokos_2026_Six_Birds_Foundations_V_Endogenous_Closure_A_Catalog_of_Structural_Laws_for_Living_Cognitive_and_Social_Systems.tex,1760,thm:e6,"For a finite convex access host with positive costs, a supplied KKT witness, a binding exposure budget, and genuine scarcity, the certified optimal allocation has _ exp >0 : selected probes equalize marginal residual discharge per marginal cost at _ exp , while unselected probes do no better. Under slack, _ exp =0 ."
E7,Alarm,B — Priced Access and Control,theorem,theorem,P030,papers/Tsiokos_2026_Six_Birds_Foundations_V_Endogenous_Closure_A_Catalog_of_Structural_Laws_for_Living_Cognitive_and_Social_Systems.tex,1908,thm:e7,"Under a same-claim, branch-valid, kind-unique disposition package, a viability-coupled positive-excess witness has exactly one lawful disposition: (i) currentization by a carried preemptive exposure rewrite; (ii) statused boundary nonclosure when the viability probe fails to descend; or (iii) lawful discount when audit shows artifact, currentizability, out-of-horizon scope, or dissolved coupling. Currentization is an alarm only when the constraint set changes; winning inside the old E6 policy is ordinary attention."
E8,Control-Price,B — Priced Access and Control,theorem,theorem,P030,papers/Tsiokos_2026_Six_Birds_Foundations_V_Endogenous_Closure_A_Catalog_of_Structural_Laws_for_Living_Cognitive_and_Social_Systems.tex,2079,thm:e8,"For a declared component claim with linked carried signal, positive-cost KKT witness, and complete control-price status, the component\_lawful case identifies a shadow-price component aligned with _j=- ^* b_j when the envelope derivative exists on the binding set, and passing slack collapse off it. A declared field is lawful only when every constraint has a linked component. A compressed summary a= C( _1, , _k) is lawful exactly when it predicts admissibility or policy-support changes beyond the current external quotient and passes its slack and proxy controls."
E9,Curiosity,B — Priced Access and Control,theorem,theorem,P030,papers/Tsiokos_2026_Six_Birds_Foundations_V_Endogenous_Closure_A_Catalog_of_Structural_Laws_for_Living_Cognitive_and_Social_Systems.tex,2265,thm:e9,"For a finite nonempty candidate inventory that is sound and complete for admissibility, a maximum exists for any supplied rational acquisition discharge divided by supplied cost. In the Xi paper-host specialization set the discharge equal to the conditional trace contraction and require positive carried costs; the maximizing family then has the form M^*∈ _M tr\!≤ft( K_ DM L K_ MM L ^ K_ MD L ) c(M) subject to the carried viability-risk bound. This existence theorem constructs a maximizing candidate; a carried policy's selected move is optimal only when it also supplies the separate argmax certificate. Under the Xi saturation certificate M=BL and K_ DM L =0 , the candidate has zero strict discharge and cannot count as novelty. Allocation and acquisition are two margins of one access economy and may be compared by their carried marginal discharge per cost."
E10,Cognitive Demarcation,B — Priced Access and Control,theorem,theorem,P030,papers/Tsiokos_2026_Six_Birds_Foundations_V_Endogenous_Closure_A_Catalog_of_Structural_Laws_for_Living_Cognitive_and_Social_Systems.tex,2429,thm:e10,"Positive cognitive-package evidence is exactly repair descent, certified difference-making, and carried provenance for the same package/class claim. Under a complete status record, the package receives cognitive status only when that positive evidence is present and all six higher-priority raw evidence predicates are absent. A theorist-decodable package lacking difference-making is a correlate; absent carried provenance supplies scaffolding evidence. Neither receives cognitive status from readability alone."
E11,Institutional Rewrite,"C — Stack Rewrite, Individuation, and Repair Transport",theorem,theorem,P030,papers/Tsiokos_2026_Six_Birds_Foundations_V_Endogenous_Closure_A_Catalog_of_Structural_Laws_for_Living_Cognitive_and_Social_Systems.tex,2724,thm:e11,"The upper package has structural rewrite evidence when a certified top-down channel links its interventions to supp K_ ^ _i K_ ^ _j E_ ^ _i E_ ^ _j . It is stack\_active when, in addition, _ stack = and no constitutive evidence exists for the comparison; it is constitutive when a separate E4-shaped compilation certificate shows that the rewrite has entered ordinary lower support. Parameter conditioning on unchanged support is not structural rewrite, and static labels whose effects wash out are inert."
E12,Individuation,"C — Stack Rewrite, Individuation, and Repair Transport",theorem,theorem,P030,papers/Tsiokos_2026_Six_Birds_Foundations_V_Endogenous_Closure_A_Catalog_of_Structural_Laws_for_Living_Cognitive_and_Social_Systems.tex,2972,thm:e12,"Given CompleteIndividuationStatus, exactly one of the six statuses below holds for a declared candidate. The positive content stored in its IntegratedCase is maximality under the joint closure conditions Repair(I)&⊂eq I, & Budget(I)&⊂eq I,\\ Record(I)&⊂eq I, & B(I)& is viability-sufficient and self-maintained. and no distinct overlapping maximal candidate exists. The boundary is the coarsest admitted interface quotient through which all declared viability probes descend. A coarser boundary is falsified by a split pair; a strictly larger jointly closed candidate falsifies maximality. Overlapping maximal candidates are classified as federated rather than forced into a false partition. The named E12\_Individuation theorem packages a supplied carried branch case; the exactly-one conclusion is E12\_StatusPartition, not a construction of these witnesses from raw carrier data."
E13,Repair Transport,"C — Stack Rewrite, Individuation, and Repair Transport",theorem,theorem,P030,papers/Tsiokos_2026_Six_Birds_Foundations_V_Endogenous_Closure_A_Catalog_of_Structural_Laws_for_Living_Cognitive_and_Social_Systems.tex,3288,thm:e13,"Four related positive evidence forms hold. Communication evidence requires s to induce a paid, interface-mediated, role-preserving carried receiver repair with strict same-class delta reduction. Teaching evidence adds repairs sourced from B 's own committed state in an A -absent capacity test. Coercion null is certified when the interaction is fully forced, the complete free-response census is empty, no B -committed transported repair exists, and the before/after obstruction is unchanged. Force and census emptiness alone do not derive the latter two facts. Symbolic-repair evidence requires the token to reactivate a carried, role-preserving, saturation-strict R across a declared family whose context list has at least two entries. The formal family has no no-duplicate field, so distinct contexts are not certified. Under the complete priority classifier, the corresponding status also negates every higher raw evidence predicate: communicated excludes coercion-null, symbolic, and taught evidence; taught excludes coercion-null and symbolic evidence; symbolic excludes coercion-null evidence. The four named Lean theorems package supplied full cases; they do not derive status from the positive structure alone."
E14,Reconsolidation,D — Carried Memory and Adaptive Capacity,theorem,theorem,P030,papers/Tsiokos_2026_Six_Birds_Foundations_V_Endogenous_Closure_A_Catalog_of_Structural_Laws_for_Living_Cognitive_and_Social_Systems.tex,3718,thm:e14,"For a carried retrieval conflict with F9 coverage, after provenance defect, silent rewrite, ordinary-read, outcome-collision, and unrealized-disposition evidence have been excluded, exactly one lawful substantive disposition occurs: &InstallsRecordJoin(m_t,R_c,m_ t+1 ), &&or\\ &Refines(q^-,q^+) \ \ x,x':\ q^+(x)=q^+(x') q^-(x) q^-(x'), &&or\\ &m_ t+1 =m_t with a statused residual charged to _S. The first is record repair, the second a strict loss of a distinction no longer supportable under the declared futures, and the third retained debt. A same-identity, same-claim record with changed value is an unlawful silent rewrite only when no lawful reconsolidation outcome exists, no typed F9 disposition exists, and the complete mutation-provenance inventory is empty."
E15,Offline Reclosure,D — Carried Memory and Adaptive Capacity,theorem,theorem,P030,papers/Tsiokos_2026_Six_Birds_Foundations_V_Endogenous_Closure_A_Catalog_of_Structural_Laws_for_Living_Cognitive_and_Social_Systems.tex,3996,thm:e15,"Given complete carried debt, phase-flow, budget, and status records, exactly one E15 status in holds. The alternation\_required case verifies strict online deficit and a recurrent lawful offline substrate: external exchange is gated to zero, the exact freed allocation is assigned to internal transport or repackaging, and linked debt discharge occurs during each credited phase. It additionally carries a duty-cycle prediction, a tolerance declared before the horizon, and d_ obs -d_ pred within that tolerance. If a≤ _ on , the claim lies outside the strict-deficit necessity argument; formal no-requirement follows only from a supplied complete OnlineSufficientCase, not from that scalar inequality alone. The status named skipped\_offline\_cascade is an all-online strict-deficit, debt-growth cascade with timed E7 alarm and later E5-stressed observations; it does not itself prove that a separately scheduled offline phase was skipped."
E16,Adaptability,D — Carried Memory and Adaptive Capacity,theorem,theorem,P030,papers/Tsiokos_2026_Six_Birds_Foundations_V_Endogenous_Closure_A_Catalog_of_Structural_Laws_for_Living_Cognitive_and_Social_Systems.tex,4547,thm:e16,"An E-system exhibits coherent adaptability exactly when the two routes are currently indistinguishable but leave a claim-linked difference in held-out repair-capacity distributions that survives all declared controls and is not already an outstanding E15 residue. Such a record has two consequences: the endpoints satisfy the exact CurrentEventEquiv relation; and the exact claim-linked records report unequal future repair probabilities despite matched current endpoints. A currentizable residue is legible slack, not adaptability; a residue erased by lawful continuation is dissipative memory; an equal claim-linked pair is flat."
