order,law_id,kind,axis,intended_status,source_file
1,D1,definition,definitional,mechanize_now,THEOREMS.md
2,D2,definition,definitional,mechanize_now,THEOREMS.md
3,D3,definition,definitional,mechanize_now,THEOREMS.md
4,D4,definition,definitional,mechanize_now,THEOREMS.md
5,D5,definition,definitional,mechanize_now,THEOREMS.md
6,D6,definition,definitional,mechanize_now,THEOREMS.md
7,E6+E9,law_bundle,B,mechanize_now,THEOREMS.md
8,E7,law,B,mechanize_now,THEOREMS.md
9,E1,law,A,mechanize_now,THEOREMS.md
10,E2,law,A,mechanize_now,THEOREMS.md
11,E3,law,A,mechanize_now,THEOREMS.md
12,E11,law,C,mechanize_now,THEOREMS.md
13,E12,law,C,mechanize_now,THEOREMS.md
14,E4,law,A,mechanize_now,THEOREMS.md
15,E5,law,A,mechanize_now,THEOREMS.md
16,E8,law,B,mechanize_now,THEOREMS.md
17,E13,law,C,mechanize_now,THEOREMS.md
18,E10,law,B,unformalized,THEOREMS.md
19,E14,law,D,mechanize_now,THEOREMS.md
20,E15,law,D,mechanize_now,THEOREMS.md
21,E16,law,D,unformalized,THEOREMS.md
