target_id,candidate_ids,prior_declaration,layer,module,file,line,kind,declared_name,namespace,fully_qualified_name
FT01,"[""VII-C001"", ""VII-C002"", ""VII-C022""]",SixBirds.ClaimRecord,UNCLASSIFIED,SixBirds.Admissibility,formalization/foundations_vi_scaffold/lean/vendor/foundations/six-birds-foundations-ii/lean/full/SixBirds/Admissibility.lean,5,structure,ClaimRecord,SixBirds,SixBirds.ClaimRecord
FT01,"[""VII-C001"", ""VII-C002"", ""VII-C022""]",SixBirdsFoundationsV.AccessPolicy,FOUNDATIONS_V,SixBirdsFoundationsV.Laws.E6E9PricedAccess,formalization/foundations_v_scaffold/lean/SixBirdsFoundationsV/Laws/E6E9PricedAccess.lean,239,structure,AccessPolicy,SixBirdsFoundationsV,SixBirdsFoundationsV.AccessPolicy
FT02,"[""VII-C001"", ""VII-C002"", ""VII-C021""]",SixBirdsFoundationsV.RepairGeneratorReachabilityRecord,FOUNDATIONS_V,SixBirdsFoundationsV.Laws.E5ReclosureCollapse,formalization/foundations_v_scaffold/lean/SixBirdsFoundationsV/Laws/E5ReclosureCollapse.lean,100,structure,RepairGeneratorReachabilityRecord,SixBirdsFoundationsV,SixBirdsFoundationsV.RepairGeneratorReachabilityRecord
FT02,"[""VII-C001"", ""VII-C002"", ""VII-C021""]",SixBirdsFoundationsV.RepairGeneratorReachabilityCertified,FOUNDATIONS_V,SixBirdsFoundationsV.Laws.E5ReclosureCollapse,formalization/foundations_v_scaffold/lean/SixBirdsFoundationsV/Laws/E5ReclosureCollapse.lean,966,structure,RepairGeneratorReachabilityCertified,SixBirdsFoundationsV,SixBirdsFoundationsV.RepairGeneratorReachabilityCertified
FT03,"[""VII-C003"", ""VII-C035""]",SixBirdsFoundationsV.NoReachableRepairGenerator,FOUNDATIONS_V,SixBirdsFoundationsV.Laws.E1Internalization,formalization/foundations_v_scaffold/lean/SixBirdsFoundationsV/Laws/E1Internalization.lean,365,def,NoReachableRepairGenerator,SixBirdsFoundationsV,SixBirdsFoundationsV.NoReachableRepairGenerator
FT04,"[""VII-C004"", ""VII-C006""]",SixBirdsFoundationsV.SharedBudgetAllocationRecord,FOUNDATIONS_V,SixBirdsFoundationsV.Laws.E15OfflineReclosure,formalization/foundations_v_scaffold/lean/SixBirdsFoundationsV/Laws/E15OfflineReclosure.lean,93,structure,SharedBudgetAllocationRecord,SixBirdsFoundationsV,SixBirdsFoundationsV.SharedBudgetAllocationRecord
FT05,"[""VII-C004"", ""VII-C005"", ""VII-C010"", ""VII-C016"", ""VII-C020""]",SixBirdsFoundationsV.CarriedSource,FOUNDATIONS_V,SixBirdsFoundationsV.Definitional.CarriedRecord,formalization/foundations_v_scaffold/lean/SixBirdsFoundationsV/Definitional/CarriedRecord.lean,26,def,CarriedSource,SixBirdsFoundationsV,SixBirdsFoundationsV.CarriedSource
FT05,"[""VII-C004"", ""VII-C005"", ""VII-C010"", ""VII-C016"", ""VII-C020""]",SixBirdsFoundationsV.TransportTokenRecord,FOUNDATIONS_V,SixBirdsFoundationsV.Laws.E13RepairTransport,formalization/foundations_v_scaffold/lean/SixBirdsFoundationsV/Laws/E13RepairTransport.lean,59,structure,TransportTokenRecord,SixBirdsFoundationsV,SixBirdsFoundationsV.TransportTokenRecord
FT06,"[""VII-C007"", ""VII-C016""]",SixBirdsIII.InstrumentClaimRecord,FOUNDATIONS_III,SixBirdsIII.InstrumentClaims,formalization/foundations_vi_scaffold/lean/vendor/foundations/six-birds-foundations-iii/lean/full/SixBirdsIII/InstrumentClaims.lean,5,structure,InstrumentClaimRecord,SixBirdsIII,SixBirdsIII.InstrumentClaimRecord
FT07,"[""VII-C007"", ""VII-C009"", ""VII-C026"", ""VII-C030""]",SixBirdsFoundationsV.repairJoin,FOUNDATIONS_V,SixBirdsFoundationsV.Definitional.RepairJoin,formalization/foundations_v_scaffold/lean/SixBirdsFoundationsV/Definitional/RepairJoin.lean,19,def,repairJoin,SixBirdsFoundationsV,SixBirdsFoundationsV.repairJoin
FT07,"[""VII-C007"", ""VII-C009"", ""VII-C026"", ""VII-C030""]",SixBirdsFoundationsV.join_well_defined,FOUNDATIONS_V,SixBirdsFoundationsV.Definitional.RepairJoin,formalization/foundations_v_scaffold/lean/SixBirdsFoundationsV/Definitional/RepairJoin.lean,42,theorem,join_well_defined,SixBirdsFoundationsV,SixBirdsFoundationsV.join_well_defined
FT08,"[""VII-C009"", ""VII-C035"", ""VII-C036""]",SixBirdsFoundationsV.StrictSelfExtension,FOUNDATIONS_V,SixBirdsFoundationsV.Laws.E1Internalization,formalization/foundations_v_scaffold/lean/SixBirdsFoundationsV/Laws/E1Internalization.lean,198,structure,StrictSelfExtension,SixBirdsFoundationsV,SixBirdsFoundationsV.StrictSelfExtension
FT09,"[""VII-C008"", ""VII-C011"", ""VII-C019"", ""VII-C031""]",SixBirdsFoundationsV.BudgetFeasible,FOUNDATIONS_V,SixBirdsFoundationsV.Laws.E6E9PricedAccess,formalization/foundations_v_scaffold/lean/SixBirdsFoundationsV/Laws/E6E9PricedAccess.lean,67,def,BudgetFeasible,SixBirdsFoundationsV,SixBirdsFoundationsV.BudgetFeasible
FT09,"[""VII-C008"", ""VII-C011"", ""VII-C019"", ""VII-C031""]",SixBirdsFoundationsV.ObstructionStatusRecord,FOUNDATIONS_V,SixBirdsFoundationsV.Laws.E4RepairCompilation,formalization/foundations_v_scaffold/lean/SixBirdsFoundationsV/Laws/E4RepairCompilation.lean,282,structure,ObstructionStatusRecord,SixBirdsFoundationsV,SixBirdsFoundationsV.ObstructionStatusRecord
FT10,"[""VII-C008"", ""VII-C033""]",SixBirdsFoundationsV.E11_NCTDObstruction,FOUNDATIONS_V,SixBirdsFoundationsV.Laws.E11InstitutionalRewrite,formalization/foundations_v_scaffold/lean/SixBirdsFoundationsV/Laws/E11InstitutionalRewrite.lean,966,theorem,E11_NCTDObstruction,SixBirdsFoundationsV,SixBirdsFoundationsV.E11_NCTDObstruction
FT11,"[""VII-C012"", ""VII-C014"", ""VII-C027"", ""VII-C034""]",SixBirdsFoundationsV.RepairGeneratorReachabilityRecord,FOUNDATIONS_V,SixBirdsFoundationsV.Laws.E5ReclosureCollapse,formalization/foundations_v_scaffold/lean/SixBirdsFoundationsV/Laws/E5ReclosureCollapse.lean,100,structure,RepairGeneratorReachabilityRecord,SixBirdsFoundationsV,SixBirdsFoundationsV.RepairGeneratorReachabilityRecord
FT12,"[""VII-C013""]",SixBirdsFoundationsV.NoReachableRepairGeneratorExcludesEndogenousFamily,FOUNDATIONS_V,SixBirdsFoundationsV.Laws.E1Internalization,formalization/foundations_v_scaffold/lean/SixBirdsFoundationsV/Laws/E1Internalization.lean,643,def,NoReachableRepairGeneratorExcludesEndogenousFamily,SixBirdsFoundationsV,SixBirdsFoundationsV.NoReachableRepairGeneratorExcludesEndogenousFamily
FT13,"[""VII-C015"", ""VII-C034""]",SixBirdsIII.descent_square_recovery,FOUNDATIONS_III,SixBirdsIII.HighStructure,formalization/foundations_vi_scaffold/lean/vendor/foundations/six-birds-foundations-iii/lean/full/SixBirdsIII/HighStructure.lean,17,theorem,descent_square_recovery,SixBirdsIII,SixBirdsIII.descent_square_recovery
FT14,"[""VII-C017"", ""VII-C018"", ""VII-C028""]",SixBirdsFoundationsVI.Laws.G8OdometerAbelianization.caseB_confluent_runs_share_final,FOUNDATIONS_V,SixBirdsFoundationsVI.Laws.G8OdometerAbelianization,formalization/foundations_vi_scaffold/lean/SixBirdsFoundationsVI/Laws/G8OdometerAbelianization.lean,737,theorem,caseB_confluent_runs_share_final,SixBirdsFoundationsVI.Laws.G8OdometerAbelianization,SixBirdsFoundationsVI.Laws.G8OdometerAbelianization.caseB_confluent_runs_share_final
FT14,"[""VII-C017"", ""VII-C018"", ""VII-C028""]",SixBirdsFoundationsVI.Laws.G8OdometerAbelianization.caseD_nonconfluent_witness,FOUNDATIONS_V,SixBirdsFoundationsVI.Laws.G8OdometerAbelianization,formalization/foundations_vi_scaffold/lean/SixBirdsFoundationsVI/Laws/G8OdometerAbelianization.lean,884,theorem,caseD_nonconfluent_witness,SixBirdsFoundationsVI.Laws.G8OdometerAbelianization,SixBirdsFoundationsVI.Laws.G8OdometerAbelianization.caseD_nonconfluent_witness
FT15,"[""VII-C017"", ""VII-C027"", ""VII-C032""]",HolonomyMemory.LoopAsymmetry,HOLONOMY_SUPPORT,HolonomyMemory.Asymmetry,formalization/foundations_v_scaffold/lean/vendor/foundations/holonomy-memory/HolonomyMemory/Asymmetry.lean,13,def,LoopAsymmetry,HolonomyMemory,HolonomyMemory.LoopAsymmetry
FT15,"[""VII-C017"", ""VII-C027"", ""VII-C032""]",HolonomyMemory.loopAsymmetry_exhibits_movedPredictive_fixedCurrent,HOLONOMY_SUPPORT,HolonomyMemory.Asymmetry,formalization/foundations_v_scaffold/lean/vendor/foundations/holonomy-memory/HolonomyMemory/Asymmetry.lean,28,theorem,loopAsymmetry_exhibits_movedPredictive_fixedCurrent,HolonomyMemory,HolonomyMemory.loopAsymmetry_exhibits_movedPredictive_fixedCurrent
FT16,"[""VII-C006"", ""VII-C011"", ""VII-C013"", ""VII-C029""]",SixBirdsFoundationsV.BindingExposureBudget,FOUNDATIONS_V,SixBirdsFoundationsV.Laws.E6E9PricedAccess,formalization/foundations_v_scaffold/lean/SixBirdsFoundationsV/Laws/E6E9PricedAccess.lean,81,def,BindingExposureBudget,SixBirdsFoundationsV,SixBirdsFoundationsV.BindingExposureBudget
FT16,"[""VII-C006"", ""VII-C011"", ""VII-C013"", ""VII-C029""]",SixBirdsFoundationsV.PositiveAccessMoveCosts,FOUNDATIONS_V,SixBirdsFoundationsV.Laws.E6E9PricedAccess,formalization/foundations_v_scaffold/lean/SixBirdsFoundationsV/Laws/E6E9PricedAccess.lean,228,def,PositiveAccessMoveCosts,SixBirdsFoundationsV,SixBirdsFoundationsV.PositiveAccessMoveCosts
FT17,"[""VII-C002"", ""VII-C005"", ""VII-C020"", ""VII-C021"", ""VII-C022"", ""VII-C023"", ""VII-C024"", ""VII-C033""]",SixBirds.AdmissibleClaim,UNCLASSIFIED,SixBirds.Admissibility,formalization/foundations_vi_scaffold/lean/vendor/foundations/six-birds-foundations-ii/lean/full/SixBirds/Admissibility.lean,26,def,AdmissibleClaim,SixBirds,SixBirds.AdmissibleClaim
FT17,"[""VII-C002"", ""VII-C005"", ""VII-C020"", ""VII-C021"", ""VII-C022"", ""VII-C023"", ""VII-C024"", ""VII-C033""]",SixBirds.NonclaimRecord,UNCLASSIFIED,SixBirds.Admissibility,formalization/foundations_vi_scaffold/lean/vendor/foundations/six-birds-foundations-ii/lean/full/SixBirds/Admissibility.lean,41,structure,NonclaimRecord,SixBirds,SixBirds.NonclaimRecord
FT18,"[""VII-C003"", ""VII-C035""]",SixBirdsMetaMath.FoundationsIV.Access.NoFreeDistinction.financed_refinement_retains_access,UNCLASSIFIED,SixBirdsMetaMath.FoundationsIV.Access.NoFreeDistinction,formalization/foundations_vi_scaffold/lean/vendor/foundations/six-birds-meta-math/lean/SixBirdsMetaMath/FoundationsIV/Access/NoFreeDistinction.lean,134,theorem,financed_refinement_retains_access,SixBirdsMetaMath.FoundationsIV.Access.NoFreeDistinction,SixBirdsMetaMath.FoundationsIV.Access.NoFreeDistinction.financed_refinement_retains_access
FT19,"[""VII-C015"", ""VII-C030""]",SixBirdsMetaMath.FoundationsIV.StatusRecordsCoherence.ObjectPersistence.persistence_extension_retains_old,UNCLASSIFIED,SixBirdsMetaMath.FoundationsIV.StatusRecordsCoherence.ObjectPersistence,formalization/foundations_vi_scaffold/lean/vendor/foundations/six-birds-meta-math/lean/SixBirdsMetaMath/FoundationsIV/StatusRecordsCoherence/ObjectPersistence.lean,258,theorem,persistence_extension_retains_old,SixBirdsMetaMath.FoundationsIV.StatusRecordsCoherence.ObjectPersistence,SixBirdsMetaMath.FoundationsIV.StatusRecordsCoherence.ObjectPersistence.persistence_extension_retains_old
FT20,"[""VII-C019"", ""VII-C025"", ""VII-C031"", ""VII-C036""]",SixBirdsFoundationsV.ResidualStatusRecord,FOUNDATIONS_V,SixBirdsFoundationsV.Laws.E5ReclosureCollapse,formalization/foundations_v_scaffold/lean/SixBirdsFoundationsV/Laws/E5ReclosureCollapse.lean,84,structure,ResidualStatusRecord,SixBirdsFoundationsV,SixBirdsFoundationsV.ResidualStatusRecord
FT20,"[""VII-C019"", ""VII-C025"", ""VII-C031"", ""VII-C036""]",SixBirdsMetaMath.Xi.Obstruction.blindSpotWitness,XI_SUPPORT,Xi.Obstruction,formalization/foundations_v_scaffold/lean/vendor/foundations/xi/Xi/Obstruction.lean,27,theorem,blindSpotWitness,SixBirdsMetaMath.Xi.Obstruction,SixBirdsMetaMath.Xi.Obstruction.blindSpotWitness
