object_id,name,signature,defined_from,status,irreducibility,candidate_ids,nonclaims
VII-O01,TheoryPackage,"T=(Z,f,Σ_f,E,A) with declared variants and audits",[],INHERITED,Inherited object remains authoritative.,"[""VII-C001"", ""VII-C020"", ""VII-C026""]","[""This record does not replace P1–P6."", ""Primitive status remains reviewable if a later reduction theorem is proved.""]"
VII-O02,InterfaceLens,Typed quotient/readout/instrument interface over a theory package,"[""VII-O01""]",INHERITED,Inherited object remains authoritative.,"[""VII-C001"", ""VII-C022""]","[""This record does not replace P1–P6."", ""Primitive status remains reviewable if a later reduction theorem is proved.""]"
VII-O03,AuditRecord,"Append-only provenance, replay, check, grade, and nonclaim record","[""VII-O01""]",INHERITED,Inherited object remains authoritative.,"[""VII-C020"", ""VII-C024"", ""VII-C015"", ""VII-C017"", ""VII-C023""]","[""This record does not replace P1–P6."", ""Primitive status remains reviewable if a later reduction theorem is proved.""]"
VII-O04,DomainState,"(Expr,Present,Exposed,Recoverable,Admissible,Reachable,Occurrent) at scope/time","[""VII-O01"", ""VII-O02""]",NEW_CANDIDATE,Retained as a candidate primitive/record because the listed operational fields are not jointly recoverable from one inherited object without an adapter theorem.,"[""VII-C001"", ""VII-C002"", ""VII-C021"", ""VII-C036""]","[""This record does not replace P1–P6."", ""Primitive status remains reviewable if a later reduction theorem is proved.""]"
VII-O05,AdmissionTransition,Typed source/guard/cost/effect/audit transition between domain states,"[""VII-O04"", ""VII-O03""]",NEW_CANDIDATE,Retained as a candidate primitive/record because the listed operational fields are not jointly recoverable from one inherited object without an adapter theorem.,"[""VII-C002"", ""VII-C003"", ""VII-C018"", ""VII-C028""]","[""This record does not replace P1–P6."", ""Primitive status remains reviewable if a later reduction theorem is proved.""]"
VII-O06,ProspectiveCommitment,Timestamped preregistered finite-budget future admission condition,"[""VII-O05""]",NEW_CANDIDATE,Retained as a candidate primitive/record because the listed operational fields are not jointly recoverable from one inherited object without an adapter theorem.,"[""VII-C006""]","[""This record does not replace P1–P6."", ""Primitive status remains reviewable if a later reduction theorem is proved.""]"
VII-O07,SourceLedger,Native/bridged/external/endogenous source and ancestry ledger,"[""VII-O03""]",NEW_CANDIDATE,Retained as a candidate primitive/record because the listed operational fields are not jointly recoverable from one inherited object without an adapter theorem.,"[""VII-C004"", ""VII-C005"", ""VII-C010"", ""VII-C035""]","[""This record does not replace P1–P6."", ""Primitive status remains reviewable if a later reduction theorem is proved.""]"
VII-O08,BudgetLedger,"Typed resource, occupancy, cross-cost, residual, and refund ledger","[""VII-O03""]",NEW_CANDIDATE,Retained as a candidate primitive/record because the listed operational fields are not jointly recoverable from one inherited object without an adapter theorem.,"[""VII-C011"", ""VII-C029"", ""VII-C031"", ""VII-C035""]","[""This record does not replace P1–P6."", ""Primitive status remains reviewable if a later reduction theorem is proved.""]"
VII-O09,ContactSurface,Pair of owned interfaces plus admissible crossing relation,"[""VII-O02""]",NEW_CANDIDATE,Retained as a candidate primitive/record because the listed operational fields are not jointly recoverable from one inherited object without an adapter theorem.,"[""VII-C007"", ""VII-C016"", ""VII-C014"", ""VII-C026""]","[""This record does not replace P1–P6."", ""Primitive status remains reviewable if a later reduction theorem is proved.""]"
VII-O10,ContactWitness,Source-typed event showing that a record crossed a contact surface,"[""VII-O09"", ""VII-O03"", ""VII-O07""]",NEW_CANDIDATE,Retained as a candidate primitive/record because the listed operational fields are not jointly recoverable from one inherited object without an adapter theorem.,"[""VII-C007"", ""VII-C016""]","[""This record does not replace P1–P6."", ""Primitive status remains reviewable if a later reduction theorem is proved.""]"
VII-O11,InteractionRecord,"Parents, contact, transitions, ledgers, status, and audit","[""VII-O10"", ""VII-O08""]",NEW_CANDIDATE,Retained as a candidate primitive/record because the listed operational fields are not jointly recoverable from one inherited object without an adapter theorem.,"[""VII-C007"", ""VII-C025"", ""VII-C017"", ""VII-C018"", ""VII-C028"", ""VII-C031"", ""VII-C032""]","[""This record does not replace P1–P6."", ""Primitive status remains reviewable if a later reduction theorem is proved.""]"
VII-O12,JoinCandidate,Interaction record plus candidate composite and comparison baseline,"[""VII-O11""]",NEW_CANDIDATE,Retained as a candidate primitive/record because the listed operational fields are not jointly recoverable from one inherited object without an adapter theorem.,"[""VII-C008"", ""VII-C009"", ""VII-C026"", ""VII-C028"", ""VII-C035""]","[""This record does not replace P1–P6."", ""Primitive status remains reviewable if a later reduction theorem is proved.""]"
VII-O13,JoinCertificate,"Objecthood, retention, source, budget, and strictness witnesses","[""VII-O12""]",NEW_CANDIDATE,Retained as a candidate primitive/record because the listed operational fields are not jointly recoverable from one inherited object without an adapter theorem.,"[""VII-C009"", ""VII-C030"", ""VII-C036""]","[""This record does not replace P1–P6."", ""Primitive status remains reviewable if a later reduction theorem is proved.""]"
VII-O14,JoinObstruction,Typed source/compatibility/gluing/retention/novelty/budget/time failure witness,"[""VII-O12""]",NEW_CANDIDATE,Retained as a candidate primitive/record because the listed operational fields are not jointly recoverable from one inherited object without an adapter theorem.,"[""VII-C008"", ""VII-C019"", ""VII-C036""]","[""This record does not replace P1–P6."", ""Primitive status remains reviewable if a later reduction theorem is proved.""]"
VII-O15,NonInteractionCertificate,Coverage- and power-qualified negative interaction record,"[""VII-O11"", ""VII-O14""]",NEW_CANDIDATE,Retained as a candidate primitive/record because the listed operational fields are not jointly recoverable from one inherited object without an adapter theorem.,"[""VII-C033"", ""VII-C023""]","[""This record does not replace P1–P6."", ""Primitive status remains reviewable if a later reduction theorem is proved.""]"
VII-O16,EnablementRecord,"Enabled operation, source, execution, target effect, budget, and attribution","[""VII-O05"", ""VII-O07"", ""VII-O08""]",NEW_CANDIDATE,Retained as a candidate primitive/record because the listed operational fields are not jointly recoverable from one inherited object without an adapter theorem.,"[""VII-C012"", ""VII-C013"", ""VII-C034"", ""VII-C014"", ""VII-C015"", ""VII-C027""]","[""This record does not replace P1–P6."", ""Primitive status remains reviewable if a later reduction theorem is proved.""]"
VII-O17,ReachabilityWitness,"Finite executable path with guards, resources, and state trace","[""VII-O04"", ""VII-O05""]",NEW_CANDIDATE,Retained as a candidate primitive/record because the listed operational fields are not jointly recoverable from one inherited object without an adapter theorem.,"[""VII-C002"", ""VII-C021""]","[""This record does not replace P1–P6."", ""Primitive status remains reviewable if a later reduction theorem is proved.""]"
VII-O18,ObserverOccupancyRecord,"Observer/instrument source, visibility, capacity occupancy, and cost","[""VII-O07"", ""VII-O08""]",NEW_CANDIDATE,Retained as a candidate primitive/record because the listed operational fields are not jointly recoverable from one inherited object without an adapter theorem.,"[""VII-C011"", ""VII-C029""]","[""This record does not replace P1–P6."", ""Primitive status remains reviewable if a later reduction theorem is proved.""]"
