scenario_id,name,flags,expected_status,assertions,candidate_ids,falsifier
TTW-S01,Closed bootstrap with no seed,"{""generator_reachable"": false, ""seed"": false}",BOOTSTRAP_BLOCKED,"{""first_extension"": false}","[""VII-C003"", ""VII-C025"", ""VII-C035""]",Reference evaluator status or any declared assertion differs from the frozen expectation.
TTW-S02,External neutral seed enables first extension,"{""fired"": true, ""generator_reachable"": true, ""neutral_seed"": true, ""reachable"": true, ""seed"": true}",LAWFUL_FIRST_EXTENSION,"{""endogenous"": false, ""first_extension"": true}","[""VII-C003"", ""VII-C004"", ""VII-C012"", ""VII-C013"", ""VII-C025""]",Reference evaluator status or any declared assertion differs from the frozen expectation.
TTW-S03,Prospective commitment admits later evidence,"{""fired"": true, ""prospective"": true, ""reachable"": true, ""seed"": true}",PROSPECTIVE_ADMISSION,"{""prospective_credit"": true}","[""VII-C006"", ""VII-C025"", ""VII-C034""]",Reference evaluator status or any declared assertion differs from the frozen expectation.
TTW-S04,Retrospective self-certifying prediction,"{""fired"": true, ""reachable"": true, ""retrospective"": true}",RETROSPECTIVE_SELF_CERTIFICATION_REJECTED,"{""prospective_credit"": false}","[""VII-C006"", ""VII-C025""]",Reference evaluator status or any declared assertion differs from the frozen expectation.
TTW-S05,Same-source resemblance pseudo-join,"{""composite"": true, ""contact"": true, ""resemblance_only"": true, ""same_source"": true}",INDEPENDENCE_GATE_FAILED,"{""strict_join"": false}","[""VII-C004"", ""VII-C005"", ""VII-C010"", ""VII-C025""]",Reference evaluator status or any declared assertion differs from the frozen expectation.
TTW-S06,Witnessed contact without composite,"{""composite"": false, ""contact"": true}",CONTACT_WITHOUT_JOIN,"{""contact"": true, ""strict_join"": false}","[""VII-C007"", ""VII-C008"", ""VII-C014"", ""VII-C016"", ""VII-C025""]",Reference evaluator status or any declared assertion differs from the frozen expectation.
TTW-S07,Common refinement without anti-product novelty,"{""anti_product"": false, ""common_refinement"": true, ""composite"": true, ""contact"": true, ""retention"": true}",COMMON_REFINEMENT_NONSTRICT,"{""strict_join"": false}","[""VII-C008"", ""VII-C009"", ""VII-C025"", ""VII-C026""]",Reference evaluator status or any declared assertion differs from the frozen expectation.
TTW-S08,Certificate-bearing strict join,"{""anti_product"": true, ""budget_ok"": true, ""composite"": true, ""contact"": true, ""retention"": true, ""source_independent"": true}",STRICT_JOIN,"{""strict_join"": true}","[""VII-C007"", ""VII-C008"", ""VII-C009"", ""VII-C014"", ""VII-C025"", ""VII-C026"", ""VII-C031"", ""VII-C036""]",Reference evaluator status or any declared assertion differs from the frozen expectation.
TTW-S09,Composite erases one parent,"{""anti_product"": true, ""budget_ok"": true, ""composite"": true, ""contact"": true, ""retention"": false, ""source_independent"": true}",RETENTION_OBSTRUCTION,"{""strict_join"": false}","[""VII-C025"", ""VII-C030""]",Reference evaluator status or any declared assertion differs from the frozen expectation.
TTW-S10,Positive-cost join without budget,"{""anti_product"": true, ""budget_ok"": false, ""composite"": true, ""contact"": true, ""retention"": true, ""source_independent"": true}",BUDGET_OBSTRUCTION,"{""strict_join"": false}","[""VII-C008"", ""VII-C011"", ""VII-C019"", ""VII-C025"", ""VII-C031"", ""VII-C035""]",Reference evaluator status or any declared assertion differs from the frozen expectation.
TTW-S11,Independent behavior without source independence,"{""anti_product"": true, ""budget_ok"": true, ""composite"": true, ""contact"": true, ""retention"": true, ""source_independent"": false}",SOURCE_OBSTRUCTION,"{""strict_join"": false}","[""VII-C010"", ""VII-C025""]",Reference evaluator status or any declared assertion differs from the frozen expectation.
TTW-S12,Compatible interfaces but no witnessed contact,"{""closed_family"": false, ""compatible"": true, ""contact"": false}",NO_EVIDENCED_CONTACT,"{""contact"": false}","[""VII-C007"", ""VII-C016"", ""VII-C020"", ""VII-C024"", ""VII-C025"", ""VII-C028"", ""VII-C029"", ""VII-C033""]",Reference evaluator status or any declared assertion differs from the frozen expectation.
TTW-S13,Coverage-qualified certified non-interaction,"{""closed_family"": true, ""compatible"": true, ""contact"": false, ""detector_power"": true}",CERTIFIED_NONINTERACTION,"{""certified_noninteraction"": true}","[""VII-C008"", ""VII-C023"", ""VII-C025"", ""VII-C033""]",Reference evaluator status or any declared assertion differs from the frozen expectation.
TTW-S14,Scheduling artifact masquerades as novelty,"{""composite"": true, ""contact"": true, ""scheduling_only"": true}",FAKE_JOIN_SCHEDULING,"{""strict_join"": false}","[""VII-C025""]",Reference evaluator status or any declared assertion differs from the frozen expectation.
TTW-S15,Relabeling masquerades as novelty,"{""composite"": true, ""contact"": true, ""relabel_only"": true}",FAKE_JOIN_RELABELING,"{""strict_join"": false}","[""VII-C009"", ""VII-C022"", ""VII-C025"", ""VII-C035""]",Reference evaluator status or any declared assertion differs from the frozen expectation.
TTW-S16,Three-theory order residue,"{""contact"": true, ""drive"": false, ""holonomy"": true, ""order_residue"": true}",ORDER_RESIDUE,"{""holonomy"": true}","[""VII-C015"", ""VII-C017"", ""VII-C018"", ""VII-C025"", ""VII-C027"", ""VII-C028""]",Reference evaluator status or any declared assertion differs from the frozen expectation.
TTW-S17,Holonomy with zero arrow,"{""contact"": true, ""drive"": false, ""holonomy"": true}",HOLONOMY_ZERO_ARROW,"{""directionality"": false}","[""VII-C017"", ""VII-C025"", ""VII-C027"", ""VII-C032""]",Reference evaluator status or any declared assertion differs from the frozen expectation.
TTW-S18,Driven arrow control,"{""contact"": true, ""drive"": true, ""holonomy"": true}",DRIVEN_ARROW,"{""directionality"": true}","[""VII-C017"", ""VII-C025"", ""VII-C032""]",Reference evaluator status or any declared assertion differs from the frozen expectation.
TTW-S19,Sound rule that is unreachable,"{""reachable"": false, ""sound"": true}",SOUND_UNREACHABLE,"{""occurred"": false, ""reachable"": false}","[""VII-C001"", ""VII-C002"", ""VII-C021"", ""VII-C022"", ""VII-C023"", ""VII-C025""]",Reference evaluator status or any declared assertion differs from the frozen expectation.
TTW-S20,Reachable admission that does not occur,"{""fired"": false, ""reachable"": true, ""sound"": true}",REACHABLE_NONOCCURRENT,"{""occurred"": false, ""reachable"": true}","[""VII-C001"", ""VII-C002"", ""VII-C021"", ""VII-C025""]",Reference evaluator status or any declared assertion differs from the frozen expectation.
TTW-S21,Reachable and occurrent admission,"{""fired"": true, ""reachable"": true, ""sound"": true}",OCCURRENT_EVENT,"{""occurred"": true}","[""VII-C001"", ""VII-C002"", ""VII-C012"", ""VII-C021"", ""VII-C025"", ""VII-C034""]",Reference evaluator status or any declared assertion differs from the frozen expectation.
TTW-S22,Unpriced observer occupancy,"{""fired"": true, ""observer_priced"": false, ""observer_used"": true, ""reachable"": true}",UNPRICED_OBSERVER,"{""endogenous"": false}","[""VII-C011"", ""VII-C012"", ""VII-C013"", ""VII-C025"", ""VII-C029""]",Reference evaluator status or any declared assertion differs from the frozen expectation.
TTW-S23,Total-lens theorem applied to partial domain,"{""partial_domain"": true, ""total_lens_only"": true}",UNLICENSED_TOTALITY_TRANSFER,"{""bridge_valid"": false}","[""VII-C005"", ""VII-C020"", ""VII-C024"", ""VII-C025""]",Reference evaluator status or any declared assertion differs from the frozen expectation.
TTW-S24,Parent refinement changes join and residual,"{""contact"": true, ""join_destroyed"": true, ""new_residual"": true, ""parent_refined"": true}",REFINEMENT_DESTROYS_JOIN,"{""new_residual"": true, ""strict_join"": false}","[""VII-C015"", ""VII-C018"", ""VII-C019"", ""VII-C025"", ""VII-C030"", ""VII-C036""]",Reference evaluator status or any declared assertion differs from the frozen expectation.
