adapter_id,added_hypotheses,candidate_ids,final_status,kernel_status,lean_adapter_module,lean_metadata_declaration,lost_hypotheses,preserved_hypotheses,source_declaration,source_declaration_found,source_file,source_kind,source_line,source_module,source_sha256,status,target_id,target_name,target_type,trust_dependencies
FVII-ADP-01-01,"[""VII-owned source, audit, and disposition fields for Finite access-status data model"",""explicit accepted bridge before semantic reuse""]","[""VII-C001"",""VII-C002"",""VII-C022""]",RETAINED_EXACT_REUSE_CONTRACT,PASS_LOCAL_REPLAY,FoundationsVII.Prior.FT01,FoundationsVII.Prior.adapter_ft01_claimrecord_01,"[""none silently; unmatched inherited fields remain outside the adapter conclusion""]","[""typed claim/access coordinates"",""declared audit scope""]",SixBirds.ClaimRecord,true,formalization/foundations_vi_scaffold/lean/vendor/foundations/six-birds-foundations-ii/lean/full/SixBirds/Admissibility.lean,structure,5,SixBirds.Admissibility,c917c127e2336d53b31c4eb9f7114da87d461879657e93b60d52f9343ca068f1,PHASE1_ADAPTER_REGISTERED_NOT_SEMANTIC_EQUIVALENCE,FT01,Finite access-status data model,FoundationsVII.DomainState / graded access status,"[""exact imported declaration; theorem-level axioms are separately audited""]"
FVII-ADP-01-02,"[""VII-owned source, audit, and disposition fields for Finite access-status data model"",""explicit accepted bridge before semantic reuse""]","[""VII-C001"",""VII-C002"",""VII-C022""]",RETAINED_EXACT_REUSE_CONTRACT,PASS_LOCAL_REPLAY,FoundationsVII.Prior.FT01,FoundationsVII.Prior.adapter_ft01_accesspolicy_02,"[""none silently; unmatched inherited fields remain outside the adapter conclusion""]","[""typed claim/access coordinates"",""declared audit scope""]",SixBirdsFoundationsV.AccessPolicy,true,formalization/foundations_v_scaffold/lean/SixBirdsFoundationsV/Laws/E6E9PricedAccess.lean,structure,239,SixBirdsFoundationsV.Laws.E6E9PricedAccess,aa6aa3b2e1a821e331b5ebdb4308a22bd7ff356188e858a7438d90ccaba1af7b,PHASE1_ADAPTER_REGISTERED_NOT_SEMANTIC_EQUIVALENCE,FT01,Finite access-status data model,FoundationsVII.DomainState / graded access status,"[""exact imported declaration; theorem-level axioms are separately audited""]"
FVII-ADP-02-01,"[""VII-owned source, audit, and disposition fields for Admission reachability graph and occurrence separation"",""explicit accepted bridge before semantic reuse""]","[""VII-C001"",""VII-C002"",""VII-C021""]",RETAINED_EXACT_REUSE_CONTRACT,PASS_LOCAL_REPLAY,FoundationsVII.Prior.FT02,FoundationsVII.Prior.adapter_ft02_repairgeneratorreachabilityrecord_01,"[""none silently; unmatched inherited fields remain outside the adapter conclusion""]","[""explicit reachability record"",""exclusive reachability status""]",SixBirdsFoundationsV.RepairGeneratorReachabilityRecord,true,formalization/foundations_v_scaffold/lean/SixBirdsFoundationsV/Laws/E5ReclosureCollapse.lean,structure,100,SixBirdsFoundationsV.Laws.E5ReclosureCollapse,67ed6efabefee1370e9f0b773ee0b2d2c3aa4e72d3668fe08dc9557f307cb492,PHASE1_ADAPTER_REGISTERED_NOT_SEMANTIC_EQUIVALENCE,FT02,Admission reachability graph and occurrence separation,FoundationsVII.AdmissionTransition / FoundationsVII.ReachabilityWitness,"[""exact imported declaration; theorem-level axioms are separately audited""]"
FVII-ADP-02-02,"[""VII-owned source, audit, and disposition fields for Admission reachability graph and occurrence separation"",""explicit accepted bridge before semantic reuse""]","[""VII-C001"",""VII-C002"",""VII-C021""]",RETAINED_EXACT_REUSE_CONTRACT,PASS_LOCAL_REPLAY,FoundationsVII.Prior.FT02,FoundationsVII.Prior.adapter_ft02_repairgeneratorreachabilitycertified_02,"[""none silently; unmatched inherited fields remain outside the adapter conclusion""]","[""explicit reachability record"",""exclusive reachability status""]",SixBirdsFoundationsV.RepairGeneratorReachabilityCertified,true,formalization/foundations_v_scaffold/lean/SixBirdsFoundationsV/Laws/E5ReclosureCollapse.lean,structure,966,SixBirdsFoundationsV.Laws.E5ReclosureCollapse,67ed6efabefee1370e9f0b773ee0b2d2c3aa4e72d3668fe08dc9557f307cb492,PHASE1_ADAPTER_REGISTERED_NOT_SEMANTIC_EQUIVALENCE,FT02,Admission reachability graph and occurrence separation,FoundationsVII.AdmissionTransition / FoundationsVII.ReachabilityWitness,"[""exact imported declaration; theorem-level axioms are separately audited""]"
FVII-ADP-03-01,"[""VII-owned source, audit, and disposition fields for Bootstrap obstruction"",""explicit accepted bridge before semantic reuse""]","[""VII-C003"",""VII-C035""]",RETAINED_EXACT_REUSE_CONTRACT,PASS_LOCAL_REPLAY,FoundationsVII.Prior.FT03,FoundationsVII.Prior.adapter_ft03_noreachablerepairgenerator_01,"[""none silently; unmatched inherited fields remain outside the adapter conclusion""]","[""declared carrier and horizon"",""absence of reachable repair generator""]",SixBirdsFoundationsV.NoReachableRepairGenerator,true,formalization/foundations_v_scaffold/lean/SixBirdsFoundationsV/Laws/E1Internalization.lean,def,365,SixBirdsFoundationsV.Laws.E1Internalization,b353e91f859dc3af3d05d1b9836a273c92790d0dda0a95f2d6f7a9aa492e5f38,PHASE1_ADAPTER_REGISTERED_NOT_SEMANTIC_EQUIVALENCE,FT03,Bootstrap obstruction,bootstrap obstruction over FoundationsVII.AdmissionTransition,"[""exact imported declaration; theorem-level axioms are separately audited""]"
FVII-ADP-04-01,"[""VII-owned source, audit, and disposition fields for Prospective commitment timestamp/budget record"",""explicit accepted bridge before semantic reuse""]","[""VII-C004"",""VII-C006""]",RETAINED_EXACT_REUSE_CONTRACT,PASS_LOCAL_REPLAY,FoundationsVII.Prior.FT04,FoundationsVII.Prior.adapter_ft04_sharedbudgetallocationrecord_01,"[""none silently; unmatched inherited fields remain outside the adapter conclusion""]","[""declared timestamps and budget allocation"",""source-located allocation record""]",SixBirdsFoundationsV.SharedBudgetAllocationRecord,true,formalization/foundations_v_scaffold/lean/SixBirdsFoundationsV/Laws/E15OfflineReclosure.lean,structure,93,SixBirdsFoundationsV.Laws.E15OfflineReclosure,97cc29971efc329e07bec3b0bb13d1606ce84b86d8e3b4df469bad94b9424692,PHASE1_ADAPTER_REGISTERED_NOT_SEMANTIC_EQUIVALENCE,FT04,Prospective commitment timestamp/budget record,FoundationsVII.ProspectiveCommitment / FoundationsVII.BudgetLedger,"[""exact imported declaration; theorem-level axioms are separately audited""]"
FVII-ADP-05-01,"[""VII-owned source, audit, and disposition fields for Source and bridge ledger"",""explicit accepted bridge before semantic reuse""]","[""VII-C004"",""VII-C005"",""VII-C010"",""VII-C016"",""VII-C020""]",RETAINED_EXACT_REUSE_CONTRACT,PASS_LOCAL_REPLAY,FoundationsVII.Prior.FT05,FoundationsVII.Prior.adapter_ft05_carriedsource_01,"[""none silently; unmatched inherited fields remain outside the adapter conclusion""]","[""fine source tag"",""source/target carrier identity"",""declared transport token""]",SixBirdsFoundationsV.CarriedSource,true,formalization/foundations_v_scaffold/lean/SixBirdsFoundationsV/Definitional/CarriedRecord.lean,def,26,SixBirdsFoundationsV.Definitional.CarriedRecord,6cb3b5a7a2b8a3c1c0e73bcbc3804506e87e10134bb516734fb48fd02534f8f4,PHASE1_ADAPTER_REGISTERED_NOT_SEMANTIC_EQUIVALENCE,FT05,Source and bridge ledger,FoundationsVII.SourceLedger / FoundationsVII.BridgeContract / FoundationsVII.BridgeLedger,"[""exact imported declaration; theorem-level axioms are separately audited""]"
FVII-ADP-05-02,"[""VII-owned source, audit, and disposition fields for Source and bridge ledger"",""explicit accepted bridge before semantic reuse""]","[""VII-C004"",""VII-C005"",""VII-C010"",""VII-C016"",""VII-C020""]",RETAINED_EXACT_REUSE_CONTRACT,PASS_LOCAL_REPLAY,FoundationsVII.Prior.FT05,FoundationsVII.Prior.adapter_ft05_transporttokenrecord_02,"[""none silently; unmatched inherited fields remain outside the adapter conclusion""]","[""fine source tag"",""source/target carrier identity"",""declared transport token""]",SixBirdsFoundationsV.TransportTokenRecord,true,formalization/foundations_v_scaffold/lean/SixBirdsFoundationsV/Laws/E13RepairTransport.lean,structure,59,SixBirdsFoundationsV.Laws.E13RepairTransport,e37013b04dee6854a2f7c620d93bf7cca005e0fd8b4292bc4b965de51a6fee35,PHASE1_ADAPTER_REGISTERED_NOT_SEMANTIC_EQUIVALENCE,FT05,Source and bridge ledger,FoundationsVII.SourceLedger / FoundationsVII.BridgeContract / FoundationsVII.BridgeLedger,"[""exact imported declaration; theorem-level axioms are separately audited""]"
FVII-ADP-06-01,"[""VII-owned source, audit, and disposition fields for Typed contact witness"",""explicit accepted bridge before semantic reuse""]","[""VII-C007"",""VII-C016""]",RETAINED_EXACT_REUSE_CONTRACT,PASS_LOCAL_REPLAY,FoundationsVII.Prior.FT06,FoundationsVII.Prior.adapter_ft06_instrumentclaimrecord_01,"[""none silently; unmatched inherited fields remain outside the adapter conclusion""]","[""typed instrument claim and subject/interface ownership""]",SixBirdsIII.InstrumentClaimRecord,true,formalization/foundations_vi_scaffold/lean/vendor/foundations/six-birds-foundations-iii/lean/full/SixBirdsIII/InstrumentClaims.lean,structure,5,SixBirdsIII.InstrumentClaims,4839a0e0bfb22217484d575f8300f663fecb1726c0a2b0fa33c5f3c8454866ad,PHASE1_ADAPTER_REGISTERED_NOT_SEMANTIC_EQUIVALENCE,FT06,Typed contact witness,FoundationsVII.ContactWitness,"[""exact imported declaration; theorem-level axioms are separately audited""]"
FVII-ADP-07-01,"[""VII-owned source, audit, and disposition fields for Join certificate normal form"",""explicit accepted bridge before semantic reuse""]","[""VII-C007"",""VII-C009"",""VII-C026"",""VII-C030""]",RETAINED_EXACT_REUSE_CONTRACT,PASS_LOCAL_REPLAY,FoundationsVII.Prior.FT07,FoundationsVII.Prior.adapter_ft07_repairjoin_01,"[""none silently; unmatched inherited fields remain outside the adapter conclusion""]","[""declared repair-join inputs"",""well-definedness premises""]",SixBirdsFoundationsV.repairJoin,true,formalization/foundations_v_scaffold/lean/SixBirdsFoundationsV/Definitional/RepairJoin.lean,def,19,SixBirdsFoundationsV.Definitional.RepairJoin,f953da97a07e82920f1079b82eaa520a1cb399d272dcc4d859ba70da3c05cd00,PHASE1_ADAPTER_REGISTERED_NOT_SEMANTIC_EQUIVALENCE,FT07,Join certificate normal form,FoundationsVII.JoinCertificate,"[""exact imported declaration; theorem-level axioms are separately audited""]"
FVII-ADP-07-02,"[""VII-owned source, audit, and disposition fields for Join certificate normal form"",""explicit accepted bridge before semantic reuse""]","[""VII-C007"",""VII-C009"",""VII-C026"",""VII-C030""]",RETAINED_EXACT_REUSE_CONTRACT,PASS_LOCAL_REPLAY,FoundationsVII.Prior.FT07,FoundationsVII.Prior.adapter_ft07_join_well_defined_02,"[""none silently; unmatched inherited fields remain outside the adapter conclusion""]","[""declared repair-join inputs"",""well-definedness premises""]",SixBirdsFoundationsV.join_well_defined,true,formalization/foundations_v_scaffold/lean/SixBirdsFoundationsV/Definitional/RepairJoin.lean,theorem,42,SixBirdsFoundationsV.Definitional.RepairJoin,f953da97a07e82920f1079b82eaa520a1cb399d272dcc4d859ba70da3c05cd00,PHASE1_ADAPTER_REGISTERED_NOT_SEMANTIC_EQUIVALENCE,FT07,Join certificate normal form,FoundationsVII.JoinCertificate,"[""exact imported declaration; theorem-level axioms are separately audited""]"
FVII-ADP-08-01,"[""VII-owned source, audit, and disposition fields for Anti-product/nonfactorization witness"",""explicit accepted bridge before semantic reuse""]","[""VII-C009"",""VII-C035"",""VII-C036""]",RETAINED_EXACT_REUSE_CONTRACT,PASS_LOCAL_REPLAY,FoundationsVII.Prior.FT08,FoundationsVII.Prior.adapter_ft08_strictselfextension_01,"[""none silently; unmatched inherited fields remain outside the adapter conclusion""]","[""strict self-extension/nonfactorization witness""]",SixBirdsFoundationsV.StrictSelfExtension,true,formalization/foundations_v_scaffold/lean/SixBirdsFoundationsV/Laws/E1Internalization.lean,structure,198,SixBirdsFoundationsV.Laws.E1Internalization,b353e91f859dc3af3d05d1b9836a273c92790d0dda0a95f2d6f7a9aa492e5f38,PHASE1_ADAPTER_REGISTERED_NOT_SEMANTIC_EQUIVALENCE,FT08,Anti-product/nonfactorization witness,strictness component of FoundationsVII.JoinCertificate,"[""exact imported declaration; theorem-level axioms are separately audited""]"
FVII-ADP-09-01,"[""VII-owned source, audit, and disposition fields for Join obstruction and budget record"",""explicit accepted bridge before semantic reuse""]","[""VII-C008"",""VII-C011"",""VII-C019"",""VII-C031""]",RETAINED_EXACT_REUSE_CONTRACT,PASS_LOCAL_REPLAY,FoundationsVII.Prior.FT09,FoundationsVII.Prior.adapter_ft09_budgetfeasible_01,"[""none silently; unmatched inherited fields remain outside the adapter conclusion""]","[""budget feasibility premises"",""typed obstruction status""]",SixBirdsFoundationsV.BudgetFeasible,true,formalization/foundations_v_scaffold/lean/SixBirdsFoundationsV/Laws/E6E9PricedAccess.lean,def,67,SixBirdsFoundationsV.Laws.E6E9PricedAccess,aa6aa3b2e1a821e331b5ebdb4308a22bd7ff356188e858a7438d90ccaba1af7b,PHASE1_ADAPTER_REGISTERED_NOT_SEMANTIC_EQUIVALENCE,FT09,Join obstruction and budget record,FoundationsVII.JoinObstruction / FoundationsVII.BudgetLedger,"[""exact imported declaration; theorem-level axioms are separately audited""]"
FVII-ADP-09-02,"[""VII-owned source, audit, and disposition fields for Join obstruction and budget record"",""explicit accepted bridge before semantic reuse""]","[""VII-C008"",""VII-C011"",""VII-C019"",""VII-C031""]",RETAINED_EXACT_REUSE_CONTRACT,PASS_LOCAL_REPLAY,FoundationsVII.Prior.FT09,FoundationsVII.Prior.adapter_ft09_obstructionstatusrecord_02,"[""none silently; unmatched inherited fields remain outside the adapter conclusion""]","[""budget feasibility premises"",""typed obstruction status""]",SixBirdsFoundationsV.ObstructionStatusRecord,true,formalization/foundations_v_scaffold/lean/SixBirdsFoundationsV/Laws/E4RepairCompilation.lean,structure,282,SixBirdsFoundationsV.Laws.E4RepairCompilation,db6289c70522c59c8d8848da1e03bc18884036200f51e7b3ad49c41a44c82ef8,PHASE1_ADAPTER_REGISTERED_NOT_SEMANTIC_EQUIVALENCE,FT09,Join obstruction and budget record,FoundationsVII.JoinObstruction / FoundationsVII.BudgetLedger,"[""exact imported declaration; theorem-level axioms are separately audited""]"
FVII-ADP-10-01,"[""VII-owned source, audit, and disposition fields for Coverage-qualified non-interaction certificate"",""explicit accepted bridge before semantic reuse""]","[""VII-C008"",""VII-C033""]",RETAINED_EXACT_REUSE_CONTRACT,PASS_LOCAL_REPLAY,FoundationsVII.Prior.FT10,FoundationsVII.Prior.adapter_ft10_e11_nctdobstruction_01,"[""none silently; unmatched inherited fields remain outside the adapter conclusion""]","[""the original institutional rewrite hypotheses and covered carrier""]",SixBirdsFoundationsV.E11_NCTDObstruction,true,formalization/foundations_v_scaffold/lean/SixBirdsFoundationsV/Laws/E11InstitutionalRewrite.lean,theorem,966,SixBirdsFoundationsV.Laws.E11InstitutionalRewrite,6016371373a83b37555c2bbc7aa1592a90d5bba05fa7af12197eb84a1161fff4,PHASE1_ADAPTER_REGISTERED_NOT_SEMANTIC_EQUIVALENCE,FT10,Coverage-qualified non-interaction certificate,FoundationsVII.NonInteractionCertificate,"[""exact imported declaration; theorem-level axioms are separately audited""]"
FVII-ADP-11-01,"[""VII-owned source, audit, and disposition fields for Enablement record"",""explicit accepted bridge before semantic reuse""]","[""VII-C012"",""VII-C014"",""VII-C027"",""VII-C034""]",RETAINED_EXACT_REUSE_CONTRACT,PASS_LOCAL_REPLAY,FoundationsVII.Prior.FT11,FoundationsVII.Prior.adapter_ft11_repairgeneratorreachabilityrecord_01,"[""none silently; unmatched inherited fields remain outside the adapter conclusion""]","[""declared reachability record and scope""]",SixBirdsFoundationsV.RepairGeneratorReachabilityRecord,true,formalization/foundations_v_scaffold/lean/SixBirdsFoundationsV/Laws/E5ReclosureCollapse.lean,structure,100,SixBirdsFoundationsV.Laws.E5ReclosureCollapse,67ed6efabefee1370e9f0b773ee0b2d2c3aa4e72d3668fe08dc9557f307cb492,PHASE1_ADAPTER_REGISTERED_NOT_SEMANTIC_EQUIVALENCE,FT11,Enablement record,FoundationsVII.EnablementRecord,"[""exact imported declaration; theorem-level axioms are separately audited""]"
FVII-ADP-12-01,"[""VII-owned source, audit, and disposition fields for Endogenous generator criterion"",""explicit accepted bridge before semantic reuse""]","[""VII-C013""]",RETAINED_EXACT_REUSE_CONTRACT,PASS_LOCAL_REPLAY,FoundationsVII.Prior.FT12,FoundationsVII.Prior.adapter_ft12_noreachablerepairgeneratorexcludesendogenousfamily_01,"[""none silently; unmatched inherited fields remain outside the adapter conclusion""]","[""absence of reachable generator under the inherited criterion""]",SixBirdsFoundationsV.NoReachableRepairGeneratorExcludesEndogenousFamily,true,formalization/foundations_v_scaffold/lean/SixBirdsFoundationsV/Laws/E1Internalization.lean,def,643,SixBirdsFoundationsV.Laws.E1Internalization,b353e91f859dc3af3d05d1b9836a273c92790d0dda0a95f2d6f7a9aa492e5f38,PHASE1_ADAPTER_REGISTERED_NOT_SEMANTIC_EQUIVALENCE,FT12,Endogenous generator criterion,endogenous-source criterion over FoundationsVII.EnablementRecord,"[""exact imported declaration; theorem-level axioms are separately audited""]"
FVII-ADP-13-01,"[""VII-owned source, audit, and disposition fields for Transmission/descent fidelity"",""explicit accepted bridge before semantic reuse""]","[""VII-C015"",""VII-C034""]",RETAINED_EXACT_REUSE_CONTRACT,PASS_LOCAL_REPLAY,FoundationsVII.Prior.FT13,FoundationsVII.Prior.adapter_ft13_descent_square_recovery_01,"[""none silently; unmatched inherited fields remain outside the adapter conclusion""]","[""descent-square maps and recovery premise""]",SixBirdsIII.descent_square_recovery,true,formalization/foundations_vi_scaffold/lean/vendor/foundations/six-birds-foundations-iii/lean/full/SixBirdsIII/HighStructure.lean,theorem,17,SixBirdsIII.HighStructure,f0b4d6cee42cd080fe9a6846d9804f1eed5e7ac349330c89cbf180a75540fdae,PHASE1_ADAPTER_REGISTERED_NOT_SEMANTIC_EQUIVALENCE,FT13,Transmission/descent fidelity,transmission/descent fidelity over FoundationsVII.EnablementRecord,"[""exact imported declaration; theorem-level axioms are separately audited""]"
FVII-ADP-14-01,"[""VII-owned source, audit, and disposition fields for Confluence and critical-pair finite models"",""explicit accepted bridge before semantic reuse""]","[""VII-C017"",""VII-C018"",""VII-C028""]",RETAINED_EXACT_REUSE_CONTRACT,PASS_LOCAL_REPLAY,FoundationsVII.Prior.FT14,FoundationsVII.Prior.adapter_ft14_caseb_confluent_runs_share_final_01,"[""none silently; unmatched inherited fields remain outside the adapter conclusion""]","[""declared finite run system and confluence/nonconfluence hypotheses""]",SixBirdsFoundationsVI.Laws.G8OdometerAbelianization.caseB_confluent_runs_share_final,true,formalization/foundations_vi_scaffold/lean/SixBirdsFoundationsVI/Laws/G8OdometerAbelianization.lean,theorem,737,SixBirdsFoundationsVI.Laws.G8OdometerAbelianization,eae2024d891f90ca7fb140103256c499e5ddc3fb0c5caad4d87eed9f0afd9ec6,PHASE1_ADAPTER_REGISTERED_NOT_SEMANTIC_EQUIVALENCE,FT14,Confluence and critical-pair finite models,finite confluence records over FoundationsVII.InteractionRecord,"[""exact imported declaration; theorem-level axioms are separately audited""]"
FVII-ADP-14-02,"[""VII-owned source, audit, and disposition fields for Confluence and critical-pair finite models"",""explicit accepted bridge before semantic reuse""]","[""VII-C017"",""VII-C018"",""VII-C028""]",RETAINED_EXACT_REUSE_CONTRACT,PASS_LOCAL_REPLAY,FoundationsVII.Prior.FT14,FoundationsVII.Prior.adapter_ft14_cased_nonconfluent_witness_02,"[""none silently; unmatched inherited fields remain outside the adapter conclusion""]","[""declared finite run system and confluence/nonconfluence hypotheses""]",SixBirdsFoundationsVI.Laws.G8OdometerAbelianization.caseD_nonconfluent_witness,true,formalization/foundations_vi_scaffold/lean/SixBirdsFoundationsVI/Laws/G8OdometerAbelianization.lean,theorem,884,SixBirdsFoundationsVI.Laws.G8OdometerAbelianization,eae2024d891f90ca7fb140103256c499e5ddc3fb0c5caad4d87eed9f0afd9ec6,PHASE1_ADAPTER_REGISTERED_NOT_SEMANTIC_EQUIVALENCE,FT14,Confluence and critical-pair finite models,finite confluence records over FoundationsVII.InteractionRecord,"[""exact imported declaration; theorem-level axioms are separately audited""]"
FVII-ADP-15-01,"[""VII-owned source, audit, and disposition fields for Interaction holonomy/arrow separation"",""explicit accepted bridge before semantic reuse""]","[""VII-C017"",""VII-C027"",""VII-C032""]",RETAINED_EXACT_REUSE_CONTRACT,PASS_LOCAL_REPLAY,FoundationsVII.Prior.FT15,FoundationsVII.Prior.adapter_ft15_loopasymmetry_01,"[""none silently; unmatched inherited fields remain outside the adapter conclusion""]","[""loop, quotient, and current/predictive interfaces""]",HolonomyMemory.LoopAsymmetry,true,formalization/foundations_v_scaffold/lean/vendor/foundations/holonomy-memory/HolonomyMemory/Asymmetry.lean,def,13,HolonomyMemory.Asymmetry,d6e5c4e375dee5aa8fada1fb2bee5d6578251626442f7597db6e5638157ebb7b,PHASE1_ADAPTER_REGISTERED_NOT_SEMANTIC_EQUIVALENCE,FT15,Interaction holonomy/arrow separation,holonomy/arrow-separated FoundationsVII.InteractionRecord,"[""exact imported declaration; theorem-level axioms are separately audited""]"
FVII-ADP-15-02,"[""VII-owned source, audit, and disposition fields for Interaction holonomy/arrow separation"",""explicit accepted bridge before semantic reuse""]","[""VII-C017"",""VII-C027"",""VII-C032""]",RETAINED_EXACT_REUSE_CONTRACT,PASS_LOCAL_REPLAY,FoundationsVII.Prior.FT15,FoundationsVII.Prior.adapter_ft15_loopasymmetry_exhibits_movedpredictive_fixedcurrent_02,"[""none silently; unmatched inherited fields remain outside the adapter conclusion""]","[""loop, quotient, and current/predictive interfaces""]",HolonomyMemory.loopAsymmetry_exhibits_movedPredictive_fixedCurrent,true,formalization/foundations_v_scaffold/lean/vendor/foundations/holonomy-memory/HolonomyMemory/Asymmetry.lean,theorem,28,HolonomyMemory.Asymmetry,d6e5c4e375dee5aa8fada1fb2bee5d6578251626442f7597db6e5638157ebb7b,PHASE1_ADAPTER_REGISTERED_NOT_SEMANTIC_EQUIVALENCE,FT15,Interaction holonomy/arrow separation,holonomy/arrow-separated FoundationsVII.InteractionRecord,"[""exact imported declaration; theorem-level axioms are separately audited""]"
FVII-ADP-16-01,"[""VII-owned source, audit, and disposition fields for Budget and observer occupancy"",""explicit accepted bridge before semantic reuse""]","[""VII-C006"",""VII-C011"",""VII-C013"",""VII-C029""]",RETAINED_EXACT_REUSE_CONTRACT,PASS_LOCAL_REPLAY,FoundationsVII.Prior.FT16,FoundationsVII.Prior.adapter_ft16_bindingexposurebudget_01,"[""none silently; unmatched inherited fields remain outside the adapter conclusion""]","[""binding budget/positive-cost premises""]",SixBirdsFoundationsV.BindingExposureBudget,true,formalization/foundations_v_scaffold/lean/SixBirdsFoundationsV/Laws/E6E9PricedAccess.lean,def,81,SixBirdsFoundationsV.Laws.E6E9PricedAccess,aa6aa3b2e1a821e331b5ebdb4308a22bd7ff356188e858a7438d90ccaba1af7b,PHASE1_ADAPTER_REGISTERED_NOT_SEMANTIC_EQUIVALENCE,FT16,Budget and observer occupancy,FoundationsVII.BudgetLedger / FoundationsVII.ObserverOccupancyRecord,"[""exact imported declaration; theorem-level axioms are separately audited""]"
FVII-ADP-16-02,"[""VII-owned source, audit, and disposition fields for Budget and observer occupancy"",""explicit accepted bridge before semantic reuse""]","[""VII-C006"",""VII-C011"",""VII-C013"",""VII-C029""]",RETAINED_EXACT_REUSE_CONTRACT,PASS_LOCAL_REPLAY,FoundationsVII.Prior.FT16,FoundationsVII.Prior.adapter_ft16_positiveaccessmovecosts_02,"[""none silently; unmatched inherited fields remain outside the adapter conclusion""]","[""binding budget/positive-cost premises""]",SixBirdsFoundationsV.PositiveAccessMoveCosts,true,formalization/foundations_v_scaffold/lean/SixBirdsFoundationsV/Laws/E6E9PricedAccess.lean,def,228,SixBirdsFoundationsV.Laws.E6E9PricedAccess,aa6aa3b2e1a821e331b5ebdb4308a22bd7ff356188e858a7438d90ccaba1af7b,PHASE1_ADAPTER_REGISTERED_NOT_SEMANTIC_EQUIVALENCE,FT16,Budget and observer occupancy,FoundationsVII.BudgetLedger / FoundationsVII.ObserverOccupancyRecord,"[""exact imported declaration; theorem-level axioms are separately audited""]"
FVII-ADP-17-01,"[""VII-owned source, audit, and disposition fields for Negative quantifier and claim-grade rules"",""explicit accepted bridge before semantic reuse""]","[""VII-C002"",""VII-C005"",""VII-C020"",""VII-C021"",""VII-C022"",""VII-C023"",""VII-C024"",""VII-C033""]",RETAINED_EXACT_REUSE_CONTRACT,PASS_LOCAL_REPLAY,FoundationsVII.Prior.FT17,FoundationsVII.Prior.adapter_ft17_admissibleclaim_01,"[""none silently; unmatched inherited fields remain outside the adapter conclusion""]","[""claim bookkeeping, grade, and explicit nonclaims""]",SixBirds.AdmissibleClaim,true,formalization/foundations_vi_scaffold/lean/vendor/foundations/six-birds-foundations-ii/lean/full/SixBirds/Admissibility.lean,def,26,SixBirds.Admissibility,c917c127e2336d53b31c4eb9f7114da87d461879657e93b60d52f9343ca068f1,PHASE1_ADAPTER_REGISTERED_NOT_SEMANTIC_EQUIVALENCE,FT17,Negative quantifier and claim-grade rules,FoundationsVII.AuditRecord / GradedClaim / NegativeEvidenceRecord,"[""exact imported declaration; theorem-level axioms are separately audited""]"
FVII-ADP-17-02,"[""VII-owned source, audit, and disposition fields for Negative quantifier and claim-grade rules"",""explicit accepted bridge before semantic reuse""]","[""VII-C002"",""VII-C005"",""VII-C020"",""VII-C021"",""VII-C022"",""VII-C023"",""VII-C024"",""VII-C033""]",RETAINED_EXACT_REUSE_CONTRACT,PASS_LOCAL_REPLAY,FoundationsVII.Prior.FT17,FoundationsVII.Prior.adapter_ft17_nonclaimrecord_02,"[""none silently; unmatched inherited fields remain outside the adapter conclusion""]","[""claim bookkeeping, grade, and explicit nonclaims""]",SixBirds.NonclaimRecord,true,formalization/foundations_vi_scaffold/lean/vendor/foundations/six-birds-foundations-ii/lean/full/SixBirds/Admissibility.lean,structure,41,SixBirds.Admissibility,c917c127e2336d53b31c4eb9f7114da87d461879657e93b60d52f9343ca068f1,PHASE1_ADAPTER_REGISTERED_NOT_SEMANTIC_EQUIVALENCE,FT17,Negative quantifier and claim-grade rules,FoundationsVII.AuditRecord / GradedClaim / NegativeEvidenceRecord,"[""exact imported declaration; theorem-level axioms are separately audited""]"
FVII-ADP-18-01,"[""VII-owned source, audit, and disposition fields for No-free-access/no-free-join lemmas"",""explicit accepted bridge before semantic reuse""]","[""VII-C003"",""VII-C035""]",RETAINED_EXACT_REUSE_CONTRACT,PASS_LOCAL_REPLAY,FoundationsVII.Prior.FT18,FoundationsVII.Prior.adapter_ft18_financed_refinement_retains_access_01,"[""none silently; unmatched inherited fields remain outside the adapter conclusion""]","[""old access retention and financed refinement map""]",SixBirdsMetaMath.FoundationsIV.Access.NoFreeDistinction.financed_refinement_retains_access,true,formalization/foundations_vi_scaffold/lean/vendor/foundations/six-birds-meta-math/lean/SixBirdsMetaMath/FoundationsIV/Access/NoFreeDistinction.lean,theorem,134,SixBirdsMetaMath.FoundationsIV.Access.NoFreeDistinction,b4f43c0e26f4936ca3ecdaaccb0910fd1035a99984eb0e7026dd21453b3a9ce8,PHASE1_ADAPTER_REGISTERED_NOT_SEMANTIC_EQUIVALENCE,FT18,No-free-access/no-free-join lemmas,no-free access/join protocol records,"[""exact imported declaration; theorem-level axioms are separately audited""]"
FVII-ADP-19-01,"[""VII-owned source, audit, and disposition fields for Parent retention and refinement transport"",""explicit accepted bridge before semantic reuse""]","[""VII-C015"",""VII-C030""]",RETAINED_EXACT_REUSE_CONTRACT,PASS_LOCAL_REPLAY,FoundationsVII.Prior.FT19,FoundationsVII.Prior.adapter_ft19_persistence_extension_retains_old_01,"[""none silently; unmatched inherited fields remain outside the adapter conclusion""]","[""old identity and persistence-extension map""]",SixBirdsMetaMath.FoundationsIV.StatusRecordsCoherence.ObjectPersistence.persistence_extension_retains_old,true,formalization/foundations_vi_scaffold/lean/vendor/foundations/six-birds-meta-math/lean/SixBirdsMetaMath/FoundationsIV/StatusRecordsCoherence/ObjectPersistence.lean,theorem,258,SixBirdsMetaMath.FoundationsIV.StatusRecordsCoherence.ObjectPersistence,de812ee87523fcb20635198449195cbafd13992f68ee2783ad254de4966e9053,PHASE1_ADAPTER_REGISTERED_NOT_SEMANTIC_EQUIVALENCE,FT19,Parent retention and refinement transport,retention component of FoundationsVII.JoinCertificate,"[""exact imported declaration; theorem-level axioms are separately audited""]"
FVII-ADP-20-01,"[""VII-owned source, audit, and disposition fields for Residual/needle and finite-world semantics"",""explicit accepted bridge before semantic reuse""]","[""VII-C019"",""VII-C025"",""VII-C031"",""VII-C036""]",RETAINED_EXACT_REUSE_CONTRACT,PASS_LOCAL_REPLAY,FoundationsVII.Prior.FT20,FoundationsVII.Prior.adapter_ft20_residualstatusrecord_01,"[""none silently; unmatched inherited fields remain outside the adapter conclusion""]","[""residual status / adequacy-defect witness and exact carrier""]",SixBirdsFoundationsV.ResidualStatusRecord,true,formalization/foundations_v_scaffold/lean/SixBirdsFoundationsV/Laws/E5ReclosureCollapse.lean,structure,84,SixBirdsFoundationsV.Laws.E5ReclosureCollapse,67ed6efabefee1370e9f0b773ee0b2d2c3aa4e72d3668fe08dc9557f307cb492,PHASE1_ADAPTER_REGISTERED_NOT_SEMANTIC_EQUIVALENCE,FT20,Residual/needle and finite-world semantics,FoundationsVII.JoinObstruction / finite reference-world semantics,"[""exact imported declaration; theorem-level axioms are separately audited""]"
FVII-ADP-20-02,"[""VII-owned source, audit, and disposition fields for Residual/needle and finite-world semantics"",""explicit accepted bridge before semantic reuse""]","[""VII-C019"",""VII-C025"",""VII-C031"",""VII-C036""]",RETAINED_EXACT_REUSE_CONTRACT,PASS_LOCAL_REPLAY,FoundationsVII.Prior.FT20,FoundationsVII.Prior.adapter_ft20_blindspotwitness_02,"[""none silently; unmatched inherited fields remain outside the adapter conclusion""]","[""residual status / adequacy-defect witness and exact carrier""]",SixBirdsMetaMath.Xi.Obstruction.blindSpotWitness,true,formalization/foundations_v_scaffold/lean/vendor/foundations/xi/Xi/Obstruction.lean,theorem,27,Xi.Obstruction,3c47cf1d7bd768a53528af3894e983842a0f11ecd4b29a881d0f7769362012d1,PHASE1_ADAPTER_REGISTERED_NOT_SEMANTIC_EQUIVALENCE,FT20,Residual/needle and finite-world semantics,FoundationsVII.JoinObstruction / finite reference-world semantics,"[""exact imported declaration; theorem-level axioms are separately audited""]"
