direct_imports,module,path,public_declaration_count,public_theorem_count,transitive_import_count
"[""FoundationsVII.Access.Domain"",""FoundationsVII.Access.Transitions"",""FoundationsVII.Access.Replay"",""FoundationsVII.Access.Bootstrap"",""FoundationsVII.Access.Commitment"",""FoundationsVII.Access.Origin"",""FoundationsVII.Access.Reachability"",""FoundationsVII.Access.Observer""]",FoundationsVII.Access.All,formalization/lean/FoundationsVII/Access/All.lean,0,0,20
"[""FoundationsVII.Access.Transitions""]",FoundationsVII.Access.Bootstrap,formalization/lean/FoundationsVII/Access/Bootstrap.lean,21,10,8
"[""FoundationsVII.Access.Bootstrap""]",FoundationsVII.Access.Commitment,formalization/lean/FoundationsVII/Access/Commitment.lean,18,9,9
"[""FoundationsVII.Core.Domain""]",FoundationsVII.Access.Domain,formalization/lean/FoundationsVII/Access/Domain.lean,42,20,3
"[""FoundationsVII.Access.Reachability"",""FoundationsVII.Core.Observer""]",FoundationsVII.Access.Observer,formalization/lean/FoundationsVII/Access/Observer.lean,14,8,18
"[""FoundationsVII.Access.Commitment""]",FoundationsVII.Access.Origin,formalization/lean/FoundationsVII/Access/Origin.lean,19,7,10
"[""FoundationsVII.Access.Origin"",""FoundationsVII.Core.Protocols""]",FoundationsVII.Access.Reachability,formalization/lean/FoundationsVII/Access/Reachability.lean,20,11,17
"[""FoundationsVII.Access.Transitions"",""FoundationsVII.Core.Reachability""]",FoundationsVII.Access.Replay,formalization/lean/FoundationsVII/Access/Replay.lean,11,8,8
"[""FoundationsVII.Access.Domain"",""FoundationsVII.Core.Reachability"",""FoundationsVII.Core.Ledgers""]",FoundationsVII.Access.Transitions,formalization/lean/FoundationsVII/Access/Transitions.lean,24,16,7
"[""FoundationsVII.Core.All"",""FoundationsVII.Prior.All"",""FoundationsVII.Access.All"",""FoundationsVII.Contact.All"",""FoundationsVII.Dynamics.All"",""FoundationsVII.Enablement.All"",""FoundationsVII.Residuals.All"",""FoundationsVII.Join.All"",""FoundationsVII.NoGo.All"",""FoundationsVII.Corollaries.All"",""FoundationsVII.Models.Finite.All"",""FoundationsVII.Release.All""]",FoundationsVII.All,formalization/lean/FoundationsVII/All.lean,0,0,164
"[""FoundationsVII.Contact.Transport""]",FoundationsVII.Contact.All,formalization/lean/FoundationsVII/Contact/All.lean,0,0,15
"[""FoundationsVII.Core.All""]",FoundationsVII.Contact.Transport,formalization/lean/FoundationsVII/Contact/Transport.lean,37,23,14
"[""FoundationsVII.Core.Domain""]",FoundationsVII.Core.Admission,formalization/lean/FoundationsVII/Core/Admission.lean,7,3,3
"[""FoundationsVII.Core.Identifiers"",""FoundationsVII.Core.Grades"",""FoundationsVII.Core.Audit"",""FoundationsVII.Core.Domain"",""FoundationsVII.Core.Admission"",""FoundationsVII.Core.Ledgers"",""FoundationsVII.Core.Contact"",""FoundationsVII.Core.Join"",""FoundationsVII.Core.Enablement"",""FoundationsVII.Core.Reachability"",""FoundationsVII.Core.Observer"",""FoundationsVII.Core.Protocols"",""FoundationsVII.Core.Structural""]",FoundationsVII.Core.All,formalization/lean/FoundationsVII/Core/All.lean,0,0,13
"[""FoundationsVII.Core.Identifiers""]",FoundationsVII.Core.Audit,formalization/lean/FoundationsVII/Core/Audit.lean,18,11,1
"[""FoundationsVII.Core.Admission"",""FoundationsVII.Core.Ledgers""]",FoundationsVII.Core.Contact,formalization/lean/FoundationsVII/Core/Contact.lean,10,4,5
"[""FoundationsVII.Core.Audit""]",FoundationsVII.Core.Domain,formalization/lean/FoundationsVII/Core/Domain.lean,9,7,2
"[""FoundationsVII.Core.Ledgers"",""FoundationsVII.Core.Domain""]",FoundationsVII.Core.Enablement,formalization/lean/FoundationsVII/Core/Enablement.lean,3,1,4
"[""FoundationsVII.Core.Identifiers""]",FoundationsVII.Core.Grades,formalization/lean/FoundationsVII/Core/Grades.lean,18,12,1
[],FoundationsVII.Core.Identifiers,formalization/lean/FoundationsVII/Core/Identifiers.lean,62,22,0
"[""FoundationsVII.Core.Contact""]",FoundationsVII.Core.Join,formalization/lean/FoundationsVII/Core/Join.lean,13,5,6
"[""FoundationsVII.Core.Audit""]",FoundationsVII.Core.Ledgers,formalization/lean/FoundationsVII/Core/Ledgers.lean,57,34,2
"[""FoundationsVII.Core.Ledgers""]",FoundationsVII.Core.Observer,formalization/lean/FoundationsVII/Core/Observer.lean,3,1,3
"[""FoundationsVII.Core.Grades"",""FoundationsVII.Core.Join"",""FoundationsVII.Core.Enablement"",""FoundationsVII.Core.Reachability"",""FoundationsVII.Core.Observer""]",FoundationsVII.Core.Protocols,formalization/lean/FoundationsVII/Core/Protocols.lean,51,27,11
"[""FoundationsVII.Core.Admission""]",FoundationsVII.Core.Reachability,formalization/lean/FoundationsVII/Core/Reachability.lean,3,1,4
"[""FoundationsVII.Core.Protocols""]",FoundationsVII.Core.Structural,formalization/lean/FoundationsVII/Core/Structural.lean,9,9,12
"[""FoundationsVII.Corollaries.ProspectiveJoin"",""FoundationsVII.Corollaries.SourceBudget"",""FoundationsVII.Corollaries.NonInteraction"",""FoundationsVII.Corollaries.EnablementResidual"",""FoundationsVII.Corollaries.RefinementDescent"",""FoundationsVII.Corollaries.NoFreeJoin"",""FoundationsVII.Corollaries.HolonomyArrow"",""FoundationsVII.Corollaries.NegativeForce"",""FoundationsVII.Corollaries.ObserverEndogeny""]",FoundationsVII.Corollaries.All,formalization/lean/FoundationsVII/Corollaries/All.lean,0,0,98
"[""FoundationsVII.Enablement.Composition"",""FoundationsVII.Residuals.Ledger""]",FoundationsVII.Corollaries.EnablementResidual,formalization/lean/FoundationsVII/Corollaries/EnablementResidual.lean,4,2,60
"[""FoundationsVII.Join.Strictness"",""FoundationsVII.Dynamics.Holonomy""]",FoundationsVII.Corollaries.HolonomyArrow,formalization/lean/FoundationsVII/Corollaries/HolonomyArrow.lean,2,2,76
"[""FoundationsVII.Access.Reachability"",""FoundationsVII.Join.NonInteraction""]",FoundationsVII.Corollaries.NegativeForce,formalization/lean/FoundationsVII/Corollaries/NegativeForce.lean,4,2,31
"[""FoundationsVII.NoGo.Admission"",""FoundationsVII.NoGo.Join""]",FoundationsVII.Corollaries.NoFreeJoin,formalization/lean/FoundationsVII/Corollaries/NoFreeJoin.lean,2,2,36
"[""FoundationsVII.Join.NonInteraction""]",FoundationsVII.Corollaries.NonInteraction,formalization/lean/FoundationsVII/Corollaries/NonInteraction.lean,3,2,25
"[""FoundationsVII.Access.Observer"",""FoundationsVII.Enablement.Endogenous""]",FoundationsVII.Corollaries.ObserverEndogeny,formalization/lean/FoundationsVII/Corollaries/ObserverEndogeny.lean,5,3,47
"[""FoundationsVII.Access.Commitment"",""FoundationsVII.Access.Transitions"",""FoundationsVII.Join.Strictness"",""FoundationsVII.Join.Budget""]",FoundationsVII.Corollaries.ProspectiveJoin,formalization/lean/FoundationsVII/Corollaries/ProspectiveJoin.lean,5,3,25
"[""FoundationsVII.Join.Retention"",""FoundationsVII.Dynamics.Transmission""]",FoundationsVII.Corollaries.RefinementDescent,formalization/lean/FoundationsVII/Corollaries/RefinementDescent.lean,5,3,65
"[""FoundationsVII.Join.Strictness"",""FoundationsVII.Join.Budget""]",FoundationsVII.Corollaries.SourceBudget,formalization/lean/FoundationsVII/Corollaries/SourceBudget.lean,4,2,21
"[""FoundationsVII.Dynamics.Transmission"",""FoundationsVII.Dynamics.Confluence"",""FoundationsVII.Dynamics.Holonomy"",""FoundationsVII.Dynamics.CrossTime"",""FoundationsVII.Dynamics.PrimitiveAlgebra"",""FoundationsVII.Dynamics.ResidualFlow""]",FoundationsVII.Dynamics.All,formalization/lean/FoundationsVII/Dynamics/All.lean,0,0,81
"[""FoundationsVII.Dynamics.Transmission"",""FoundationsVII.Prior.FT14""]",FoundationsVII.Dynamics.Confluence,formalization/lean/FoundationsVII/Dynamics/Confluence.lean,16,7,67
"[""FoundationsVII.Dynamics.Holonomy""]",FoundationsVII.Dynamics.CrossTime,formalization/lean/FoundationsVII/Dynamics/CrossTime.lean,11,6,76
"[""FoundationsVII.Dynamics.Confluence"",""FoundationsVII.Prior.FT15""]",FoundationsVII.Dynamics.Holonomy,formalization/lean/FoundationsVII/Dynamics/Holonomy.lean,16,5,75
"[""FoundationsVII.Dynamics.CrossTime"",""FoundationsVII.Enablement.Composition""]",FoundationsVII.Dynamics.PrimitiveAlgebra,formalization/lean/FoundationsVII/Dynamics/PrimitiveAlgebra.lean,8,6,77
"[""FoundationsVII.Dynamics.PrimitiveAlgebra"",""FoundationsVII.Prior.FT20""]",FoundationsVII.Dynamics.ResidualFlow,formalization/lean/FoundationsVII/Dynamics/ResidualFlow.lean,5,3,80
"[""FoundationsVII.Enablement.All"",""FoundationsVII.Join.Retention"",""FoundationsVII.Prior.FT13"",""FoundationsVII.Prior.FT19""]",FoundationsVII.Dynamics.Transmission,formalization/lean/FoundationsVII/Dynamics/Transmission.lean,23,10,64
"[""FoundationsVII.Enablement.Attribution"",""FoundationsVII.Enablement.Endogenous"",""FoundationsVII.Enablement.Birth"",""FoundationsVII.Enablement.Separation"",""FoundationsVII.Enablement.Composition""]",FoundationsVII.Enablement.All,formalization/lean/FoundationsVII/Enablement/All.lean,0,0,60
"[""FoundationsVII.Core.Enablement"",""FoundationsVII.Prior.FT11""]",FoundationsVII.Enablement.Attribution,formalization/lean/FoundationsVII/Enablement/Attribution.lean,21,11,29
"[""FoundationsVII.Enablement.Endogenous"",""FoundationsVII.Contact.Transport""]",FoundationsVII.Enablement.Birth,formalization/lean/FoundationsVII/Enablement/Birth.lean,24,13,43
"[""FoundationsVII.Enablement.Separation"",""FoundationsVII.Residuals.Ledger""]",FoundationsVII.Enablement.Composition,formalization/lean/FoundationsVII/Enablement/Composition.lean,22,12,59
"[""FoundationsVII.Enablement.Attribution"",""FoundationsVII.Prior.FT12"",""FoundationsVII.Prior.FT16""]",FoundationsVII.Enablement.Endogenous,formalization/lean/FoundationsVII/Enablement/Endogenous.lean,16,13,32
"[""FoundationsVII.Enablement.Birth"",""FoundationsVII.Prior.FT13""]",FoundationsVII.Enablement.Separation,formalization/lean/FoundationsVII/Enablement/Separation.lean,7,4,50
"[""FoundationsVII.Join.Entry"",""FoundationsVII.Join.Objecthood"",""FoundationsVII.Join.Status"",""FoundationsVII.Join.Strictness"",""FoundationsVII.Join.Source"",""FoundationsVII.Join.Budget"",""FoundationsVII.Join.Retention"",""FoundationsVII.Join.Categorical"",""FoundationsVII.Join.Degree"",""FoundationsVII.Join.NonInteraction""]",FoundationsVII.Join.All,formalization/lean/FoundationsVII/Join/All.lean,0,0,28
"[""FoundationsVII.Join.Source""]",FoundationsVII.Join.Budget,formalization/lean/FoundationsVII/Join/Budget.lean,18,8,20
"[""FoundationsVII.Residuals.All""]",FoundationsVII.Join.Categorical,formalization/lean/FoundationsVII/Join/Categorical.lean,16,8,24
"[""FoundationsVII.Join.Categorical""]",FoundationsVII.Join.Degree,formalization/lean/FoundationsVII/Join/Degree.lean,10,5,25
"[""FoundationsVII.Contact.All""]",FoundationsVII.Join.Entry,formalization/lean/FoundationsVII/Join/Entry.lean,27,15,16
"[""FoundationsVII.Residuals.All""]",FoundationsVII.Join.NonInteraction,formalization/lean/FoundationsVII/Join/NonInteraction.lean,19,9,24
"[""FoundationsVII.Join.Entry""]",FoundationsVII.Join.Objecthood,formalization/lean/FoundationsVII/Join/Objecthood.lean,12,7,17
"[""FoundationsVII.Join.Budget""]",FoundationsVII.Join.Retention,formalization/lean/FoundationsVII/Join/Retention.lean,22,11,21
"[""FoundationsVII.Join.Strictness""]",FoundationsVII.Join.Source,formalization/lean/FoundationsVII/Join/Source.lean,16,8,19
"[""FoundationsVII.Join.Entry""]",FoundationsVII.Join.Status,formalization/lean/FoundationsVII/Join/Status.lean,16,10,17
"[""FoundationsVII.Join.Status""]",FoundationsVII.Join.Strictness,formalization/lean/FoundationsVII/Join/Strictness.lean,18,12,18
"[""FoundationsVII.Models.Finite.Flags"",""FoundationsVII.Models.Finite.Evaluator"",""FoundationsVII.Models.Finite.Scenarios"",""FoundationsVII.Models.Finite.Countermodels"",""FoundationsVII.Models.Finite.Regression"",""FoundationsVII.Models.Finite.Serialization"",""FoundationsVII.Models.Finite.Phase2.All"",""FoundationsVII.Models.Finite.Phase3.All"",""FoundationsVII.Models.Finite.Phase4.All"",""FoundationsVII.Models.Finite.Phase5.All""]",FoundationsVII.Models.Finite.All,formalization/lean/FoundationsVII/Models/Finite/All.lean,0,0,125
"[""FoundationsVII.Models.Finite.Scenarios""]",FoundationsVII.Models.Finite.Countermodels,formalization/lean/FoundationsVII/Models/Finite/Countermodels.lean,57,28,15
"[""FoundationsVII.Models.Finite.Countermodels""]",FoundationsVII.Models.Finite.Detector,formalization/lean/FoundationsVII/Models/Finite/Detector.lean,7,6,16
"[""FoundationsVII.Models.Finite.Flags""]",FoundationsVII.Models.Finite.Evaluator,formalization/lean/FoundationsVII/Models/Finite/Evaluator.lean,6,0,13
"[""FoundationsVII.Core.Protocols""]",FoundationsVII.Models.Finite.Flags,formalization/lean/FoundationsVII/Models/Finite/Flags.lean,11,3,12
"[""FoundationsVII.NoGo.All""]",FoundationsVII.Models.Finite.Phase2.AdmissionEnvelope,formalization/lean/FoundationsVII/Models/Finite/Phase2/AdmissionEnvelope.lean,55,28,97
"[""FoundationsVII.Models.Finite.Phase2.AdmissionEnvelope""]",FoundationsVII.Models.Finite.Phase2.All,formalization/lean/FoundationsVII/Models/Finite/Phase2/All.lean,0,0,98
"[""FoundationsVII.Models.Finite.Phase3.ContactJoinEnvelope"",""FoundationsVII.Models.Finite.Phase3.ScenarioChecks""]",FoundationsVII.Models.Finite.Phase3.All,formalization/lean/FoundationsVII/Models/Finite/Phase3/All.lean,0,0,99
"[""FoundationsVII.NoGo.All""]",FoundationsVII.Models.Finite.Phase3.ContactJoinEnvelope,formalization/lean/FoundationsVII/Models/Finite/Phase3/ContactJoinEnvelope.lean,88,41,97
"[""FoundationsVII.Models.Finite.Phase3.ContactJoinEnvelope""]",FoundationsVII.Models.Finite.Phase3.ScenarioChecks,formalization/lean/FoundationsVII/Models/Finite/Phase3/ScenarioChecks.lean,14,5,98
"[""FoundationsVII.Models.Finite.Phase4.DynamicsEnvelope"",""FoundationsVII.Models.Finite.Phase4.ScenarioChecks""]",FoundationsVII.Models.Finite.Phase4.All,formalization/lean/FoundationsVII/Models/Finite/Phase4/All.lean,0,0,85
"[""FoundationsVII.NoGo.Dynamics""]",FoundationsVII.Models.Finite.Phase4.DynamicsEnvelope,formalization/lean/FoundationsVII/Models/Finite/Phase4/DynamicsEnvelope.lean,80,38,83
"[""FoundationsVII.Models.Finite.Phase4.DynamicsEnvelope""]",FoundationsVII.Models.Finite.Phase4.ScenarioChecks,formalization/lean/FoundationsVII/Models/Finite/Phase4/ScenarioChecks.lean,13,4,84
"[""FoundationsVII.Models.Finite.Phase5.ClosureEnvelope"",""FoundationsVII.Models.Finite.Phase5.ScenarioChecks""]",FoundationsVII.Models.Finite.Phase5.All,formalization/lean/FoundationsVII/Models/Finite/Phase5/All.lean,0,0,108
"[""FoundationsVII.Corollaries.All""]",FoundationsVII.Models.Finite.Phase5.ClosureEnvelope,formalization/lean/FoundationsVII/Models/Finite/Phase5/ClosureEnvelope.lean,95,38,99
"[""FoundationsVII.Models.Finite.Regression""]",FoundationsVII.Models.Finite.Phase5.ScenarioChecks,formalization/lean/FoundationsVII/Models/Finite/Phase5/ScenarioChecks.lean,5,5,19
"[""FoundationsVII.Models.Finite.Detector"",""FoundationsVII.Models.Finite.Serialization""]",FoundationsVII.Models.Finite.Regression,formalization/lean/FoundationsVII/Models/Finite/Regression.lean,6,6,18
"[""FoundationsVII.Models.Finite.Evaluator""]",FoundationsVII.Models.Finite.Scenarios,formalization/lean/FoundationsVII/Models/Finite/Scenarios.lean,51,26,14
"[""FoundationsVII.Models.Finite.Countermodels""]",FoundationsVII.Models.Finite.Serialization,formalization/lean/FoundationsVII/Models/Finite/Serialization.lean,7,2,16
"[""FoundationsVII.Access.All""]",FoundationsVII.NoGo.Admission,formalization/lean/FoundationsVII/NoGo/Admission.lean,13,13,21
"[""FoundationsVII.NoGo.Admission"",""FoundationsVII.NoGo.Join"",""FoundationsVII.NoGo.Dynamics""]",FoundationsVII.NoGo.All,formalization/lean/FoundationsVII/NoGo/All.lean,0,0,96
"[""FoundationsVII.Dynamics.All""]",FoundationsVII.NoGo.Dynamics,formalization/lean/FoundationsVII/NoGo/Dynamics.lean,6,3,82
"[""FoundationsVII.Join.NonInteraction""]",FoundationsVII.NoGo.Join,formalization/lean/FoundationsVII/NoGo/Join.lean,30,13,25
"[""FoundationsVII.Prior.Metadata"",""FoundationsVII.Prior.Contract"",""FoundationsVII.Prior.FoundationalObjects"",""FoundationsVII.Prior.FT01"",""FoundationsVII.Prior.FT02"",""FoundationsVII.Prior.FT03"",""FoundationsVII.Prior.FT04"",""FoundationsVII.Prior.FT05"",""FoundationsVII.Prior.FT06"",""FoundationsVII.Prior.FT07"",""FoundationsVII.Prior.FT08"",""FoundationsVII.Prior.FT09"",""FoundationsVII.Prior.FT10"",""FoundationsVII.Prior.FT11"",""FoundationsVII.Prior.FT12"",""FoundationsVII.Prior.FT13"",""FoundationsVII.Prior.FT14"",""FoundationsVII.Prior.FT15"",""FoundationsVII.Prior.FT16"",""FoundationsVII.Prior.FT17"",""FoundationsVII.Prior.FT18"",""FoundationsVII.Prior.FT19"",""FoundationsVII.Prior.FT20""]",FoundationsVII.Prior.All,formalization/lean/FoundationsVII/Prior/All.lean,0,0,79
"[""FoundationsVII.Core.Grades""]",FoundationsVII.Prior.Contract,formalization/lean/FoundationsVII/Prior/Contract.lean,3,0,2
"[""FoundationsVII.Prior.Metadata"",""SixBirds.Admissibility"",""SixBirdsFoundationsV.Laws.E6E9PricedAccess""]",FoundationsVII.Prior.FT01,formalization/lean/FoundationsVII/Prior/FT01.lean,2,0,18
"[""FoundationsVII.Prior.Metadata"",""SixBirdsFoundationsV.Laws.E5ReclosureCollapse""]",FoundationsVII.Prior.FT02,formalization/lean/FoundationsVII/Prior/FT02.lean,2,0,23
"[""FoundationsVII.Prior.Metadata"",""SixBirdsFoundationsV.Laws.E1Internalization""]",FoundationsVII.Prior.FT03,formalization/lean/FoundationsVII/Prior/FT03.lean,1,0,9
"[""FoundationsVII.Prior.Metadata"",""SixBirdsFoundationsV.Laws.E15OfflineReclosure""]",FoundationsVII.Prior.FT04,formalization/lean/FoundationsVII/Prior/FT04.lean,1,0,26
"[""FoundationsVII.Prior.Metadata"",""SixBirdsFoundationsV.Definitional.CarriedRecord"",""SixBirdsFoundationsV.Laws.E13RepairTransport""]",FoundationsVII.Prior.FT05,formalization/lean/FoundationsVII/Prior/FT05.lean,2,0,10
"[""FoundationsVII.Prior.Metadata"",""SixBirdsIII.InstrumentClaims""]",FoundationsVII.Prior.FT06,formalization/lean/FoundationsVII/Prior/FT06.lean,1,0,4
"[""FoundationsVII.Prior.Metadata"",""SixBirdsFoundationsV.Definitional.RepairJoin""]",FoundationsVII.Prior.FT07,formalization/lean/FoundationsVII/Prior/FT07.lean,2,0,2
"[""FoundationsVII.Prior.Metadata"",""SixBirdsFoundationsV.Laws.E1Internalization""]",FoundationsVII.Prior.FT08,formalization/lean/FoundationsVII/Prior/FT08.lean,1,0,9
"[""FoundationsVII.Prior.Metadata"",""SixBirdsFoundationsV.Laws.E6E9PricedAccess"",""SixBirdsFoundationsV.Laws.E4RepairCompilation""]",FoundationsVII.Prior.FT09,formalization/lean/FoundationsVII/Prior/FT09.lean,2,0,25
"[""FoundationsVII.Prior.Metadata"",""SixBirdsFoundationsV.Laws.E11InstitutionalRewrite""]",FoundationsVII.Prior.FT10,formalization/lean/FoundationsVII/Prior/FT10.lean,1,0,9
"[""FoundationsVII.Prior.Metadata"",""SixBirdsFoundationsV.Laws.E5ReclosureCollapse""]",FoundationsVII.Prior.FT11,formalization/lean/FoundationsVII/Prior/FT11.lean,1,0,23
"[""FoundationsVII.Prior.Metadata"",""SixBirdsFoundationsV.Laws.E1Internalization""]",FoundationsVII.Prior.FT12,formalization/lean/FoundationsVII/Prior/FT12.lean,1,0,9
"[""FoundationsVII.Prior.Metadata"",""SixBirdsIII.HighStructure""]",FoundationsVII.Prior.FT13,formalization/lean/FoundationsVII/Prior/FT13.lean,1,0,6
"[""FoundationsVII.Prior.Metadata"",""SixBirdsFoundationsVI.Laws.G8OdometerAbelianization""]",FoundationsVII.Prior.FT14,formalization/lean/FoundationsVII/Prior/FT14.lean,2,0,2
"[""FoundationsVII.Prior.Metadata"",""HolonomyMemory.Asymmetry""]",FoundationsVII.Prior.FT15,formalization/lean/FoundationsVII/Prior/FT15.lean,2,0,7
"[""FoundationsVII.Prior.Metadata"",""SixBirdsFoundationsV.Laws.E6E9PricedAccess""]",FoundationsVII.Prior.FT16,formalization/lean/FoundationsVII/Prior/FT16.lean,2,0,15
"[""FoundationsVII.Prior.Metadata"",""SixBirds.Admissibility""]",FoundationsVII.Prior.FT17,formalization/lean/FoundationsVII/Prior/FT17.lean,2,0,4
"[""FoundationsVII.Prior.Metadata"",""SixBirdsMetaMath.FoundationsIV.Access.NoFreeDistinction""]",FoundationsVII.Prior.FT18,formalization/lean/FoundationsVII/Prior/FT18.lean,1,0,6
"[""FoundationsVII.Prior.Metadata"",""SixBirdsMetaMath.FoundationsIV.StatusRecordsCoherence.ObjectPersistence""]",FoundationsVII.Prior.FT19,formalization/lean/FoundationsVII/Prior/FT19.lean,1,0,3
"[""FoundationsVII.Prior.Metadata"",""SixBirdsFoundationsV.Laws.E5ReclosureCollapse"",""Xi.Obstruction""]",FoundationsVII.Prior.FT20,formalization/lean/FoundationsVII/Prior/FT20.lean,2,0,24
"[""FoundationsVII.Prior.Metadata"",""SixBirdsFoundationsV.Definitional.ESystem"",""SixBirdsFoundationsV.Laws.E6E9PricedAccess"",""ClosureLadder.Basic"",""SixBirds.Admissibility""]",FoundationsVII.Prior.FoundationalObjects,formalization/lean/FoundationsVII/Prior/FoundationalObjects.lean,4,0,19
[],FoundationsVII.Prior.Metadata,formalization/lean/FoundationsVII/Prior/Metadata.lean,1,0,0
"[""FoundationsVII.Release.Terminal""]",FoundationsVII.Release.All,formalization/lean/FoundationsVII/Release/All.lean,0,0,110
"[""FoundationsVII.Corollaries.All"",""FoundationsVII.Models.Finite.Phase5.All""]",FoundationsVII.Release.Terminal,formalization/lean/FoundationsVII/Release/Terminal.lean,29,12,109
"[""FoundationsVII.Residuals.Ledger""]",FoundationsVII.Residuals.All,formalization/lean/FoundationsVII/Residuals/All.lean,0,0,23
"[""FoundationsVII.Join.Retention""]",FoundationsVII.Residuals.Ledger,formalization/lean/FoundationsVII/Residuals/Ledger.lean,20,8,22
