anchor_declaration,candidate_ids,declarations,defined_from,final_status,irreducibility,kernel_status,local_definition,name,nonclaims,object_id,signature,status,terminal
FoundationsVII.Prior.theoryPackageAnchor,"[""VII-C001"",""VII-C020"",""VII-C026""]","[""SixBirdsFoundationsV.TheoryPackage""]",[],INHERITED_EXACT_DECLARATION,Inherited object remains authoritative.,PASS_LOCAL_REPLAY,,TheoryPackage,"[""This record does not replace P1–P6."",""Primitive status remains reviewable if a later reduction theorem is proved.""]",VII-O01,"T=(Z,f,Σ_f,E,A) with declared variants and audits",INHERITED,true
FoundationsVII.Prior.interfaceLensAnchor,"[""VII-C001"",""VII-C022""]","[""SixBirdsFoundationsV.AccessPolicy"",""ClosureOp"",""ClosureLadder""]","[""VII-O01""]",INHERITED_COMPOSITE_INTERFACE_ROLE,Inherited object remains authoritative.,PASS_LOCAL_REPLAY,,InterfaceLens,"[""This record does not replace P1–P6."",""Primitive status remains reviewable if a later reduction theorem is proved.""]",VII-O02,Typed quotient/readout/instrument interface over a theory package,INHERITED,true
FoundationsVII.Prior.auditRecordAnchor,"[""VII-C020"",""VII-C024"",""VII-C015"",""VII-C017"",""VII-C023""]","[""SixBirds.ClaimRecord"",""SixBirds.NonclaimRecord"",""FoundationsVII.AuditRecord""]","[""VII-O01""]",INHERITED_ROLE_WITH_VII_APPEND_ONLY_DATA_MODEL,Inherited object remains authoritative.,PASS_LOCAL_REPLAY,FoundationsVII.AuditRecord,AuditRecord,"[""This record does not replace P1–P6."",""Primitive status remains reviewable if a later reduction theorem is proved.""]",VII-O03,"Append-only provenance, replay, check, grade, and nonclaim record",INHERITED,true
,"[""VII-C001"",""VII-C002"",""VII-C021"",""VII-C036""]","[""FoundationsVII.DomainState""]","[""VII-O01"",""VII-O02""]",VII_DEFINED_KERNEL_VERIFIED,Retained as a candidate primitive/record because the listed operational fields are not jointly recoverable from one inherited object without an adapter theorem.,PASS_LOCAL_REPLAY,FoundationsVII.DomainState,DomainState,"[""This record does not replace P1–P6."",""Primitive status remains reviewable if a later reduction theorem is proved.""]",VII-O04,"(Expr,Present,Exposed,Recoverable,Admissible,Reachable,Occurrent) at scope/time",NEW_CANDIDATE,true
,"[""VII-C002"",""VII-C003"",""VII-C018"",""VII-C028""]","[""FoundationsVII.AdmissionTransition""]","[""VII-O04"",""VII-O03""]",VII_DEFINED_KERNEL_VERIFIED,Retained as a candidate primitive/record because the listed operational fields are not jointly recoverable from one inherited object without an adapter theorem.,PASS_LOCAL_REPLAY,FoundationsVII.AdmissionTransition,AdmissionTransition,"[""This record does not replace P1–P6."",""Primitive status remains reviewable if a later reduction theorem is proved.""]",VII-O05,Typed source/guard/cost/effect/audit transition between domain states,NEW_CANDIDATE,true
,"[""VII-C006""]","[""FoundationsVII.ProspectiveCommitment""]","[""VII-O05""]",VII_DEFINED_KERNEL_VERIFIED,Retained as a candidate primitive/record because the listed operational fields are not jointly recoverable from one inherited object without an adapter theorem.,PASS_LOCAL_REPLAY,FoundationsVII.ProspectiveCommitment,ProspectiveCommitment,"[""This record does not replace P1–P6."",""Primitive status remains reviewable if a later reduction theorem is proved.""]",VII-O06,Timestamped preregistered finite-budget future admission condition,NEW_CANDIDATE,true
,"[""VII-C004"",""VII-C005"",""VII-C010"",""VII-C035""]","[""FoundationsVII.SourceLedger""]","[""VII-O03""]",VII_DEFINED_KERNEL_VERIFIED,Retained as a candidate primitive/record because the listed operational fields are not jointly recoverable from one inherited object without an adapter theorem.,PASS_LOCAL_REPLAY,FoundationsVII.SourceLedger,SourceLedger,"[""This record does not replace P1–P6."",""Primitive status remains reviewable if a later reduction theorem is proved.""]",VII-O07,Native/bridged/external/endogenous source and ancestry ledger,NEW_CANDIDATE,true
,"[""VII-C011"",""VII-C029"",""VII-C031"",""VII-C035""]","[""FoundationsVII.BudgetLedger""]","[""VII-O03""]",VII_DEFINED_KERNEL_VERIFIED,Retained as a candidate primitive/record because the listed operational fields are not jointly recoverable from one inherited object without an adapter theorem.,PASS_LOCAL_REPLAY,FoundationsVII.BudgetLedger,BudgetLedger,"[""This record does not replace P1–P6."",""Primitive status remains reviewable if a later reduction theorem is proved.""]",VII-O08,"Typed resource, occupancy, cross-cost, residual, and refund ledger",NEW_CANDIDATE,true
,"[""VII-C007"",""VII-C016"",""VII-C014"",""VII-C026""]","[""FoundationsVII.ContactSurface""]","[""VII-O02""]",VII_DEFINED_KERNEL_VERIFIED,Retained as a candidate primitive/record because the listed operational fields are not jointly recoverable from one inherited object without an adapter theorem.,PASS_LOCAL_REPLAY,FoundationsVII.ContactSurface,ContactSurface,"[""This record does not replace P1–P6."",""Primitive status remains reviewable if a later reduction theorem is proved.""]",VII-O09,Pair of owned interfaces plus admissible crossing relation,NEW_CANDIDATE,true
,"[""VII-C007"",""VII-C016""]","[""FoundationsVII.ContactWitness""]","[""VII-O09"",""VII-O03"",""VII-O07""]",VII_DEFINED_KERNEL_VERIFIED,Retained as a candidate primitive/record because the listed operational fields are not jointly recoverable from one inherited object without an adapter theorem.,PASS_LOCAL_REPLAY,FoundationsVII.ContactWitness,ContactWitness,"[""This record does not replace P1–P6."",""Primitive status remains reviewable if a later reduction theorem is proved.""]",VII-O10,Source-typed event showing that a record crossed a contact surface,NEW_CANDIDATE,true
,"[""VII-C007"",""VII-C025"",""VII-C017"",""VII-C018"",""VII-C028"",""VII-C031"",""VII-C032""]","[""FoundationsVII.InteractionRecord""]","[""VII-O10"",""VII-O08""]",VII_DEFINED_KERNEL_VERIFIED,Retained as a candidate primitive/record because the listed operational fields are not jointly recoverable from one inherited object without an adapter theorem.,PASS_LOCAL_REPLAY,FoundationsVII.InteractionRecord,InteractionRecord,"[""This record does not replace P1–P6."",""Primitive status remains reviewable if a later reduction theorem is proved.""]",VII-O11,"Parents, contact, transitions, ledgers, status, and audit",NEW_CANDIDATE,true
,"[""VII-C008"",""VII-C009"",""VII-C026"",""VII-C028"",""VII-C035""]","[""FoundationsVII.JoinCandidate""]","[""VII-O11""]",VII_DEFINED_KERNEL_VERIFIED,Retained as a candidate primitive/record because the listed operational fields are not jointly recoverable from one inherited object without an adapter theorem.,PASS_LOCAL_REPLAY,FoundationsVII.JoinCandidate,JoinCandidate,"[""This record does not replace P1–P6."",""Primitive status remains reviewable if a later reduction theorem is proved.""]",VII-O12,Interaction record plus candidate composite and comparison baseline,NEW_CANDIDATE,true
,"[""VII-C009"",""VII-C030"",""VII-C036""]","[""FoundationsVII.JoinCertificate""]","[""VII-O12""]",VII_DEFINED_KERNEL_VERIFIED,Retained as a candidate primitive/record because the listed operational fields are not jointly recoverable from one inherited object without an adapter theorem.,PASS_LOCAL_REPLAY,FoundationsVII.JoinCertificate,JoinCertificate,"[""This record does not replace P1–P6."",""Primitive status remains reviewable if a later reduction theorem is proved.""]",VII-O13,"Objecthood, retention, source, budget, and strictness witnesses",NEW_CANDIDATE,true
,"[""VII-C008"",""VII-C019"",""VII-C036""]","[""FoundationsVII.JoinObstruction""]","[""VII-O12""]",VII_DEFINED_KERNEL_VERIFIED,Retained as a candidate primitive/record because the listed operational fields are not jointly recoverable from one inherited object without an adapter theorem.,PASS_LOCAL_REPLAY,FoundationsVII.JoinObstruction,JoinObstruction,"[""This record does not replace P1–P6."",""Primitive status remains reviewable if a later reduction theorem is proved.""]",VII-O14,Typed source/compatibility/gluing/retention/novelty/budget/time failure witness,NEW_CANDIDATE,true
,"[""VII-C033"",""VII-C023""]","[""FoundationsVII.NonInteractionCertificate""]","[""VII-O11"",""VII-O14""]",VII_DEFINED_KERNEL_VERIFIED,Retained as a candidate primitive/record because the listed operational fields are not jointly recoverable from one inherited object without an adapter theorem.,PASS_LOCAL_REPLAY,FoundationsVII.NonInteractionCertificate,NonInteractionCertificate,"[""This record does not replace P1–P6."",""Primitive status remains reviewable if a later reduction theorem is proved.""]",VII-O15,Coverage- and power-qualified negative interaction record,NEW_CANDIDATE,true
,"[""VII-C012"",""VII-C013"",""VII-C034"",""VII-C014"",""VII-C015"",""VII-C027""]","[""FoundationsVII.EnablementRecord""]","[""VII-O05"",""VII-O07"",""VII-O08""]",VII_DEFINED_KERNEL_VERIFIED,Retained as a candidate primitive/record because the listed operational fields are not jointly recoverable from one inherited object without an adapter theorem.,PASS_LOCAL_REPLAY,FoundationsVII.EnablementRecord,EnablementRecord,"[""This record does not replace P1–P6."",""Primitive status remains reviewable if a later reduction theorem is proved.""]",VII-O16,"Enabled operation, source, execution, target effect, budget, and attribution",NEW_CANDIDATE,true
,"[""VII-C002"",""VII-C021""]","[""FoundationsVII.ReachabilityWitness""]","[""VII-O04"",""VII-O05""]",VII_DEFINED_KERNEL_VERIFIED,Retained as a candidate primitive/record because the listed operational fields are not jointly recoverable from one inherited object without an adapter theorem.,PASS_LOCAL_REPLAY,FoundationsVII.ReachabilityWitness,ReachabilityWitness,"[""This record does not replace P1–P6."",""Primitive status remains reviewable if a later reduction theorem is proved.""]",VII-O17,"Finite executable path with guards, resources, and state trace",NEW_CANDIDATE,true
,"[""VII-C011"",""VII-C029""]","[""FoundationsVII.ObserverOccupancyRecord""]","[""VII-O07"",""VII-O08""]",VII_DEFINED_KERNEL_VERIFIED,Retained as a candidate primitive/record because the listed operational fields are not jointly recoverable from one inherited object without an adapter theorem.,PASS_LOCAL_REPLAY,FoundationsVII.ObserverOccupancyRecord,ObserverOccupancyRecord,"[""This record does not replace P1–P6."",""Primitive status remains reviewable if a later reduction theorem is proved.""]",VII-O18,"Observer/instrument source, visibility, capacity occupancy, and cost",NEW_CANDIDATE,true
