declaration_id,science_asset_id,fully_qualified_name,short_name,kind,file,line,end_line,statement_sha256,source_block_sha256,kernel_status,candidate_ids
FVII-SCI04-DECL-0003,FVII-SCI04-THM-0003,FoundationsVII.CriticalPair.resolved_of_joinable_audit_equivalent,resolved_of_joinable_audit_equivalent,theorem,formalization/lean/FoundationsVII/Dynamics/Confluence.lean,29,36,1cb6aa6c039a1025aa13b45b7e2f8fa36560b1f5ea8ae30a188c71161188e51e,c683d4ed0d8223f809cad8ee0edb63ad2a8a4b08dc6f533463831ef019faa420,PENDING_EXTERNAL_LEAN_REPLAY,"[""VII-C018""]"
FVII-SCI04-DECL-0007,FVII-SCI04-THM-0007,FoundationsVII.FiniteAdmissionSystem.finite_critical_pair_criterion_iff_confluent,finite_critical_pair_criterion_iff_confluent,theorem,formalization/lean/FoundationsVII/Dynamics/Confluence.lean,56,93,7ae519392dcecdc3e5675fb789c8390d7f5540741bf7a856cdd499f9d21a7036,ce92e84a303f070d8dfebe2ac5122d0a38305b93dce6d5f8eed29b2fb8e0c70d,PENDING_EXTERNAL_LEAN_REPLAY,"[""VII-C018""]"
FVII-SCI04-DECL-0008,FVII-SCI04-THM-0008,FoundationsVII.finite_confluent_positive_model,finite_confluent_positive_model,theorem,formalization/lean/FoundationsVII/Dynamics/Confluence.lean,94,99,0ec750e701f66315074ab513822ba8c3dc35819e223e076a0bf53ea752fc4417,cfc9fd63864a7ae4a3d34dde1304e345c686082d8847513f0207bad62b5b74e4,PENDING_EXTERNAL_LEAN_REPLAY,"[""VII-C018""]"
FVII-SCI04-DECL-0009,FVII-SCI04-THM-0009,FoundationsVII.finite_nonconfluent_countermodel,finite_nonconfluent_countermodel,theorem,formalization/lean/FoundationsVII/Dynamics/Confluence.lean,100,105,0f026ef376e8c81d97bb41f247c72d3084bb4e59f56a4790fe4f1a60e3a68715,1111e82684937a9096288c4b82dbc7a22536c0f8e6ec56ea8cc67fa03cf4b056,PENDING_EXTERNAL_LEAN_REPLAY,"[""VII-C018""]"
FVII-SCI04-DECL-0013,FVII-SCI04-THM-0013,FoundationsVII.seed_partition_can_change_terminal_package,seed_partition_can_change_terminal_package,theorem,formalization/lean/FoundationsVII/Dynamics/Confluence.lean,138,140,f52d28c842fc819431e74eb5a5df771b5c3750e09a39fda18ffb23c3177c74af,80310e900b57336c31b4a4a26688dad6b52ac13a28cc80150b7af1a9ff584245,PENDING_EXTERNAL_LEAN_REPLAY,"[""VII-C018""]"
FVII-SCI04-DECL-0014,FVII-SCI04-THM-0014,FoundationsVII.presentation_difference_is_not_seed_dependence,presentation_difference_is_not_seed_dependence,theorem,formalization/lean/FoundationsVII/Dynamics/Confluence.lean,141,145,a8611c40d8bace43fb27420d6589fc855b1acb64ab0ec69ccddb49e5c228616b,a4b91846f24abec428e80c8d9e320762a9914c1a1e797a5fb9c5434ab7d9c38f,PENDING_EXTERNAL_LEAN_REPLAY,"[""VII-C018""]"
FVII-SCI04-DECL-0016,FVII-SCI04-THM-0016,FoundationsVII.one_commuting_square_does_not_establish_global_confluence,one_commuting_square_does_not_establish_global_confluence,theorem,formalization/lean/FoundationsVII/Dynamics/Confluence.lean,157,161,56cc74122a3cf6c436b94877a2f97caf0bd9b42a2f661207ebb8e7819a982557,b327c0cb98d5f62ba6bb0730686e41e46b065cf373452e33a2ae91ac49d20828,PENDING_EXTERNAL_LEAN_REPLAY,"[""VII-C018""]"
FVII-SCI04-DECL-0022,FVII-SCI04-THM-0022,FoundationsVII.CrossTimeContact.valid_under_admissible_reparameterization,valid_under_admissible_reparameterization,theorem,formalization/lean/FoundationsVII/Dynamics/CrossTime.lean,50,79,8fc5b88f8a2e20067da98d6b850db040c343bfdfb6c0c7a0b854bc74a08f9960,0bc693b17d8daef3aefbf0c47fa2a422bcb4e57ce8e040850e725b982746d7d4,PENDING_EXTERNAL_LEAN_REPLAY,"[""VII-C032""]"
FVII-SCI04-DECL-0023,FVII-SCI04-THM-0023,FoundationsVII.synchronized_cross_time_contact_exists,synchronized_cross_time_contact_exists,theorem,formalization/lean/FoundationsVII/Dynamics/CrossTime.lean,80,82,47cc17ce8e1b20512aca7fb83d13d8fd18399a83cc466754178dcd7ac7d7bba0,698b90bb58f2ec343e782f9329be3287d5c14562a52755b416682032f765605b,PENDING_EXTERNAL_LEAN_REPLAY,"[""VII-C032""]"
FVII-SCI04-DECL-0024,FVII-SCI04-THM-0024,FoundationsVII.partial_order_cross_time_contact_exists,partial_order_cross_time_contact_exists,theorem,formalization/lean/FoundationsVII/Dynamics/CrossTime.lean,83,85,2ff30e45574f8a3a4b170017735f4e8604c2463ea1b391ee40a247bfe546e646,a90be47af9a2076babf8fec657b9aaf32519a7161736b1d48c473b42cc24f252,PENDING_EXTERNAL_LEAN_REPLAY,"[""VII-C032""]"
FVII-SCI04-DECL-0025,FVII-SCI04-THM-0025,FoundationsVII.synchronization_does_not_require_equal_local_clock_readings,synchronization_does_not_require_equal_local_clock_readings,theorem,formalization/lean/FoundationsVII/Dynamics/CrossTime.lean,86,89,5b2dabbfbd586c7a3f865590e4d04465a396cd139fa183acb03c978eb4e45d8c,01cb1aeab8528740984ab5318492898f59686652965b2929e5dd8ae025fbac6a,PENDING_EXTERNAL_LEAN_REPLAY,"[""VII-C032""]"
FVII-SCI04-DECL-0026,FVII-SCI04-THM-0026,FoundationsVII.partial_order_contact_survives_clock_reparameterization,partial_order_contact_survives_clock_reparameterization,theorem,formalization/lean/FoundationsVII/Dynamics/CrossTime.lean,90,95,ee4ccd8b4ceee4ff6b32796664f626bf8860ea4c8bba84645ef0f7e9a65b1d0b,adfc7b1720fdf0d75fec1b851fec6cb080ed6dae112c93f3effa54a7de7c1ce7,PENDING_EXTERNAL_LEAN_REPLAY,"[""VII-C032""]"
FVII-SCI04-DECL-0027,FVII-SCI04-THM-0027,FoundationsVII.incommensurable_times_require_explicit_order_witness,incommensurable_times_require_explicit_order_witness,theorem,formalization/lean/FoundationsVII/Dynamics/CrossTime.lean,96,106,dcd20f6267b945f286c5ca538955f269e029981b5657e0bd8bc33fccd74fe639,fe213d953b7c8a30e912f106816e02e78f044b871ee91540cef0bdb43c1d10e6,PENDING_EXTERNAL_LEAN_REPLAY,"[""VII-C032""]"
FVII-SCI04-DECL-0038,FVII-SCI04-THM-0038,FoundationsVII.constructive_interaction_holonomy,constructive_interaction_holonomy,theorem,formalization/lean/FoundationsVII/Dynamics/Holonomy.lean,115,117,aa304fc827b1c0f2b1ff7342216fc44a64e854db5b69c17ec9bb4b80f022808f,0c51e6b31e2459151ea6590ea3e09f4c62ae56c1a2fd84fffe858f692e902e44,PENDING_EXTERNAL_LEAN_REPLAY,"[""VII-C017"",""VII-C032""]"
FVII-SCI04-DECL-0039,FVII-SCI04-THM-0039,FoundationsVII.holonomy_with_zero_arrow_witness,holonomy_with_zero_arrow_witness,theorem,formalization/lean/FoundationsVII/Dynamics/Holonomy.lean,118,121,1d8def5b195809cf512d83fc5d1a3a36a393e32c317dd48002ebdbe13a6323a5,948b9216f2133873f026d63517f55e8c8bbd6b88dfb9cd462045dcd0392295d9,PENDING_EXTERNAL_LEAN_REPLAY,"[""VII-C017"",""VII-C032""]"
FVII-SCI04-DECL-0040,FVII-SCI04-THM-0040,FoundationsVII.driven_arrow_positive_control,driven_arrow_positive_control,theorem,formalization/lean/FoundationsVII/Dynamics/Holonomy.lean,122,125,3c485f0352c2733f62b73c006801176ed58481923d790e12196322322bd86350,8ff33a1e74aa539d5fad8b6731614f1630b05d58a3b3fb21be4679c9731b51a3,PENDING_EXTERNAL_LEAN_REPLAY,"[""VII-C017"",""VII-C032""]"
FVII-SCI04-DECL-0041,FVII-SCI04-THM-0041,FoundationsVII.driven_arrow_requires_independent_drive_certificate,driven_arrow_requires_independent_drive_certificate,theorem,formalization/lean/FoundationsVII/Dynamics/Holonomy.lean,126,129,062eadb7a02f32836c20b754242f2906f55644f32fd280887848f4b93d920511,dd71408719a53b0fd7ad1af667b045567b350b354af035eae2b035866ff23a7f,PENDING_EXTERNAL_LEAN_REPLAY,"[""VII-C017"",""VII-C032""]"
FVII-SCI04-DECL-0043,FVII-SCI04-THM-0043,FoundationsVII.reversal_null_and_driven_controls_are_distinct,reversal_null_and_driven_controls_are_distinct,theorem,formalization/lean/FoundationsVII/Dynamics/Holonomy.lean,145,151,9d1003e7ed2be9ca2dc3403f2dda4ea81fa4d738804f8b4a9671da152b54fdba,52aeadfe9a91c0856d2135d704b2347d49a7f713b2979a9705e80d33d8578c9c,PENDING_EXTERNAL_LEAN_REPLAY,"[""VII-C017"",""VII-C032""]"
FVII-SCI04-DECL-0046,FVII-SCI04-THM-0046,FoundationsVII.current_full_primitive_algebra_is_not_ready,current_full_primitive_algebra_is_not_ready,theorem,formalization/lean/FoundationsVII/Dynamics/PrimitiveAlgebra.lean,45,47,af23bd38aee1423ecd8f745787cf5621f8b10aa3470c9ceed45edc70e14dadbf,970ae0fbcd675106cff71b731d059a8ccefbe9300655f06f93a2f1eb1ba87ffd,PENDING_EXTERNAL_LEAN_REPLAY,"[""VII-C028""]"
FVII-SCI04-DECL-0047,FVII-SCI04-THM-0047,FoundationsVII.full_algebra_reopen_condition_is_exact,full_algebra_reopen_condition_is_exact,theorem,formalization/lean/FoundationsVII/Dynamics/PrimitiveAlgebra.lean,48,50,3d1f02c382863f9890f1e274abd93da8230b6888870a470aee33103f6442c48d,c9ce35e732716a2c23cd684567514f06b79cdccc225f2901ea57d5a4e3dc2615,PENDING_EXTERNAL_LEAN_REPLAY,"[""VII-C028""]"
FVII-SCI04-DECL-0048,FVII-SCI04-THM-0048,FoundationsVII.resource_delta_fragment_is_associative,resource_delta_fragment_is_associative,theorem,formalization/lean/FoundationsVII/Dynamics/PrimitiveAlgebra.lean,51,56,ac808180cb8d9fb047e5abdfe4a9d42fdb53842dae06ec9ec6ed584be5ee3102,7ed4d6597e06374b654a7006dbab78dd40731a13fa16233769861746d3bf2f43,PENDING_EXTERNAL_LEAN_REPLAY,"[""VII-C028""]"
FVII-SCI04-DECL-0049,FVII-SCI04-THM-0049,FoundationsVII.resource_delta_fragment_has_left_identity,resource_delta_fragment_has_left_identity,theorem,formalization/lean/FoundationsVII/Dynamics/PrimitiveAlgebra.lean,57,60,e43318739666c94d7e81d0e7b091951b998684a0edf024cd685b7968bf6b3332,fb1eca9ed99ebaa1583e2d1889c3ff84b890f9ebd8e66fdf796e206804703ed0,PENDING_EXTERNAL_LEAN_REPLAY,"[""VII-C028""]"
FVII-SCI04-DECL-0050,FVII-SCI04-THM-0050,FoundationsVII.resource_delta_fragment_has_right_identity,resource_delta_fragment_has_right_identity,theorem,formalization/lean/FoundationsVII/Dynamics/PrimitiveAlgebra.lean,61,65,01b7a8351c63a626022880eb906db40a3b8894893796e55c0914ba920b6acca6,508bef7bc56be9d3e700a453bfc9661acf2d27f8603fdc90588c4d980f64b48d,PENDING_EXTERNAL_LEAN_REPLAY,"[""VII-C028""]"
FVII-SCI04-DECL-0051,FVII-SCI04-THM-0051,FoundationsVII.full_generators_relations_program_deferred_with_formal_reopen_condition,full_generators_relations_program_deferred_with_formal_reopen_condition,theorem,formalization/lean/FoundationsVII/Dynamics/PrimitiveAlgebra.lean,66,70,9ab060de13f8eb29f993c6eee0a3f87e32fceaf51e16b94a0a206755d00451f2,5548316f26dcb76cc11087e18413db7a3068bc69590fc4a90135d8638cb1728e,PENDING_EXTERNAL_LEAN_REPLAY,"[""VII-C028""]"
FVII-SCI04-DECL-0054,FVII-SCI04-THM-0054,FoundationsVII.ResidualFlow.accounted_balance,accounted_balance,theorem,formalization/lean/FoundationsVII/Dynamics/ResidualFlow.lean,31,33,7370aff7575fb908cbbce9f62130634fb2e57bfbea622ba7dc0336e8c35e1436,1ca00e18e620ad533bcb76f976192b08d557540f86c2542aa8241211785c0408,PENDING_EXTERNAL_LEAN_REPLAY,"[""VII-C015"",""VII-C027""]"
FVII-SCI04-DECL-0055,FVII-SCI04-THM-0055,FoundationsVII.ResidualFlow.settled_debt_bounded,settled_debt_bounded,theorem,formalization/lean/FoundationsVII/Dynamics/ResidualFlow.lean,34,36,dc5adbd7b87e0c316746945accae56b269414bc4c88b493a156d744d1ece6e6a,dd7f72099db2b1bab3bb35351ab500f361c84683257ce2122683d032fa80ce64,PENDING_EXTERNAL_LEAN_REPLAY,"[""VII-C015"",""VII-C027""]"
FVII-SCI04-DECL-0056,FVII-SCI04-THM-0056,FoundationsVII.ResidualFlow.composed_debt_accumulates,composed_debt_accumulates,theorem,formalization/lean/FoundationsVII/Dynamics/ResidualFlow.lean,37,43,bd0d05e95fb42e14989c118e0f38a26bb5327974390a40d581815ce7691880ca,b0d6535f403e34fb5c993cca36bc7460bb2bd158d30a07df1cef92be3c890575,PENDING_EXTERNAL_LEAN_REPLAY,"[""VII-C015"",""VII-C027""]"
FVII-SCI04-DECL-0059,FVII-SCI04-THM-0059,FoundationsVII.transmissionDirection_mem_all,transmissionDirection_mem_all,theorem,formalization/lean/FoundationsVII/Dynamics/Transmission.lean,26,29,ea59ee500031e000bbf1b5976dd8812073c1b3f1312f8aefbe547497d081758b,806e1860531091d621aea2d1de4dc9f03b6a041404daef474e644e6ed03f6dda,PENDING_EXTERNAL_LEAN_REPLAY,"[""VII-C015""]"
FVII-SCI04-DECL-0064,FVII-SCI04-THM-0064,FoundationsVII.TransmissionRecord.pure_downward_selection_preserves_present_lower_facts,pure_downward_selection_preserves_present_lower_facts,theorem,formalization/lean/FoundationsVII/Dynamics/Transmission.lean,68,78,15bfcbe3cd1605372d86b6303822c9c056586295d9d10f5d4229bb83f97ac35d,56a0e0817a741255c2ea2e4510d333935f9a9250cb2e2a4c07316ce78a3fa07d,PENDING_EXTERNAL_LEAN_REPLAY,"[""VII-C015""]"
FVII-SCI04-DECL-0065,FVII-SCI04-THM-0065,FoundationsVII.TransmissionRecord.pure_downward_selection_cannot_create_absent_lower_fact,pure_downward_selection_cannot_create_absent_lower_fact,theorem,formalization/lean/FoundationsVII/Dynamics/Transmission.lean,79,92,df43964577877622abc2340dc0c46d1044ab4b83a67a6c6488c31835ec42622b,a0674558ce6c99437f906a12ceb1d8faf0d58e0e630900a0b5180f525068cb67,PENDING_EXTERNAL_LEAN_REPLAY,"[""VII-C015""]"
FVII-SCI04-DECL-0068,FVII-SCI04-THM-0068,FoundationsVII.DescentSquare.fidelity_is_commuting_square,fidelity_is_commuting_square,theorem,formalization/lean/FoundationsVII/Dynamics/Transmission.lean,106,112,f1a5a067769b41a571ef1aa526e07cd015298e546872bce799cec5ea4931c979,9d550a4891524f2db969b919698dfc03e5f449d1e7d6785201f819f1a0eda024,PENDING_EXTERNAL_LEAN_REPLAY,"[""VII-C015""]"
FVII-SCI04-DECL-0071,FVII-SCI04-THM-0071,FoundationsVII.TransmissionFidelity.valid_records_loss,valid_records_loss,theorem,formalization/lean/FoundationsVII/Dynamics/Transmission.lean,134,136,0a16f0d17dbf8508cb8066bee56151474a75eeef7a2b2cf22f1cad2847424aa8,0492ab8ce132fd5de1d0400efaea4f2c902d46cf5696c74fe09daeef6e176457,PENDING_EXTERNAL_LEAN_REPLAY,"[""VII-C015""]"
FVII-SCI04-DECL-0072,FVII-SCI04-THM-0072,FoundationsVII.TransmissionFidelity.valid_records_ambiguity,valid_records_ambiguity,theorem,formalization/lean/FoundationsVII/Dynamics/Transmission.lean,137,139,56e883c64b01a1e1237c73fd8fb6d8d4d1832bd3e397093f29d1e21070eb8592,2e8acd6eee215c1f9dbf9761b240e0d8ee3f4bc1aa592d1e13b5da09de37828a,PENDING_EXTERNAL_LEAN_REPLAY,"[""VII-C015""]"
FVII-SCI04-DECL-0073,FVII-SCI04-THM-0073,FoundationsVII.TransmissionFidelity.valid_preserves_source,valid_preserves_source,theorem,formalization/lean/FoundationsVII/Dynamics/Transmission.lean,140,142,4984c3741e3c224d2d1d21184eb698f8eced82bc79952500da7fa61c23a213fb,ad468ab84747608dc1ccf6ae8914e58f2bdd8eb80d2561f6bae609b2aa0db600,PENDING_EXTERNAL_LEAN_REPLAY,"[""VII-C015""]"
FVII-SCI04-DECL-0074,FVII-SCI04-THM-0074,FoundationsVII.TransmissionFidelity.valid_preserves_budget,valid_preserves_budget,theorem,formalization/lean/FoundationsVII/Dynamics/Transmission.lean,143,147,83bffbecd5416265fb36021e5e5b4e03af2544754d5c6441b40fd7f5af9932e1,c38590ab58f52d6c0d621aabf167ce7f15a25c610eb931122ea7993e7cf9a7db,PENDING_EXTERNAL_LEAN_REPLAY,"[""VII-C015""]"
FVII-SCI04-DECL-0077,FVII-SCI04-THM-0077,FoundationsVII.structural_downward_selection_is_not_automatically_causal,structural_downward_selection_is_not_automatically_causal,theorem,formalization/lean/FoundationsVII/Dynamics/Transmission.lean,172,176,83020f126451b6c3cccaa92719d42bafc889453afe5ae0879f1045cdcb35fd00,507890c65b44ed32cff35cc783348d7773fc202627824a4c75b2170e40a1881a,PENDING_EXTERNAL_LEAN_REPLAY,"[""VII-C015""]"
FVII-SCI04-DECL-0079,FVII-SCI04-THM-0079,FoundationsVII.all_three_transmission_directions_have_positive_controls,all_three_transmission_directions_have_positive_controls,theorem,formalization/lean/FoundationsVII/Dynamics/Transmission.lean,186,191,232b931920bc8d7fdf63aedf97c860933b980bb12a0da43f7251c8ad7fc499bf,0bb5ae2e1703ef6209fddad621fa4ce6c297ca9b9946a2ff40a36b36f058f9c6,PENDING_EXTERNAL_LEAN_REPLAY,"[""VII-C015""]"
FVII-SCI04-DECL-0082,FVII-SCI04-THM-0082,FoundationsVII.enablementSource_mem_all,enablementSource_mem_all,theorem,formalization/lean/FoundationsVII/Enablement/Attribution.lean,27,30,875d9bc0053bcd05c143c0ebedc5d8f253137da16c163407f04ac3fb16aaf19f,d7cbed298c3d1b416952cd64758f2b1ac14b347ff10c5c2a5ea0db2593c61c1a,PENDING_EXTERNAL_LEAN_REPLAY,"[""VII-C012""]"
FVII-SCI04-DECL-0086,FVII-SCI04-THM-0086,FoundationsVII.AttributionEvidence.valid_has_no_hidden_executor,valid_has_no_hidden_executor,theorem,formalization/lean/FoundationsVII/Enablement/Attribution.lean,56,58,3ac7effd94d8749bd165f354838d9650ce4c216e7e11e61bc4ce74db380cddf3,f62f65ece54f62a97c4410baaf027aa6b0f57acea19c6fa3418b01ce5231216e,PENDING_EXTERNAL_LEAN_REPLAY,"[""VII-C012""]"
FVII-SCI04-DECL-0087,FVII-SCI04-THM-0087,FoundationsVII.AttributionEvidence.honest_refinement_preserves_source_root,honest_refinement_preserves_source_root,theorem,formalization/lean/FoundationsVII/Enablement/Attribution.lean,59,65,08785ef1af8b75f4de83de337a294b2a2dd1a12cba809b07a8d617d970fa2255,2488f86f9f8a412e06ab86ac6e1c9bfd5d9de667c462276a500395a7e4f46907,PENDING_EXTERNAL_LEAN_REPLAY,"[""VII-C012""]"
FVII-SCI04-DECL-0090,FVII-SCI04-THM-0090,FoundationsVII.AttributedEnablement.wellFormed_has_typed_source,wellFormed_has_typed_source,theorem,formalization/lean/FoundationsVII/Enablement/Attribution.lean,79,82,5a59496660269ccf44401094115a4f704d1c21179fd1c6199ad3ebf0b945fa9e,791f68ef0864d3ed5b2b9dd5b50c29e63c97d11d665d532089d3a9a13611eafa,PENDING_EXTERNAL_LEAN_REPLAY,"[""VII-C012""]"
FVII-SCI04-DECL-0091,FVII-SCI04-THM-0091,FoundationsVII.AttributedEnablement.wellFormed_has_execution_witness,wellFormed_has_execution_witness,theorem,formalization/lean/FoundationsVII/Enablement/Attribution.lean,83,86,055278d7fe1bd3554348923728a1702f084b1fde0ff1b2e53d4c9a9f662ce0ae,a0354c20cce26668dfa9d53684653f7d318100fc2e2ee807d7fa90b8940be369,PENDING_EXTERNAL_LEAN_REPLAY,"[""VII-C012""]"
FVII-SCI04-DECL-0092,FVII-SCI04-THM-0092,FoundationsVII.AttributedEnablement.wellFormed_has_budget_accounting,wellFormed_has_budget_accounting,theorem,formalization/lean/FoundationsVII/Enablement/Attribution.lean,87,90,67a3dbed2fca4a1ec0c0d494ee0312f7ba495b9978fe18048002a6f9d410cd36,4dbb0a838d3cddb88f9a185d1375379c29fad0f48dcebaa64f1ee6b8405df35c,PENDING_EXTERNAL_LEAN_REPLAY,"[""VII-C012""]"
FVII-SCI04-DECL-0093,FVII-SCI04-THM-0093,FoundationsVII.AttributedEnablement.wellFormed_has_audit_accounting,wellFormed_has_audit_accounting,theorem,formalization/lean/FoundationsVII/Enablement/Attribution.lean,91,94,082b5bac890d191df2cb6e2f1a3cc5cfe59fe7c340882fdbbf34c01813b95487,e7d54b11b1f4f4859fab3f915343020bcbf22860661f866712004acd5ed31d02,PENDING_EXTERNAL_LEAN_REPLAY,"[""VII-C012""]"
FVII-SCI04-DECL-0094,FVII-SCI04-THM-0094,FoundationsVII.AttributedEnablement.wellFormed_has_no_hidden_executor,wellFormed_has_no_hidden_executor,theorem,formalization/lean/FoundationsVII/Enablement/Attribution.lean,95,98,e7d7e067c8a48a9ac902d3f10b172c08b0de839cb21d9b0b571c0a42dde30899,fa4a82970e43cdadddc7f0fe33aa38e143f9c809f0816c760f77172972d65ab2,PENDING_EXTERNAL_LEAN_REPLAY,"[""VII-C012""]"
FVII-SCI04-DECL-0095,FVII-SCI04-THM-0095,FoundationsVII.AttributedEnablement.hidden_execution_defeats_attribution,hidden_execution_defeats_attribution,theorem,formalization/lean/FoundationsVII/Enablement/Attribution.lean,99,109,b0dcb6525b3b39cad7c50760fa6f77a07bc85c2c144b850afe0361f64360b93f,729ff1af86894b47468d62e6783b853d8d20ea27475c3dbb08aecde3b4cac7a2,PENDING_EXTERNAL_LEAN_REPLAY,"[""VII-C012""]"
FVII-SCI04-DECL-0098,FVII-SCI04-THM-0098,FoundationsVII.AttributionRefinement.stable_preserves_attribution_root,stable_preserves_attribution_root,theorem,formalization/lean/FoundationsVII/Enablement/Attribution.lean,122,129,7c7c0b480e0e0bbede8b0ca38ec75f6282b7e48639085b9fb9f7280311a389f2,160143a1a0310d6f6d95f10040c8651f05c4152e740c69593add508e06964085,PENDING_EXTERNAL_LEAN_REPLAY,"[""VII-C012""]"
FVII-SCI04-DECL-0100,FVII-SCI04-THM-0100,FoundationsVII.attribution_does_not_imply_descent_sufficiency_causation_or_endogeny,attribution_does_not_imply_descent_sufficiency_causation_or_endogeny,theorem,formalization/lean/FoundationsVII/Enablement/Attribution.lean,142,151,e481c246d0e856d2ebec0d6669a15f0053bc403919be0e89ae862896336a3a9c,cc2f1de307fa1b8a189b5490b78457a458088db931d1a14f4a431766adffe3bb,PENDING_EXTERNAL_LEAN_REPLAY,"[""VII-C012""]"
FVII-SCI04-DECL-0107,FVII-SCI04-THM-0107,FoundationsVII.inheritedBirthClass_mem_all,inheritedBirthClass_mem_all,theorem,formalization/lean/FoundationsVII/Enablement/Birth.lean,55,58,ca3cd075fb98b12cff9ccb4fecd1b8e38d8dc4a6ec940e2f25ce0649c0e9cf97,177d0449c18c80cea02230b5577890627d0cdfb1eabb28b964c204d7e67dfb69,PENDING_EXTERNAL_LEAN_REPLAY,"[""VII-C014""]"
FVII-SCI04-DECL-0108,FVII-SCI04-THM-0108,FoundationsVII.inherited_birth_class_signatures_are_injective,inherited_birth_class_signatures_are_injective,theorem,formalization/lean/FoundationsVII/Enablement/Birth.lean,59,64,e6ce0beb78ed6e74743389409697583451622e395e7f5790c98216f16e167a04,4adb0d0cab70189a36de149e0f60517a08da340726a158979b1a5c09c8567955,PENDING_EXTERNAL_LEAN_REPLAY,"[""VII-C014""]"
FVII-SCI04-DECL-0109,FVII-SCI04-THM-0109,FoundationsVII.every_inherited_birth_class_activates_packaging,every_inherited_birth_class_activates_packaging,theorem,formalization/lean/FoundationsVII/Enablement/Birth.lean,65,69,9cca718d90c516df14c6efc4d219a8386369b3ceec36ab9eaa4c9a306d809ae2,e01629a94830bd0468cf4b68d6f32d548d068add00cfa1c7bd603c38ff923dcc,PENDING_EXTERNAL_LEAN_REPLAY,"[""VII-C014""]"
FVII-SCI04-DECL-0112,FVII-SCI04-THM-0112,FoundationsVII.ReachableBirthEvidence.valid_requires_reachable_generator,valid_requires_reachable_generator,theorem,formalization/lean/FoundationsVII/Enablement/Birth.lean,86,90,663449cc044b39ad4c0bbc44900e9363595abb3f2bfd931d7784958039597725,99dd71e5e3da5c8ca3d040cae40ffd492efaaaa801037574665f313cc6383718,PENDING_EXTERNAL_LEAN_REPLAY,"[""VII-C014""]"
FVII-SCI04-DECL-0115,FVII-SCI04-THM-0115,FoundationsVII.BirthRecord.participant_credit_requires_objecthood,participant_credit_requires_objecthood,theorem,formalization/lean/FoundationsVII/Enablement/Birth.lean,116,119,9bab125ca1bcbc5a93364a20df90e775c4904b25f90370a8e2c46dd53562f96e,e8cb9b52d7e2cf1176bcd6219008d748349d1c197c7682d884058b67d4ebafe5,PENDING_EXTERNAL_LEAN_REPLAY,"[""VII-C014""]"
FVII-SCI04-DECL-0116,FVII-SCI04-THM-0116,FoundationsVII.BirthRecord.participant_credit_requires_closure_survival,participant_credit_requires_closure_survival,theorem,formalization/lean/FoundationsVII/Enablement/Birth.lean,120,123,ef3016bf701da9e68ad7edef6f3a162e4b323ed4324d3ae2cc14548dd2ce32e4,142a9c0187363c3853af72e7353ddab4d0ee46319a1b4e10c916d474095c4abb,PENDING_EXTERNAL_LEAN_REPLAY,"[""VII-C014""]"
FVII-SCI04-DECL-0117,FVII-SCI04-THM-0117,FoundationsVII.BirthRecord.relation_only_has_no_participant_credit,relation_only_has_no_participant_credit,theorem,formalization/lean/FoundationsVII/Enablement/Birth.lean,124,129,46462e41e3ec74844e4d928da3de8cbb4ae0bfaa88a5efc6c42e5cf2b3820deb,58fe4c43116ffb27fb7776bb06f8d4ad6260b83892cde9f8782cba4298d9e478,PENDING_EXTERNAL_LEAN_REPLAY,"[""VII-C014""]"
FVII-SCI04-DECL-0119,FVII-SCI04-THM-0119,FoundationsVII.contact_can_remain_relation_only,contact_can_remain_relation_only,theorem,formalization/lean/FoundationsVII/Enablement/Birth.lean,150,155,4b5a78a1a2454a7fef6aa51ec3ff2d8398c05eace41889e1b9148839f2fd7fc5,f0866ba36f85228b9d83e7b4f4fa354ad8ffd9f49688f2a73b6d3654e4bf6e82,PENDING_EXTERNAL_LEAN_REPLAY,"[""VII-C014""]"
FVII-SCI04-DECL-0120,FVII-SCI04-THM-0120,FoundationsVII.closure_performed_and_closure_undergone_are_distinct,closure_performed_and_closure_undergone_are_distinct,theorem,formalization/lean/FoundationsVII/Enablement/Birth.lean,156,158,9b51e461c642625bc1ed4e06bd57762fb0a85e3584070144b6b79a536bd780fe,2098056cf5f501bcd468b782bc73601538266dd216c002e427ac19f92622df69,PENDING_EXTERNAL_LEAN_REPLAY,"[""VII-C014""]"
FVII-SCI04-DECL-0121,FVII-SCI04-THM-0121,FoundationsVII.system_performed_birth_control,system_performed_birth_control,theorem,formalization/lean/FoundationsVII/Enablement/Birth.lean,159,164,15a22970aec590d5b22dc81dd9ab05fda69ea443a2ee4c95b80eb5986a44addb,b8df34732a40303481825d98554a8edfbcc1a0ca03e92132e3c29fe4572e73e1,PENDING_EXTERNAL_LEAN_REPLAY,"[""VII-C014""]"
FVII-SCI04-DECL-0122,FVII-SCI04-THM-0122,FoundationsVII.system_underwent_birth_control,system_underwent_birth_control,theorem,formalization/lean/FoundationsVII/Enablement/Birth.lean,165,170,5751d9cda001a55955a48771a818a3a4960b342ff3dbcd331e94450af6c4078d,a82c1ae088cbe68c02c5289272881eca5089236a6225ceee3f04de95ea081a16,PENDING_EXTERNAL_LEAN_REPLAY,"[""VII-C014""]"
FVII-SCI04-DECL-0123,FVII-SCI04-THM-0123,FoundationsVII.inherited_activation_class_does_not_by_itself_create_participant,inherited_activation_class_does_not_by_itself_create_participant,theorem,formalization/lean/FoundationsVII/Enablement/Birth.lean,171,178,37cfe7136b328236c65a68f782a9282b33e585020aa3f7e55a8b48d21a27fee1,6e81752a985a9c989e356d6be74d8a2e32fa39318efafcb7bd186b626e9620ef,PENDING_EXTERNAL_LEAN_REPLAY,"[""VII-C014""]"
FVII-SCI04-DECL-0124,FVII-SCI04-THM-0124,FoundationsVII.participant_creation_is_conditional_not_automatic,participant_creation_is_conditional_not_automatic,theorem,formalization/lean/FoundationsVII/Enablement/Birth.lean,179,188,2b636d7a0200723c2aa3370cd0b54677c0c1371a7f60464f95fc414c75d04f71,d25500bc42cce035c3f8a187f8846417c872b57fde8fce70fbc8aa396e9964cd,PENDING_EXTERNAL_LEAN_REPLAY,"[""VII-C014""]"
FVII-SCI04-DECL-0128,FVII-SCI04-THM-0128,FoundationsVII.ResourceDelta.combine_cost,combine_cost,theorem,formalization/lean/FoundationsVII/Enablement/Composition.lean,27,29,aeb130ca050fb5f39d05b402cf659d95287b3eda27ec178ef0c51b341db32eeb,7d5df8c8cea3f74f659fa0c086c4801e44ddabb0a0150c4f44b7ab5922277b1e,PENDING_EXTERNAL_LEAN_REPLAY,"[""VII-C027""]"
FVII-SCI04-DECL-0129,FVII-SCI04-THM-0129,FoundationsVII.ResourceDelta.combine_residualDebt,combine_residualDebt,theorem,formalization/lean/FoundationsVII/Enablement/Composition.lean,30,32,b635fe49e28cdc543b06c415d56c297d1d2669718dcc684378ada5301890bdc0,04343b377b256a7b53ce85e69a1f68e549c5edf7b6d8951083bf962ab5159efc,PENDING_EXTERNAL_LEAN_REPLAY,"[""VII-C027""]"
FVII-SCI04-DECL-0130,FVII-SCI04-THM-0130,FoundationsVII.ResourceDelta.combine_assoc,combine_assoc,theorem,formalization/lean/FoundationsVII/Enablement/Composition.lean,33,39,e1197846763d4e3bb1d1489977d62e66c7c1a51b0e4d6e33b66bc36231ac71e8,e92f248dbc1cf5cd709c88d7076d023da5833c77d3dc23742c5be9a100e66b8a,PENDING_EXTERNAL_LEAN_REPLAY,"[""VII-C027""]"
FVII-SCI04-DECL-0131,FVII-SCI04-THM-0131,FoundationsVII.ResourceDelta.zero_left,zero_left,theorem,formalization/lean/FoundationsVII/Enablement/Composition.lean,40,43,e969be40a604b83381aeead1f58cd40c5ae87ea66fcebc089a07665860b77353,541ecc62348f3121ae41474a163c3935295b3cc3ca953773ac2e2a22bf4f5d1b,PENDING_EXTERNAL_LEAN_REPLAY,"[""VII-C027""]"
FVII-SCI04-DECL-0132,FVII-SCI04-THM-0132,FoundationsVII.ResourceDelta.zero_right,zero_right,theorem,formalization/lean/FoundationsVII/Enablement/Composition.lean,44,49,de4dec0b8341c961d3ff948dc7028e7b75c0d50a87496b11f1d4912ddd552779,4fdbd6545673284cabf55e5b0a60911e377f416b39164437cf02158903d3bd61,PENDING_EXTERNAL_LEAN_REPLAY,"[""VII-C027""]"
FVII-SCI04-DECL-0137,FVII-SCI04-THM-0137,FoundationsVII.EnablementLink.compose_accumulates_cost,compose_accumulates_cost,theorem,formalization/lean/FoundationsVII/Enablement/Composition.lean,83,85,7e000091c6f82addc65bbcc24c773cac5a80fc123037705e380f219321cd81e9,6b605584b05b16b15508245b6f0aba88ed1575d06ae95ffebcc5f351a16e6ad5,PENDING_EXTERNAL_LEAN_REPLAY,"[""VII-C027""]"
FVII-SCI04-DECL-0138,FVII-SCI04-THM-0138,FoundationsVII.EnablementLink.compose_accumulates_residual_debt,compose_accumulates_residual_debt,theorem,formalization/lean/FoundationsVII/Enablement/Composition.lean,86,89,272dab0ca442e3713147523e8cb73dd1a972d4f35b38e18a4dd2193213e1b1cf,fe82d7377db5facf0559a94b91eea74e47d4ee83515a82d2f76085822a5783ad,PENDING_EXTERNAL_LEAN_REPLAY,"[""VII-C027""]"
FVII-SCI04-DECL-0139,FVII-SCI04-THM-0139,FoundationsVII.EnablementLink.compose_associative_data,compose_associative_data,theorem,formalization/lean/FoundationsVII/Enablement/Composition.lean,90,96,05006752f1f5a45f3826005dad481b69b14080b20176aa2f90ae82dff0331af8,0274efc9772fda0853acf129196775273e70225331100266546e32e5924b5278,PENDING_EXTERNAL_LEAN_REPLAY,"[""VII-C027""]"
FVII-SCI04-DECL-0140,FVII-SCI04-THM-0140,FoundationsVII.EnablementLink.composable_chain_associates,composable_chain_associates,theorem,formalization/lean/FoundationsVII/Enablement/Composition.lean,97,105,dc000275f640fe2f3b70551006d3c6589342a4fa6c004d62237d52e513da07db,f7b658c4de7d250ca02a4c399049a6332d12af7c96f846a2988546bc68b5fa58,PENDING_EXTERNAL_LEAN_REPLAY,"[""VII-C027""]"
FVII-SCI04-DECL-0143,FVII-SCI04-THM-0143,FoundationsVII.composed_enablement_without_transitive_causation_exists,composed_enablement_without_transitive_causation_exists,theorem,formalization/lean/FoundationsVII/Enablement/Composition.lean,142,146,ef34b263f14087d07a79893155f1cc67639600d59088424064121c4bb5ece549,9e81e7bc05e9784da6c86c676ec24e9ae8eeafafacf22326d8b4766af30a6726,PENDING_EXTERNAL_LEAN_REPLAY,"[""VII-C027""]"
FVII-SCI04-DECL-0144,FVII-SCI04-THM-0144,FoundationsVII.incompatible_order_blocks_composition_credit,incompatible_order_blocks_composition_credit,theorem,formalization/lean/FoundationsVII/Enablement/Composition.lean,147,150,2350abeb5ae6b75f2665d9c6541735b9ee4720610f66d011aa9baac48fdd9dee,fbcd092badce8d98e33aa7a26ef059addd91b1896534349f247edc0a34255a9c,PENDING_EXTERNAL_LEAN_REPLAY,"[""VII-C027""]"
FVII-SCI04-DECL-0146,FVII-SCI04-THM-0146,FoundationsVII.enablement_chain_can_be_order_sensitive,enablement_chain_can_be_order_sensitive,theorem,formalization/lean/FoundationsVII/Enablement/Composition.lean,160,164,e14732e459871b96325984026e2283140f87873064506d609561ce8bf43cbc82,c627eaa98349747506c2853607066f27959eabdcd203ab7d7cbd679933b53fc5,PENDING_EXTERNAL_LEAN_REPLAY,"[""VII-C027""]"
FVII-SCI04-DECL-0149,FVII-SCI04-THM-0149,FoundationsVII.EndogenousEnablementProfile.eligible_iff_exact_criterion,eligible_iff_exact_criterion,theorem,formalization/lean/FoundationsVII/Enablement/Endogenous.lean,41,49,edaf28a24696d27261b9120aee5fef738bf967278afdb10f704b6bfb9770f4ab,cc526dc8335a5361c9fc9a48cd6a401c459abccd7531d1b142a157b949bde855,PENDING_EXTERNAL_LEAN_REPLAY,"[""VII-C013""]"
FVII-SCI04-DECL-0150,FVII-SCI04-THM-0150,FoundationsVII.EndogenousEnablementProfile.eligible_requires_carried_generator,eligible_requires_carried_generator,theorem,formalization/lean/FoundationsVII/Enablement/Endogenous.lean,50,52,266a489c39b62ecc2916b2909b41517d9a31c137da9ad941a714e471fe7bb35d,43fd61e870e9fd05cf878b2add567248db62892856a59cf60e34a4a6a51b7f6f,PENDING_EXTERNAL_LEAN_REPLAY,"[""VII-C013""]"
FVII-SCI04-DECL-0151,FVII-SCI04-THM-0151,FoundationsVII.EndogenousEnablementProfile.eligible_requires_reachable_generator,eligible_requires_reachable_generator,theorem,formalization/lean/FoundationsVII/Enablement/Endogenous.lean,53,55,e9d9f2fced390784acbefb0cc7b41fa414e23f8df970ff248cf9ec94e541cc03,b2434d90dfe3a3d68bb36996b1a5831eb5532a8496faaf4cb02cc2d0208f7ffe,PENDING_EXTERNAL_LEAN_REPLAY,"[""VII-C013""]"
FVII-SCI04-DECL-0152,FVII-SCI04-THM-0152,FoundationsVII.EndogenousEnablementProfile.eligible_requires_execution,eligible_requires_execution,theorem,formalization/lean/FoundationsVII/Enablement/Endogenous.lean,56,58,fc938f9b696583e83b0756ed0993aad86544a38df7ca43514759eecf740d46b1,ff4975e8a8b7698400c59bb8844480d1c6178518e48b01f61e1e59712a2f07c9,PENDING_EXTERNAL_LEAN_REPLAY,"[""VII-C013""]"
FVII-SCI04-DECL-0153,FVII-SCI04-THM-0153,FoundationsVII.EndogenousEnablementProfile.eligible_requires_audit,eligible_requires_audit,theorem,formalization/lean/FoundationsVII/Enablement/Endogenous.lean,59,61,d2328df404eccd25c2e2b58e475105432ac23a61a0faa0a1f0a3cbb3be58b416,b57c1f71fadddf88d38dc30f011cb80e9517efc221a8cf13dffe9d22486bce8f,PENDING_EXTERNAL_LEAN_REPLAY,"[""VII-C013""]"
FVII-SCI04-DECL-0154,FVII-SCI04-THM-0154,FoundationsVII.EndogenousEnablementProfile.eligible_requires_budget,eligible_requires_budget,theorem,formalization/lean/FoundationsVII/Enablement/Endogenous.lean,62,64,a139cba540f37ccc3263254523b43e6e907cdc1c08b703c9d4a357c4066ed85c,dcb9676f8768d44a80feff9bbade1f470a345d1f365980a4a051cd03ace1722d,PENDING_EXTERNAL_LEAN_REPLAY,"[""VII-C013""]"
FVII-SCI04-DECL-0155,FVII-SCI04-THM-0155,FoundationsVII.EndogenousEnablementProfile.hidden_theorist_execution_defeats_endogenous_credit,hidden_theorist_execution_defeats_endogenous_credit,theorem,formalization/lean/FoundationsVII/Enablement/Endogenous.lean,65,72,aeaa0bb7ec3363cf807d28d8c1c1878b4e4d6794e9e2f7ff7243f8e54b1aebc5,91c2c16a9e19f8582ad80839fc64c8300a38c5ca7176263628126077a2a76c52,PENDING_EXTERNAL_LEAN_REPLAY,"[""VII-C013""]"
FVII-SCI04-DECL-0156,FVII-SCI04-THM-0156,FoundationsVII.EndogenousEnablementProfile.hidden_observer_execution_defeats_endogenous_credit,hidden_observer_execution_defeats_endogenous_credit,theorem,formalization/lean/FoundationsVII/Enablement/Endogenous.lean,73,98,857bf6075a38985013e6312297d8fe374afe021ea08b14412fbcf15dc0849ebd,52bd49a37624ebded5fbd91edea4fbfb2bd9ff388d66965bf081c928fc3bdb4e,PENDING_EXTERNAL_LEAN_REPLAY,"[""VII-C013""]"
FVII-SCI04-DECL-0157,FVII-SCI04-THM-0157,FoundationsVII.constructive_endogenous_enablement_exists,constructive_endogenous_enablement_exists,theorem,formalization/lean/FoundationsVII/Enablement/Endogenous.lean,99,101,77583f164f24da8f248af96e9d87fc0fcc3b6aa83390c39a8b3624e0ac90dd68,d8c26ee0956f43218ab470b17b4196661d9a844311fdc095f4be23513bfa82a8,PENDING_EXTERNAL_LEAN_REPLAY,"[""VII-C013""]"
FVII-SCI04-DECL-0158,FVII-SCI04-THM-0158,FoundationsVII.accounted_environmental_input_is_compatible_with_endogeny,accounted_environmental_input_is_compatible_with_endogeny,theorem,formalization/lean/FoundationsVII/Enablement/Endogenous.lean,102,104,97201d8f0ce8c7d07b6e6b98ee88ca838ecd0f768362a3522fa6a26f54cf2dad,7db34a5ac2787c6a7a41281aadc76f36a54b1d36baffab3f88b566931ec2552e,PENDING_EXTERNAL_LEAN_REPLAY,"[""VII-C013""]"
FVII-SCI04-DECL-0159,FVII-SCI04-THM-0159,FoundationsVII.theorist_triggered_enablement_is_not_endogenous,theorist_triggered_enablement_is_not_endogenous,theorem,formalization/lean/FoundationsVII/Enablement/Endogenous.lean,105,107,cdf4cee27da8e913fdddb7c79d4a4e2fe24fd88eee89d5749e97547c3166d88b,9141b25cffd09b2879f3ae5992552e1f46045630b8f1c6c1a3eefb04139b5c85,PENDING_EXTERNAL_LEAN_REPLAY,"[""VII-C013""]"
FVII-SCI04-DECL-0160,FVII-SCI04-THM-0160,FoundationsVII.hidden_observer_enablement_is_not_endogenous,hidden_observer_enablement_is_not_endogenous,theorem,formalization/lean/FoundationsVII/Enablement/Endogenous.lean,108,111,34fb14aa32614fe07489a25f549952eb847352517d8c69451f99951e5ab47184,f4df0dd5ea7396af755cdb91b8e5a3fa96f007ced6e55ceed1cf65965a7ec3ec,PENDING_EXTERNAL_LEAN_REPLAY,"[""VII-C013""]"
FVII-SCI04-DECL-0162,FVII-SCI04-THM-0162,FoundationsVII.endogenous_does_not_mean_environmentally_isolated_or_uncaused,endogenous_does_not_mean_environmentally_isolated_or_uncaused,theorem,formalization/lean/FoundationsVII/Enablement/Endogenous.lean,121,128,8b14984a9b0540bfe1c4915fb772beaad23e3872db5fcf6438a8e656f6df3136,0d3a0873b1b54e46771288fd12bbb6b8ed5d3c18477ab57a047f409d954f343c,PENDING_EXTERNAL_LEAN_REPLAY,"[""VII-C013""]"
FVII-SCI04-DECL-0166,FVII-SCI04-THM-0166,FoundationsVII.constructive_enablement_without_descent,constructive_enablement_without_descent,theorem,formalization/lean/FoundationsVII/Enablement/Separation.lean,49,54,cbd2ba624c268d7d6ddcd4b8c81ee7af51966b31896d15e749375a600194b734,97eb85853d4e57d58a39eebb0603d804edf812a73c37588b0629a6c92145fcdb,PENDING_EXTERNAL_LEAN_REPLAY,"[""VII-C034""]"
FVII-SCI04-DECL-0167,FVII-SCI04-THM-0167,FoundationsVII.constructive_necessary_but_insufficient_enablement,constructive_necessary_but_insufficient_enablement,theorem,formalization/lean/FoundationsVII/Enablement/Separation.lean,55,59,5b8d5857e44c841396a0a39f49f16733bfa428c29eeed02a2d6a69b1116094ad,c9130698b2dce2f42881c4c9446d74079133a6f629bf976e1e5a626f5015ef5b,PENDING_EXTERNAL_LEAN_REPLAY,"[""VII-C034""]"
FVII-SCI04-DECL-0168,FVII-SCI04-THM-0168,FoundationsVII.enablement_without_descent_need_not_be_causal,enablement_without_descent_need_not_be_causal,theorem,formalization/lean/FoundationsVII/Enablement/Separation.lean,60,63,3e7ef3c617c8e5569e8f41bdb05f85e2345de0aa42e2a6c918f01c4cdbc03da6,fcb8cdf6433d129d3629ffac2b11430b6f80a58efcd646a326516cca378b49d5,PENDING_EXTERNAL_LEAN_REPLAY,"[""VII-C034""]"
FVII-SCI04-DECL-0169,FVII-SCI04-THM-0169,FoundationsVII.necessary_enablement_does_not_imply_sufficiency,necessary_enablement_does_not_imply_sufficiency,theorem,formalization/lean/FoundationsVII/Enablement/Separation.lean,64,68,6e8b4dcc7045812926a03b57b43219e4508d9037999493fd25defcb262ecb1dc,626beb98705c312e7c404df2f08cd42a726fceae709a4d0b6a04c4a43dd61d93,PENDING_EXTERNAL_LEAN_REPLAY,"[""VII-C034""]"
FVII-SCI04-DECL-0174,FVII-SCI04-THM-0174,FoundationsVII.Models.Finite.Phase4.attribution_raw_cardinality,attribution_raw_cardinality,theorem,formalization/lean/FoundationsVII/Models/Finite/Phase4/DynamicsEnvelope.lean,58,59,e88b734f9810404b90191bf497738f943612957e84eddd8573e24c949fc78b23,5767e8a6ab78e417a74dfcd583dc37368fecef9a60c12d4b66eee0572d651fae,PENDING_EXTERNAL_LEAN_REPLAY,"[""VII-C012""]"
FVII-SCI04-DECL-0175,FVII-SCI04-THM-0175,FoundationsVII.Models.Finite.Phase4.attribution_accepted_cardinality,attribution_accepted_cardinality,theorem,formalization/lean/FoundationsVII/Models/Finite/Phase4/DynamicsEnvelope.lean,60,62,880549e8b9f07415325c952818b5d7af4183ea8a03c77686eef14d86f420f4c6,66fcd2df8de58524981ce06a50e78745dc83a97336b903eacadf806a9825916d,PENDING_EXTERNAL_LEAN_REPLAY,"[""VII-C012""]"
FVII-SCI04-DECL-0176,FVII-SCI04-THM-0176,FoundationsVII.Models.Finite.Phase4.attribution_exhaustive,attribution_exhaustive,theorem,formalization/lean/FoundationsVII/Models/Finite/Phase4/DynamicsEnvelope.lean,63,67,be9f345d442ba2be8e918c15be7fca483dbf98f667f4699b5c5dc2428df47936,239e1a66c065f7185b18eb7441bdd7aeaa25aa75f5f7267c4035f682f2a024c0,PENDING_EXTERNAL_LEAN_REPLAY,"[""VII-C012""]"
FVII-SCI04-DECL-0181,FVII-SCI04-THM-0181,FoundationsVII.Models.Finite.Phase4.endogenous_raw_cardinality,endogenous_raw_cardinality,theorem,formalization/lean/FoundationsVII/Models/Finite/Phase4/DynamicsEnvelope.lean,106,107,311af68bc95c87be5b546786da13db2104084f2caca2ece45b3293d8fd07008b,61858e95ddf0205e2a9f74a77e16526fd58734cb22a0d51836f0ca36f9df954a,PENDING_EXTERNAL_LEAN_REPLAY,"[""VII-C013""]"
FVII-SCI04-DECL-0182,FVII-SCI04-THM-0182,FoundationsVII.Models.Finite.Phase4.endogenous_accepted_cardinality,endogenous_accepted_cardinality,theorem,formalization/lean/FoundationsVII/Models/Finite/Phase4/DynamicsEnvelope.lean,108,110,5954e51b04bbae9b3f5bbe3c7902d694042689d8adcd036e9c84e133548dbe23,2161b8f3fe5a793c323d4363e84cb2b5d90442db925b657529f98db8607e1c48,PENDING_EXTERNAL_LEAN_REPLAY,"[""VII-C013""]"
FVII-SCI04-DECL-0183,FVII-SCI04-THM-0183,FoundationsVII.Models.Finite.Phase4.endogenous_exhaustive,endogenous_exhaustive,theorem,formalization/lean/FoundationsVII/Models/Finite/Phase4/DynamicsEnvelope.lean,111,115,1c553916cff7ccdd0fe7f20fa53ff258ce3cd2611829c3d643e19d2247e73987,d6119e00b4ffd2ece51c487f802cc80b74c49f51153d8ba87d85b9b58c6e251a,PENDING_EXTERNAL_LEAN_REPLAY,"[""VII-C013""]"
FVII-SCI04-DECL-0189,FVII-SCI04-THM-0189,FoundationsVII.Models.Finite.Phase4.birth_raw_cardinality,birth_raw_cardinality,theorem,formalization/lean/FoundationsVII/Models/Finite/Phase4/DynamicsEnvelope.lean,162,163,c0ed984aff76b219260dc523c0183f0bef29b9af49b950c80d81502a480dec01,e1434d6e45b85b1b7cf7a84627aa566ca6ed0caf3115697d40c6f790e795d566,PENDING_EXTERNAL_LEAN_REPLAY,"[""VII-C014""]"
FVII-SCI04-DECL-0190,FVII-SCI04-THM-0190,FoundationsVII.Models.Finite.Phase4.birth_accepted_cardinality,birth_accepted_cardinality,theorem,formalization/lean/FoundationsVII/Models/Finite/Phase4/DynamicsEnvelope.lean,164,166,048279c75f13f75e6b97450331e6597f59cb6c05998f21f6ada60dcd4c9ef127,987a8a1696b64c1e0d95759bf6e98f08408479a5f69975743e9265b5951fd8d9,PENDING_EXTERNAL_LEAN_REPLAY,"[""VII-C014""]"
FVII-SCI04-DECL-0191,FVII-SCI04-THM-0191,FoundationsVII.Models.Finite.Phase4.birth_exhaustive,birth_exhaustive,theorem,formalization/lean/FoundationsVII/Models/Finite/Phase4/DynamicsEnvelope.lean,167,171,c0b77fff5147286425c4e7f26df1cf1215233b1ec37df368c7c118e8224a3458,a3f4755def731e831f8bac969579a40f216b286ac5b0eb7fb2e7b638d4d82dd0,PENDING_EXTERNAL_LEAN_REPLAY,"[""VII-C014""]"
FVII-SCI04-DECL-0196,FVII-SCI04-THM-0196,FoundationsVII.Models.Finite.Phase4.transmission_raw_cardinality,transmission_raw_cardinality,theorem,formalization/lean/FoundationsVII/Models/Finite/Phase4/DynamicsEnvelope.lean,219,220,691adb6fde23ec850e4a85d787fbf5c22c0afdb9119891e3c90d2d8aaf3a058e,6ed9ac3400c2fef25b9aae08ee158b4426ff37b5ac3011e32d7dfe7edabe09cc,PENDING_EXTERNAL_LEAN_REPLAY,"[""VII-C015""]"
FVII-SCI04-DECL-0197,FVII-SCI04-THM-0197,FoundationsVII.Models.Finite.Phase4.transmission_accepted_cardinality,transmission_accepted_cardinality,theorem,formalization/lean/FoundationsVII/Models/Finite/Phase4/DynamicsEnvelope.lean,221,223,c1cb0e3f2a8695cc76bf0ee454c98264eb3716b3054b50030fe0dfa3f8f07acc,3068ddb1edfc6fd1666603ccac4766fa1d47de2bcad90e6576af882da85796b8,PENDING_EXTERNAL_LEAN_REPLAY,"[""VII-C015""]"
FVII-SCI04-DECL-0198,FVII-SCI04-THM-0198,FoundationsVII.Models.Finite.Phase4.transmission_exhaustive,transmission_exhaustive,theorem,formalization/lean/FoundationsVII/Models/Finite/Phase4/DynamicsEnvelope.lean,224,228,ae06c5f707de91b56a3345b9a305169131a25398ea0273c367947d749ebba67a,1180e3b2317739d2acdacb775b28adb7a1cb2daa914dcc87e7ad81622fcf4d30,PENDING_EXTERNAL_LEAN_REPLAY,"[""VII-C015""]"
FVII-SCI04-DECL-0202,FVII-SCI04-THM-0202,FoundationsVII.Models.Finite.Phase4.separation_raw_cardinality,separation_raw_cardinality,theorem,formalization/lean/FoundationsVII/Models/Finite/Phase4/DynamicsEnvelope.lean,260,261,42118c1b1b7d8bb6276dbde03f396bf11cdb41cce9725651d8d578760e65288e,eb345dc6ef94ebdcb1883f8fbb79df348a3044ba75d5b4da3113de22c53aecf2,PENDING_EXTERNAL_LEAN_REPLAY,"[""VII-C034""]"
FVII-SCI04-DECL-0203,FVII-SCI04-THM-0203,FoundationsVII.Models.Finite.Phase4.separation_accepted_cardinality,separation_accepted_cardinality,theorem,formalization/lean/FoundationsVII/Models/Finite/Phase4/DynamicsEnvelope.lean,262,264,c3eeacd3c1c54425102de6d3ccc312425c41b4231cb14ad0051e550d03d62b01,8d4bd60bc378172a49c4dc6c45b9e48eae5a22959e3cbc1538e77a9ea3047504,PENDING_EXTERNAL_LEAN_REPLAY,"[""VII-C034""]"
FVII-SCI04-DECL-0204,FVII-SCI04-THM-0204,FoundationsVII.Models.Finite.Phase4.separation_exhaustive,separation_exhaustive,theorem,formalization/lean/FoundationsVII/Models/Finite/Phase4/DynamicsEnvelope.lean,265,269,266068587f28899ac45ffa46eabda0673525377a43f291eda98386c3c0b5252b,cefe1e47b482bcf0e9b2cbc5fe1a4896891cc4b43b4de082302289446b926539,PENDING_EXTERNAL_LEAN_REPLAY,"[""VII-C034""]"
FVII-SCI04-DECL-0208,FVII-SCI04-THM-0208,FoundationsVII.Models.Finite.Phase4.composition_raw_cardinality,composition_raw_cardinality,theorem,formalization/lean/FoundationsVII/Models/Finite/Phase4/DynamicsEnvelope.lean,310,311,80251c7c9a50d09203605b0be72b56d783b8afc48c2cae5917736c47c86e4de3,8a86c4bba6397fa12a09f676222f0b6bb79449c263648e3df63f7abb5fd03dda,PENDING_EXTERNAL_LEAN_REPLAY,"[""VII-C027""]"
FVII-SCI04-DECL-0209,FVII-SCI04-THM-0209,FoundationsVII.Models.Finite.Phase4.composition_accepted_cardinality,composition_accepted_cardinality,theorem,formalization/lean/FoundationsVII/Models/Finite/Phase4/DynamicsEnvelope.lean,312,314,21422c05d936715b2e4fef74897d1674a202906a8388d6e03beae51d6a2c0447,ed8755b7d38a0c2fee217a9c14f8de970aebdc55a453ce52b88958685b29f7d5,PENDING_EXTERNAL_LEAN_REPLAY,"[""VII-C027""]"
FVII-SCI04-DECL-0210,FVII-SCI04-THM-0210,FoundationsVII.Models.Finite.Phase4.composition_exhaustive,composition_exhaustive,theorem,formalization/lean/FoundationsVII/Models/Finite/Phase4/DynamicsEnvelope.lean,315,319,c57e78c59d37e47998b48c98aefbb732a9958c42e8ac57e66a7b26beb9cacdac,d5c8ddfbe678f461a1982decad5edaab194473addb650bebe91897046c83c547,PENDING_EXTERNAL_LEAN_REPLAY,"[""VII-C027""]"
FVII-SCI04-DECL-0214,FVII-SCI04-THM-0214,FoundationsVII.Models.Finite.Phase4.confluence_raw_cardinality,confluence_raw_cardinality,theorem,formalization/lean/FoundationsVII/Models/Finite/Phase4/DynamicsEnvelope.lean,342,343,5e0cd166cf0d31e4632aa5c455b6524c9f6a099ae3d9cc9c220b5656802950ed,a125ece5925ec8ea4438bf795faa0427cbeb67774d72a5bdcddaf8b3749c5143,PENDING_EXTERNAL_LEAN_REPLAY,"[""VII-C018""]"
FVII-SCI04-DECL-0215,FVII-SCI04-THM-0215,FoundationsVII.Models.Finite.Phase4.confluence_accepted_cardinality,confluence_accepted_cardinality,theorem,formalization/lean/FoundationsVII/Models/Finite/Phase4/DynamicsEnvelope.lean,344,346,9701fba3f3a986b3da6bdcf8e00ad2c44bcebe05c6dcf16c853d7cdf2b0a6f33,18c1cb1cde8de78ab8207c2a5e85a37372277ff1ff753f32175853511818ee8f,PENDING_EXTERNAL_LEAN_REPLAY,"[""VII-C018""]"
FVII-SCI04-DECL-0216,FVII-SCI04-THM-0216,FoundationsVII.Models.Finite.Phase4.confluence_exhaustive,confluence_exhaustive,theorem,formalization/lean/FoundationsVII/Models/Finite/Phase4/DynamicsEnvelope.lean,347,351,e8d5e7345683aec0f935349a13a62fce169d329f7f8afd9cb2f2646dd79a472d,831256d44391a0bf3f2eaf03a1ee091e41ff989959b4d9a927f3545bf5ea1296,PENDING_EXTERNAL_LEAN_REPLAY,"[""VII-C018""]"
FVII-SCI04-DECL-0220,FVII-SCI04-THM-0220,FoundationsVII.Models.Finite.Phase4.seed_raw_cardinality,seed_raw_cardinality,theorem,formalization/lean/FoundationsVII/Models/Finite/Phase4/DynamicsEnvelope.lean,377,378,1071e671370149ff6bb14cc7203cb0edf03b40f734d0a04a31300fd9b24f3272,d7880f3bfe9bacb7cb9603c14e4a58294631f1f03eec1baf7595d622591f9e00,PENDING_EXTERNAL_LEAN_REPLAY,"[""VII-C018""]"
FVII-SCI04-DECL-0221,FVII-SCI04-THM-0221,FoundationsVII.Models.Finite.Phase4.seed_accepted_cardinality,seed_accepted_cardinality,theorem,formalization/lean/FoundationsVII/Models/Finite/Phase4/DynamicsEnvelope.lean,379,381,212795af8556b9a94d44cfeae155e7507a8ef6013b61e3c46fb63402ef1a2bf8,fec94a6c996cb09ca45cf0d0ba1cf9f809d8af0b0be1c14e866a29323a3bbb55,PENDING_EXTERNAL_LEAN_REPLAY,"[""VII-C018""]"
FVII-SCI04-DECL-0222,FVII-SCI04-THM-0222,FoundationsVII.Models.Finite.Phase4.seed_exhaustive,seed_exhaustive,theorem,formalization/lean/FoundationsVII/Models/Finite/Phase4/DynamicsEnvelope.lean,382,386,a1dfb3ec4083a06634b915cf979e16053c2946fb5b0e5f56bab9030140a20000,1cc4d0ba15406680583ed0e354e7376c60fd34dea6b441ce07dae169dd8f1a22,PENDING_EXTERNAL_LEAN_REPLAY,"[""VII-C018""]"
FVII-SCI04-DECL-0226,FVII-SCI04-THM-0226,FoundationsVII.Models.Finite.Phase4.holonomy_raw_cardinality,holonomy_raw_cardinality,theorem,formalization/lean/FoundationsVII/Models/Finite/Phase4/DynamicsEnvelope.lean,421,422,df616f8d638f97efcfd25bf637c2462f0e239650bf9ac714d04609b730f502c0,a72354da1a21fed2422b1d7d85d1f18736660239e9b649b9ab956bc211df9838,PENDING_EXTERNAL_LEAN_REPLAY,"[""VII-C017""]"
FVII-SCI04-DECL-0227,FVII-SCI04-THM-0227,FoundationsVII.Models.Finite.Phase4.holonomy_accepted_cardinality,holonomy_accepted_cardinality,theorem,formalization/lean/FoundationsVII/Models/Finite/Phase4/DynamicsEnvelope.lean,423,425,831bc5a4bba44fb6e56eaac3d5180ff576cce9f43a0217ec5c649c0af49ffd73,67ab393ed1d2f235fd98dc049601ca9d379348ce86e08e071e178b507969bbb1,PENDING_EXTERNAL_LEAN_REPLAY,"[""VII-C017""]"
FVII-SCI04-DECL-0228,FVII-SCI04-THM-0228,FoundationsVII.Models.Finite.Phase4.holonomy_exhaustive,holonomy_exhaustive,theorem,formalization/lean/FoundationsVII/Models/Finite/Phase4/DynamicsEnvelope.lean,426,430,cd81cc1b7f2113f27784fca6aafc2c8e968675c7245016709b9c1501bc71b358,88f805bce24d0e2c68aed2c68d209e5a620ed56bb904d4098f043afb5f6bfe45,PENDING_EXTERNAL_LEAN_REPLAY,"[""VII-C017""]"
FVII-SCI04-DECL-0232,FVII-SCI04-THM-0232,FoundationsVII.Models.Finite.Phase4.arrow_raw_cardinality,arrow_raw_cardinality,theorem,formalization/lean/FoundationsVII/Models/Finite/Phase4/DynamicsEnvelope.lean,456,457,2fc70fea0cdca7518fdf38211ae70e1f4eb7baffa6796044045d0b9dfd4d33bb,4c266147b084c69c4e3cbbb4097b8f098a500f37b6d16b6159053d1f65cf1be3,PENDING_EXTERNAL_LEAN_REPLAY,"[""VII-C017"",""VII-C032""]"
FVII-SCI04-DECL-0233,FVII-SCI04-THM-0233,FoundationsVII.Models.Finite.Phase4.arrow_accepted_cardinality,arrow_accepted_cardinality,theorem,formalization/lean/FoundationsVII/Models/Finite/Phase4/DynamicsEnvelope.lean,458,460,d2426408f71078d3f189dcce932eaa7adffbcda40b354075e34800b685c3633f,bffb01872b5a14dbfa01b8b5a144e97ea9b81babae34c3cf43366daeec58c4e5,PENDING_EXTERNAL_LEAN_REPLAY,"[""VII-C017"",""VII-C032""]"
FVII-SCI04-DECL-0234,FVII-SCI04-THM-0234,FoundationsVII.Models.Finite.Phase4.arrow_exhaustive,arrow_exhaustive,theorem,formalization/lean/FoundationsVII/Models/Finite/Phase4/DynamicsEnvelope.lean,461,473,527b13c3a253622cfb41c8efdb5ad94e407e9630ee5856fb2312f4592cf9f5e4,9d018575aa5eed6c52d377b3909a0c2a8e59c6bf378fae0b8afbb34279f02837,PENDING_EXTERNAL_LEAN_REPLAY,"[""VII-C017"",""VII-C032""]"
FVII-SCI04-DECL-0235,FVII-SCI04-THM-0235,FoundationsVII.Models.Finite.Phase4.finite_holonomy_zero_arrow_exists,finite_holonomy_zero_arrow_exists,theorem,formalization/lean/FoundationsVII/Models/Finite/Phase4/DynamicsEnvelope.lean,474,479,f8db604782806cf3c94af4bd7b06e720b33074f4d4513de2c6fbc6845c216eab,392cff1146d7cf229c2e779f1522aac90d7cf58d891519fd3b54dc33ec1f5fac,PENDING_EXTERNAL_LEAN_REPLAY,"[""VII-C017"",""VII-C032""]"
FVII-SCI04-DECL-0236,FVII-SCI04-THM-0236,FoundationsVII.Models.Finite.Phase4.finite_driven_arrow_exists,finite_driven_arrow_exists,theorem,formalization/lean/FoundationsVII/Models/Finite/Phase4/DynamicsEnvelope.lean,480,486,adc99a96c60f21c2a0741f1b52ec0d5ee362bc8fb6a26f7dcfdfdc24844afbce,7d1048f0360287758aaec02deee6446983420f98545e6969678e01726825d91b,PENDING_EXTERNAL_LEAN_REPLAY,"[""VII-C032""]"
FVII-SCI04-DECL-0241,FVII-SCI04-THM-0241,FoundationsVII.Models.Finite.Phase4.cross_time_raw_cardinality,cross_time_raw_cardinality,theorem,formalization/lean/FoundationsVII/Models/Finite/Phase4/DynamicsEnvelope.lean,526,527,b5debcc5cf806e9bd9068c4549931aab2311d9b0f50894aa15ed926b7a192a1b,91eb888e8ae9177e6d62042d02cb51c8c8a846bc105c5532e2b2424d0649a05b,PENDING_EXTERNAL_LEAN_REPLAY,"[""VII-C032""]"
FVII-SCI04-DECL-0242,FVII-SCI04-THM-0242,FoundationsVII.Models.Finite.Phase4.cross_time_accepted_cardinality,cross_time_accepted_cardinality,theorem,formalization/lean/FoundationsVII/Models/Finite/Phase4/DynamicsEnvelope.lean,528,530,8dff30c09919139ac778cb5dc283094ad5573147dace1c8ec2715c74a0ff179e,858b10eb841a8e8177d6c158368d5005956957843b5b88a7d921f4d109d0a28e,PENDING_EXTERNAL_LEAN_REPLAY,"[""VII-C032""]"
FVII-SCI04-DECL-0243,FVII-SCI04-THM-0243,FoundationsVII.Models.Finite.Phase4.cross_time_exhaustive,cross_time_exhaustive,theorem,formalization/lean/FoundationsVII/Models/Finite/Phase4/DynamicsEnvelope.lean,531,535,1c12b9f401cde96617ebd48fcd37534bf0e00b85438be738b46e9e9307eff3ef,7dd919f5a7ac616f179bf908c60d7be09de7ab77bda130b18184c67247a0a3ca,PENDING_EXTERNAL_LEAN_REPLAY,"[""VII-C032""]"
FVII-SCI04-DECL-0247,FVII-SCI04-THM-0247,FoundationsVII.Models.Finite.Phase4.algebra_raw_cardinality,algebra_raw_cardinality,theorem,formalization/lean/FoundationsVII/Models/Finite/Phase4/DynamicsEnvelope.lean,566,567,165875f88b53e7d07e5c10120a9bf3fe16b94eb14b8c6af0621ff7853a4147ca,299257cf108bb3eb66fd5224f4d9333838e729d6b519168a43dc492f7a4c060a,PENDING_EXTERNAL_LEAN_REPLAY,"[""VII-C028""]"
FVII-SCI04-DECL-0248,FVII-SCI04-THM-0248,FoundationsVII.Models.Finite.Phase4.algebra_accepted_cardinality,algebra_accepted_cardinality,theorem,formalization/lean/FoundationsVII/Models/Finite/Phase4/DynamicsEnvelope.lean,568,570,f4592857fcb54b48e45a13595ea9cc1bb12c77d38aa73b1b66a0593fa2ea2b07,8c0e687bf0e358c5e47bf8f1662f76bf3191d924ba939e6f614eabde743913be,PENDING_EXTERNAL_LEAN_REPLAY,"[""VII-C028""]"
FVII-SCI04-DECL-0249,FVII-SCI04-THM-0249,FoundationsVII.Models.Finite.Phase4.algebra_exhaustive,algebra_exhaustive,theorem,formalization/lean/FoundationsVII/Models/Finite/Phase4/DynamicsEnvelope.lean,571,574,a2bcc7b29f505d7533f0626ebd4b4ad7805a26e6359954931da1ab8024aa996d,4521d7d62385cfbd6b1dfcae741e46e156dceb026fb025229fa15bc0efdc8b74,PENDING_EXTERNAL_LEAN_REPLAY,"[""VII-C028""]"
FVII-SCI04-DECL-0256,FVII-SCI04-THM-0256,FoundationsVII.Models.Finite.Phase4.phase4_scenario_count,phase4_scenario_count,theorem,formalization/lean/FoundationsVII/Models/Finite/Phase4/ScenarioChecks.lean,88,89,99b08c638477498927c0917bd62a19bacd29a0404f7c3b9f0f27f42f12afd8b2,2b65b3b37258fa21a99e50f426a9bb697fb3f5ee01b6d0876ed03d0bcbb2ffa1,PENDING_EXTERNAL_LEAN_REPLAY,"[""VII-C012"",""VII-C013"",""VII-C014"",""VII-C015"",""VII-C017"",""VII-C018"",""VII-C027"",""VII-C028"",""VII-C032"",""VII-C034""]"
FVII-SCI04-DECL-0257,FVII-SCI04-THM-0257,FoundationsVII.Models.Finite.Phase4.all_phase4_scenarios_pass,all_phase4_scenarios_pass,theorem,formalization/lean/FoundationsVII/Models/Finite/Phase4/ScenarioChecks.lean,90,97,291b3676ff7bb3cb90d6604831a2c83f432af44efd952812abfa6ce326cbd078,9d6fc1ec69080fcf1f90cbf0c489751cf96c338d1d04e31b8de77364dd0754eb,PENDING_EXTERNAL_LEAN_REPLAY,"[""VII-C012"",""VII-C013"",""VII-C014"",""VII-C015"",""VII-C017"",""VII-C018"",""VII-C027"",""VII-C028"",""VII-C032"",""VII-C034""]"
FVII-SCI04-DECL-0261,FVII-SCI04-THM-0261,FoundationsVII.Models.Finite.Phase4.phase4_countermodel_count,phase4_countermodel_count,theorem,formalization/lean/FoundationsVII/Models/Finite/Phase4/ScenarioChecks.lean,125,126,c24f879e0b574a06d393e1954f17236b6f2e5316ebf9794848c53c90f78fac76,e52a35ebe957a2d4fc09bf7b3874d2256f793bdfbcae0ad68f8263765f1e4966,PENDING_EXTERNAL_LEAN_REPLAY,"[""VII-C012"",""VII-C013"",""VII-C014"",""VII-C015"",""VII-C017"",""VII-C018"",""VII-C027"",""VII-C028"",""VII-C032"",""VII-C034""]"
FVII-SCI04-DECL-0262,FVII-SCI04-THM-0262,FoundationsVII.Models.Finite.Phase4.all_phase4_countermodels_pass,all_phase4_countermodels_pass,theorem,formalization/lean/FoundationsVII/Models/Finite/Phase4/ScenarioChecks.lean,127,130,2cda1f784e5b84b18df5bafd74e648baea23bb27524b7a642601409f5a2d42ed,899a9852264945ca2fd7563325d8aad04db9fe63d63ae782e3d4d1aecb0360fb,PENDING_EXTERNAL_LEAN_REPLAY,"[""VII-C012"",""VII-C013"",""VII-C014"",""VII-C015"",""VII-C017"",""VII-C018"",""VII-C027"",""VII-C028"",""VII-C032"",""VII-C034""]"
FVII-SCI04-DECL-0266,FVII-SCI04-THM-0266,FoundationsVII.NoGo.NGVII_10_no_arrow_from_holonomy_alone,NGVII_10_no_arrow_from_holonomy_alone,theorem,formalization/lean/FoundationsVII/NoGo/Dynamics.lean,38,56,37ffd21f11c076a59e296410d9acfb3c04fa247bcc0395a690ca5fe039ac5f2e,b7d91fdf5875025db989107d973cd07443491274c89de03d6106e539c9b444ce,PENDING_EXTERNAL_LEAN_REPLAY,"[""VII-C017"",""VII-C032""]"
FVII-SCI04-DECL-0267,FVII-SCI04-THM-0267,FoundationsVII.NoGo.NGVII_10_holonomy_zero_arrow_control,NGVII_10_holonomy_zero_arrow_control,theorem,formalization/lean/FoundationsVII/NoGo/Dynamics.lean,57,60,618c98270f24afc2de1bc78842523610ef51ff3a502cc3ba8368f1865b34fe6e,35c4f1a63e7ae46fe5b2a27a6a9f0e9d3ad78211274725b7f4faec85862b3e29,PENDING_EXTERNAL_LEAN_REPLAY,"[""VII-C017"",""VII-C032""]"
FVII-SCI04-DECL-0268,FVII-SCI04-THM-0268,FoundationsVII.NoGo.NGVII_10_escape_independent_driven_arrow,NGVII_10_escape_independent_driven_arrow,theorem,formalization/lean/FoundationsVII/NoGo/Dynamics.lean,61,64,16ebd4d7d105c62430490ea17c42f183fa60f852511c21b5b6fc6fcd7c9e8c73,14f1ca5fa73be4100f862960dbdf5f9da29e140b5de0af500a4bd3ab9165f078,PENDING_EXTERNAL_LEAN_REPLAY,"[""VII-C017"",""VII-C032""]"
