object_id,name,step3_status,signature,defined_from,candidate_ids,lean_declaration,lean_source,local_representation,local_representation_source,phase1_status,nonclaims
VII-O01,TheoryPackage,INHERITED,"T=(Z,f,Σ_f,E,A) with declared variants and audits",[],"[""VII-C001"",""VII-C020"",""VII-C026""]",FoundationsVII.Prior.theoryPackageAnchor,formalization/lean/FoundationsVII/Prior/FoundationalObjects.lean,,,INHERITED_ANCHOR_REGISTERED,"[""This record does not replace P1–P6."",""Primitive status remains reviewable if a later reduction theorem is proved.""]"
VII-O02,InterfaceLens,INHERITED,Typed quotient/readout/instrument interface over a theory package,"[""VII-O01""]","[""VII-C001"",""VII-C022""]",FoundationsVII.Prior.interfaceLensAnchor,formalization/lean/FoundationsVII/Prior/FoundationalObjects.lean,,,INHERITED_ANCHOR_REGISTERED,"[""This record does not replace P1–P6."",""Primitive status remains reviewable if a later reduction theorem is proved.""]"
VII-O03,AuditRecord,INHERITED,"Append-only provenance, replay, check, grade, and nonclaim record","[""VII-O01""]","[""VII-C020"",""VII-C024"",""VII-C015"",""VII-C017"",""VII-C023""]",FoundationsVII.Prior.auditRecordAnchor,formalization/lean/FoundationsVII/Prior/FoundationalObjects.lean,FoundationsVII.AuditRecord,formalization/lean/FoundationsVII/Core/Audit.lean,INHERITED_ANCHOR_REGISTERED,"[""This record does not replace P1–P6."",""Primitive status remains reviewable if a later reduction theorem is proved.""]"
VII-O04,DomainState,NEW_CANDIDATE,"(Expr,Present,Exposed,Recoverable,Admissible,Reachable,Occurrent) at scope/time","[""VII-O01"",""VII-O02""]","[""VII-C001"",""VII-C002"",""VII-C021"",""VII-C036""]",FoundationsVII.DomainState,formalization/lean/FoundationsVII/Core/Domain.lean,,,CANONICAL_VII_TYPE_SOURCE_COMPLETE_KERNEL_REPLAY_PENDING,"[""This record does not replace P1–P6."",""Primitive status remains reviewable if a later reduction theorem is proved.""]"
VII-O05,AdmissionTransition,NEW_CANDIDATE,Typed source/guard/cost/effect/audit transition between domain states,"[""VII-O04"",""VII-O03""]","[""VII-C002"",""VII-C003"",""VII-C018"",""VII-C028""]",FoundationsVII.AdmissionTransition,formalization/lean/FoundationsVII/Core/Admission.lean,,,CANONICAL_VII_TYPE_SOURCE_COMPLETE_KERNEL_REPLAY_PENDING,"[""This record does not replace P1–P6."",""Primitive status remains reviewable if a later reduction theorem is proved.""]"
VII-O06,ProspectiveCommitment,NEW_CANDIDATE,Timestamped preregistered finite-budget future admission condition,"[""VII-O05""]","[""VII-C006""]",FoundationsVII.ProspectiveCommitment,formalization/lean/FoundationsVII/Core/Admission.lean,,,CANONICAL_VII_TYPE_SOURCE_COMPLETE_KERNEL_REPLAY_PENDING,"[""This record does not replace P1–P6."",""Primitive status remains reviewable if a later reduction theorem is proved.""]"
VII-O07,SourceLedger,NEW_CANDIDATE,Native/bridged/external/endogenous source and ancestry ledger,"[""VII-O03""]","[""VII-C004"",""VII-C005"",""VII-C010"",""VII-C035""]",FoundationsVII.SourceLedger,formalization/lean/FoundationsVII/Core/Ledgers.lean,,,CANONICAL_VII_TYPE_SOURCE_COMPLETE_KERNEL_REPLAY_PENDING,"[""This record does not replace P1–P6."",""Primitive status remains reviewable if a later reduction theorem is proved.""]"
VII-O08,BudgetLedger,NEW_CANDIDATE,"Typed resource, occupancy, cross-cost, residual, and refund ledger","[""VII-O03""]","[""VII-C011"",""VII-C029"",""VII-C031"",""VII-C035""]",FoundationsVII.BudgetLedger,formalization/lean/FoundationsVII/Core/Ledgers.lean,,,CANONICAL_VII_TYPE_SOURCE_COMPLETE_KERNEL_REPLAY_PENDING,"[""This record does not replace P1–P6."",""Primitive status remains reviewable if a later reduction theorem is proved.""]"
VII-O09,ContactSurface,NEW_CANDIDATE,Pair of owned interfaces plus admissible crossing relation,"[""VII-O02""]","[""VII-C007"",""VII-C016"",""VII-C014"",""VII-C026""]",FoundationsVII.ContactSurface,formalization/lean/FoundationsVII/Core/Contact.lean,,,CANONICAL_VII_TYPE_SOURCE_COMPLETE_KERNEL_REPLAY_PENDING,"[""This record does not replace P1–P6."",""Primitive status remains reviewable if a later reduction theorem is proved.""]"
VII-O10,ContactWitness,NEW_CANDIDATE,Source-typed event showing that a record crossed a contact surface,"[""VII-O09"",""VII-O03"",""VII-O07""]","[""VII-C007"",""VII-C016""]",FoundationsVII.ContactWitness,formalization/lean/FoundationsVII/Core/Contact.lean,,,CANONICAL_VII_TYPE_SOURCE_COMPLETE_KERNEL_REPLAY_PENDING,"[""This record does not replace P1–P6."",""Primitive status remains reviewable if a later reduction theorem is proved.""]"
VII-O11,InteractionRecord,NEW_CANDIDATE,"Parents, contact, transitions, ledgers, status, and audit","[""VII-O10"",""VII-O08""]","[""VII-C007"",""VII-C025"",""VII-C017"",""VII-C018"",""VII-C028"",""VII-C031"",""VII-C032""]",FoundationsVII.InteractionRecord,formalization/lean/FoundationsVII/Core/Contact.lean,,,CANONICAL_VII_TYPE_SOURCE_COMPLETE_KERNEL_REPLAY_PENDING,"[""This record does not replace P1–P6."",""Primitive status remains reviewable if a later reduction theorem is proved.""]"
VII-O12,JoinCandidate,NEW_CANDIDATE,Interaction record plus candidate composite and comparison baseline,"[""VII-O11""]","[""VII-C008"",""VII-C009"",""VII-C026"",""VII-C028"",""VII-C035""]",FoundationsVII.JoinCandidate,formalization/lean/FoundationsVII/Core/Join.lean,,,CANONICAL_VII_TYPE_SOURCE_COMPLETE_KERNEL_REPLAY_PENDING,"[""This record does not replace P1–P6."",""Primitive status remains reviewable if a later reduction theorem is proved.""]"
VII-O13,JoinCertificate,NEW_CANDIDATE,"Objecthood, retention, source, budget, and strictness witnesses","[""VII-O12""]","[""VII-C009"",""VII-C030"",""VII-C036""]",FoundationsVII.JoinCertificate,formalization/lean/FoundationsVII/Core/Join.lean,,,CANONICAL_VII_TYPE_SOURCE_COMPLETE_KERNEL_REPLAY_PENDING,"[""This record does not replace P1–P6."",""Primitive status remains reviewable if a later reduction theorem is proved.""]"
VII-O14,JoinObstruction,NEW_CANDIDATE,Typed source/compatibility/gluing/retention/novelty/budget/time failure witness,"[""VII-O12""]","[""VII-C008"",""VII-C019"",""VII-C036""]",FoundationsVII.JoinObstruction,formalization/lean/FoundationsVII/Core/Join.lean,,,CANONICAL_VII_TYPE_SOURCE_COMPLETE_KERNEL_REPLAY_PENDING,"[""This record does not replace P1–P6."",""Primitive status remains reviewable if a later reduction theorem is proved.""]"
VII-O15,NonInteractionCertificate,NEW_CANDIDATE,Coverage- and power-qualified negative interaction record,"[""VII-O11"",""VII-O14""]","[""VII-C033"",""VII-C023""]",FoundationsVII.NonInteractionCertificate,formalization/lean/FoundationsVII/Core/Join.lean,,,CANONICAL_VII_TYPE_SOURCE_COMPLETE_KERNEL_REPLAY_PENDING,"[""This record does not replace P1–P6."",""Primitive status remains reviewable if a later reduction theorem is proved.""]"
VII-O16,EnablementRecord,NEW_CANDIDATE,"Enabled operation, source, execution, target effect, budget, and attribution","[""VII-O05"",""VII-O07"",""VII-O08""]","[""VII-C012"",""VII-C013"",""VII-C034"",""VII-C014"",""VII-C015"",""VII-C027""]",FoundationsVII.EnablementRecord,formalization/lean/FoundationsVII/Core/Enablement.lean,,,CANONICAL_VII_TYPE_SOURCE_COMPLETE_KERNEL_REPLAY_PENDING,"[""This record does not replace P1–P6."",""Primitive status remains reviewable if a later reduction theorem is proved.""]"
VII-O17,ReachabilityWitness,NEW_CANDIDATE,"Finite executable path with guards, resources, and state trace","[""VII-O04"",""VII-O05""]","[""VII-C002"",""VII-C021""]",FoundationsVII.ReachabilityWitness,formalization/lean/FoundationsVII/Core/Reachability.lean,,,CANONICAL_VII_TYPE_SOURCE_COMPLETE_KERNEL_REPLAY_PENDING,"[""This record does not replace P1–P6."",""Primitive status remains reviewable if a later reduction theorem is proved.""]"
VII-O18,ObserverOccupancyRecord,NEW_CANDIDATE,"Observer/instrument source, visibility, capacity occupancy, and cost","[""VII-O07"",""VII-O08""]","[""VII-C011"",""VII-C029""]",FoundationsVII.ObserverOccupancyRecord,formalization/lean/FoundationsVII/Core/Observer.lean,,,CANONICAL_VII_TYPE_SOURCE_COMPLETE_KERNEL_REPLAY_PENDING,"[""This record does not replace P1–P6."",""Primitive status remains reviewable if a later reduction theorem is proved.""]"
