candidate_id,asset_id,name,kind,priority,phase4_status,phase4_grade,lean_theorems,lean_definitions,theorem_count,definition_count,formalization_targets,step3_positive_scenarios,step3_null_scenarios,countermodels,bounded_witnesses,finite_envelopes,source_support_count,source_boundary_count,source_open_count,source_bridge_ids,source_law_or_no_go_ids,nonclaim,step3_prior_status
VII-C012,FVII-SCI04-C012-ENABLEMENT-ATTRIBUTION,Enablement record and attribution calculus,DEFINITION_AND_SCHEMA,P0,TERMINAL_PHASE4_ASSET_SOURCE_COMPLETE_EXTERNAL_KERNEL_REPLAY_PENDING,SOURCE_TYPED_ENABLEMENT_ATTRIBUTION_CALCULUS_SOURCE_COMPLETE_EXTERNAL_KERNEL_REPLAY_PENDING,"[""FoundationsVII.AttributedEnablement.hidden_execution_defeats_attribution"",""FoundationsVII.AttributedEnablement.wellFormed_has_audit_accounting"",""FoundationsVII.AttributedEnablement.wellFormed_has_budget_accounting"",""FoundationsVII.AttributedEnablement.wellFormed_has_execution_witness"",""FoundationsVII.AttributedEnablement.wellFormed_has_no_hidden_executor"",""FoundationsVII.AttributedEnablement.wellFormed_has_typed_source"",""FoundationsVII.AttributionEvidence.honest_refinement_preserves_source_root"",""FoundationsVII.AttributionEvidence.valid_has_no_hidden_executor"",""FoundationsVII.AttributionRefinement.stable_preserves_attribution_root"",""FoundationsVII.Models.Finite.Phase4.all_phase4_countermodels_pass"",""FoundationsVII.Models.Finite.Phase4.all_phase4_scenarios_pass"",""FoundationsVII.Models.Finite.Phase4.attribution_accepted_cardinality"",""FoundationsVII.Models.Finite.Phase4.attribution_exhaustive"",""FoundationsVII.Models.Finite.Phase4.attribution_raw_cardinality"",""FoundationsVII.Models.Finite.Phase4.phase4_countermodel_count"",""FoundationsVII.Models.Finite.Phase4.phase4_scenario_count"",""FoundationsVII.attribution_does_not_imply_descent_sufficiency_causation_or_endogeny"",""FoundationsVII.enablementSource_mem_all""]","[""FoundationsVII.AttributedEnablement"",""FoundationsVII.AttributedEnablement.WellFormed"",""FoundationsVII.AttributionEvidence"",""FoundationsVII.AttributionEvidence.HonestBridgeRefinement"",""FoundationsVII.AttributionEvidence.Valid"",""FoundationsVII.AttributionRefinement"",""FoundationsVII.AttributionRefinement.Stable"",""FoundationsVII.AttributionSeparationProfile"",""FoundationsVII.EnablementSource"",""FoundationsVII.Models.Finite.Phase4.AttributionCase"",""FoundationsVII.Models.Finite.Phase4.Phase4CountermodelCheck"",""FoundationsVII.Models.Finite.Phase4.Phase4Profile"",""FoundationsVII.Models.Finite.Phase4.Phase4Scenario"",""FoundationsVII.Models.Finite.Phase4.Phase4Status"",""FoundationsVII.Models.Finite.Phase4.attributionLaw"",""FoundationsVII.Models.Finite.Phase4.classifyPhase4"",""FoundationsVII.Models.Finite.Phase4.countermodelPass"",""FoundationsVII.Models.Finite.Phase4.phase4Countermodels"",""FoundationsVII.Models.Finite.Phase4.phase4Scenarios"",""FoundationsVII.Models.Finite.Phase4.scenarioPass"",""FoundationsVII.allEnablementSources""]",18,21,"[""FT11""]","[""TTW-S02""]","[""TTW-S21"",""TTW-S22""]","[""CM-06"",""CM-07"",""CM-17""]","[""P4-W01"",""P4-W02"",""P4-W03"",""P4-W04""]","[""P4-E01""]",39,22,10,"[""BR-CITE-0016"",""BR-CITE-0124"",""BR-CITE-0126"",""BR-CITE-0127"",""BR-CITE-0128"",""BR-CITE-0129"",""BR-CITE-0130"",""BR-CITE-0131"",""BR-CITE-0132"",""BR-CITE-0046"",""BR-CITE-0049"",""BR-CITE-0050"",""BR-CITE-0014"",""BR-CITE-0015"",""BR-LAW-0001"",""BR-LAW-0002"",""BR-LAW-0003"",""BR-CITE-0138"",""BR-CITE-0139"",""BR-CITE-0168"",""BR-CITE-0044"",""BR-CITE-0048""]","[""F13a"",""F13b"",""F42""]","Attribution records provenance and execution responsibility; it does not by itself establish descent, sufficiency, causation, or endogeny.",SPECIFICATION_READY_NOT_PROVED
VII-C013,FVII-SCI04-C013-ENDOGENOUS-CRITERION,Endogenous enablement criterion,CANDIDATE_THEOREM,P0,TERMINAL_PHASE4_ASSET_SOURCE_COMPLETE_EXTERNAL_KERNEL_REPLAY_PENDING,EXACT_DECLARED_BOUNDARY_ENDOGENOUS_CRITERION_SOURCE_COMPLETE_EXTERNAL_KERNEL_REPLAY_PENDING,"[""FoundationsVII.EndogenousEnablementProfile.eligible_iff_exact_criterion"",""FoundationsVII.EndogenousEnablementProfile.eligible_requires_audit"",""FoundationsVII.EndogenousEnablementProfile.eligible_requires_budget"",""FoundationsVII.EndogenousEnablementProfile.eligible_requires_carried_generator"",""FoundationsVII.EndogenousEnablementProfile.eligible_requires_execution"",""FoundationsVII.EndogenousEnablementProfile.eligible_requires_reachable_generator"",""FoundationsVII.EndogenousEnablementProfile.hidden_observer_execution_defeats_endogenous_credit"",""FoundationsVII.EndogenousEnablementProfile.hidden_theorist_execution_defeats_endogenous_credit"",""FoundationsVII.Models.Finite.Phase4.all_phase4_countermodels_pass"",""FoundationsVII.Models.Finite.Phase4.all_phase4_scenarios_pass"",""FoundationsVII.Models.Finite.Phase4.endogenous_accepted_cardinality"",""FoundationsVII.Models.Finite.Phase4.endogenous_exhaustive"",""FoundationsVII.Models.Finite.Phase4.endogenous_raw_cardinality"",""FoundationsVII.Models.Finite.Phase4.phase4_countermodel_count"",""FoundationsVII.Models.Finite.Phase4.phase4_scenario_count"",""FoundationsVII.accounted_environmental_input_is_compatible_with_endogeny"",""FoundationsVII.constructive_endogenous_enablement_exists"",""FoundationsVII.endogenous_does_not_mean_environmentally_isolated_or_uncaused"",""FoundationsVII.hidden_observer_enablement_is_not_endogenous"",""FoundationsVII.theorist_triggered_enablement_is_not_endogenous""]","[""FoundationsVII.EndogenousEnablementProfile"",""FoundationsVII.EndogenousEnablementProfile.Eligible"",""FoundationsVII.EndogenyBoundaryProfile"",""FoundationsVII.Models.Finite.Phase4.EndogenousCase"",""FoundationsVII.Models.Finite.Phase4.Phase4CountermodelCheck"",""FoundationsVII.Models.Finite.Phase4.Phase4Profile"",""FoundationsVII.Models.Finite.Phase4.Phase4Scenario"",""FoundationsVII.Models.Finite.Phase4.Phase4Status"",""FoundationsVII.Models.Finite.Phase4.classifyPhase4"",""FoundationsVII.Models.Finite.Phase4.countermodelPass"",""FoundationsVII.Models.Finite.Phase4.endogenousExact"",""FoundationsVII.Models.Finite.Phase4.endogenousLaw"",""FoundationsVII.Models.Finite.Phase4.phase4Countermodels"",""FoundationsVII.Models.Finite.Phase4.phase4Scenarios"",""FoundationsVII.Models.Finite.Phase4.scenarioPass""]",20,15,"[""FT12"",""FT16""]","[""TTW-S02""]","[""TTW-S22""]","[""CM-11"",""CM-17""]","[""P4-W05"",""P4-W06"",""P4-W07"",""P4-W08""]","[""P4-E02""]",57,29,17,"[""BR-CITE-0016"",""BR-CITE-0124"",""BR-CITE-0126"",""BR-CITE-0127"",""BR-CITE-0128"",""BR-CITE-0129"",""BR-CITE-0130"",""BR-CITE-0131"",""BR-CITE-0132"",""BR-CITE-0046"",""BR-CITE-0049"",""BR-CITE-0050"",""BR-CITE-0014"",""BR-CITE-0015"",""BR-LAW-0001"",""BR-LAW-0002"",""BR-LAW-0003"",""BR-CITE-0138"",""BR-CITE-0139"",""BR-CITE-0168"",""BR-CITE-0044"",""BR-CITE-0048"",""BR-CITE-0180"",""BR-CITE-0181"",""BR-CITE-0182"",""BR-CITE-0183"",""BR-CITE-0156"",""BR-CITE-0188"",""BR-CITE-0061"",""BR-CITE-0178"",""BR-CITE-0194"",""BR-CITE-0165"",""BR-CITE-0166"",""BR-CITE-0167"",""BR-CITE-0169""]","[""F13a"",""F13b"",""F42""]","Endogenous means carried, reachable, executed, audited, budgeted, and source-closed at the declared boundary; it does not mean uncaused or environmentally isolated.",SPECIFICATION_READY_NOT_PROVED
VII-C014,FVII-SCI04-C014-BIRTH-PARTICIPANT-CLASSIFICATION,Birth/contact-surface classification,CANDIDATE_CLASSIFICATION_SCHEMA,P1,TERMINAL_PHASE4_ASSET_SOURCE_COMPLETE_EXTERNAL_KERNEL_REPLAY_PENDING,BIRTH_RELATION_PARTICIPANT_CLASSIFICATION_SOURCE_COMPLETE_EXTERNAL_KERNEL_REPLAY_PENDING,"[""FoundationsVII.BirthRecord.participant_credit_requires_closure_survival"",""FoundationsVII.BirthRecord.participant_credit_requires_objecthood"",""FoundationsVII.BirthRecord.relation_only_has_no_participant_credit"",""FoundationsVII.Models.Finite.Phase4.all_phase4_countermodels_pass"",""FoundationsVII.Models.Finite.Phase4.all_phase4_scenarios_pass"",""FoundationsVII.Models.Finite.Phase4.birth_accepted_cardinality"",""FoundationsVII.Models.Finite.Phase4.birth_exhaustive"",""FoundationsVII.Models.Finite.Phase4.birth_raw_cardinality"",""FoundationsVII.Models.Finite.Phase4.phase4_countermodel_count"",""FoundationsVII.Models.Finite.Phase4.phase4_scenario_count"",""FoundationsVII.ReachableBirthEvidence.valid_requires_reachable_generator"",""FoundationsVII.closure_performed_and_closure_undergone_are_distinct"",""FoundationsVII.contact_can_remain_relation_only"",""FoundationsVII.every_inherited_birth_class_activates_packaging"",""FoundationsVII.inheritedBirthClass_mem_all"",""FoundationsVII.inherited_activation_class_does_not_by_itself_create_participant"",""FoundationsVII.inherited_birth_class_signatures_are_injective"",""FoundationsVII.participant_creation_is_conditional_not_automatic"",""FoundationsVII.system_performed_birth_control"",""FoundationsVII.system_underwent_birth_control""]","[""FoundationsVII.BirthClassificationProfile"",""FoundationsVII.BirthOutcome"",""FoundationsVII.BirthRecord"",""FoundationsVII.BirthRecord.WellFormed"",""FoundationsVII.ClosureAgency"",""FoundationsVII.InheritedBirthClass"",""FoundationsVII.Models.Finite.Phase4.BirthCase"",""FoundationsVII.Models.Finite.Phase4.Phase4CountermodelCheck"",""FoundationsVII.Models.Finite.Phase4.Phase4Profile"",""FoundationsVII.Models.Finite.Phase4.Phase4Scenario"",""FoundationsVII.Models.Finite.Phase4.Phase4Status"",""FoundationsVII.Models.Finite.Phase4.birthLaw"",""FoundationsVII.Models.Finite.Phase4.classifyPhase4"",""FoundationsVII.Models.Finite.Phase4.countermodelPass"",""FoundationsVII.Models.Finite.Phase4.phase4Countermodels"",""FoundationsVII.Models.Finite.Phase4.phase4Scenarios"",""FoundationsVII.Models.Finite.Phase4.scenarioPass"",""FoundationsVII.PrimitiveBirthSignature"",""FoundationsVII.ReachableBirthEvidence"",""FoundationsVII.ReachableBirthEvidence.Valid"",""FoundationsVII.allInheritedBirthClasses"",""FoundationsVII.signatureOfInheritedClass""]",20,22,"[""FT11"",""FT12""]","[""TTW-S06""]","[""TTW-S08""]","[""CM-02"",""CM-17""]","[""P4-W09"",""P4-W10"",""P4-W11"",""P4-W12""]","[""P4-E03""]",22,13,9,"[""BR-CITE-0139"",""BR-CITE-0180"",""BR-CITE-0181"",""BR-CITE-0182"",""BR-CITE-0183"",""BR-CITE-0156"",""BR-CITE-0188"",""BR-CITE-0138"",""BR-CITE-0061"",""BR-CITE-0178"",""BR-CITE-0194"",""BR-CITE-0165"",""BR-CITE-0166"",""BR-CITE-0167"",""BR-CITE-0169""]",[],Contact may remain relation-only. A newly credited participant requires closure survival and objecthood rather than contact alone.,SPECIFICATION_READY_NOT_PROVED
VII-C015,FVII-SCI04-C015-TRANSMISSION-DESCENT-FIDELITY,Typed transmission and descent-fidelity law,CANDIDATE_THEOREM_FAMILY,P0,TERMINAL_PHASE4_ASSET_SOURCE_COMPLETE_EXTERNAL_KERNEL_REPLAY_PENDING,TYPED_TRANSMISSION_DESCENT_FIDELITY_AND_CAUSAL_SEPARATION_SOURCE_COMPLETE_EXTERNAL_KERNEL_REPLAY_PENDING,"[""FoundationsVII.DescentSquare.fidelity_is_commuting_square"",""FoundationsVII.Models.Finite.Phase4.all_phase4_countermodels_pass"",""FoundationsVII.Models.Finite.Phase4.all_phase4_scenarios_pass"",""FoundationsVII.Models.Finite.Phase4.phase4_countermodel_count"",""FoundationsVII.Models.Finite.Phase4.phase4_scenario_count"",""FoundationsVII.Models.Finite.Phase4.transmission_accepted_cardinality"",""FoundationsVII.Models.Finite.Phase4.transmission_exhaustive"",""FoundationsVII.Models.Finite.Phase4.transmission_raw_cardinality"",""FoundationsVII.ResidualFlow.accounted_balance"",""FoundationsVII.ResidualFlow.composed_debt_accumulates"",""FoundationsVII.ResidualFlow.settled_debt_bounded"",""FoundationsVII.TransmissionFidelity.valid_preserves_budget"",""FoundationsVII.TransmissionFidelity.valid_preserves_source"",""FoundationsVII.TransmissionFidelity.valid_records_ambiguity"",""FoundationsVII.TransmissionFidelity.valid_records_loss"",""FoundationsVII.TransmissionRecord.pure_downward_selection_cannot_create_absent_lower_fact"",""FoundationsVII.TransmissionRecord.pure_downward_selection_preserves_present_lower_facts"",""FoundationsVII.all_three_transmission_directions_have_positive_controls"",""FoundationsVII.structural_downward_selection_is_not_automatically_causal"",""FoundationsVII.transmissionDirection_mem_all""]","[""FoundationsVII.DescentSquare"",""FoundationsVII.DescentSquare.Commutes"",""FoundationsVII.DirectionalTransmissionControl"",""FoundationsVII.Models.Finite.Phase4.Phase4CountermodelCheck"",""FoundationsVII.Models.Finite.Phase4.Phase4Profile"",""FoundationsVII.Models.Finite.Phase4.Phase4Scenario"",""FoundationsVII.Models.Finite.Phase4.Phase4Status"",""FoundationsVII.Models.Finite.Phase4.TransmissionCase"",""FoundationsVII.Models.Finite.Phase4.classifyPhase4"",""FoundationsVII.Models.Finite.Phase4.countermodelPass"",""FoundationsVII.Models.Finite.Phase4.phase4Countermodels"",""FoundationsVII.Models.Finite.Phase4.phase4Scenarios"",""FoundationsVII.Models.Finite.Phase4.scenarioPass"",""FoundationsVII.Models.Finite.Phase4.transmissionLaw"",""FoundationsVII.ResidualFlow"",""FoundationsVII.ResidualFlow.WellAccounted"",""FoundationsVII.SelectionCausationProfile"",""FoundationsVII.SelectionCausationProfile.Valid"",""FoundationsVII.TransmissionDirection"",""FoundationsVII.TransmissionFidelity"",""FoundationsVII.TransmissionFidelity.Valid"",""FoundationsVII.TransmissionRecord"",""FoundationsVII.TransmissionRecord.LowerFactProvenancePreserved"",""FoundationsVII.TransmissionRecord.PureDownwardSelection"",""FoundationsVII.TransmissionRecord.WellFormed"",""FoundationsVII.allTransmissionDirections""]",20,26,"[""FT13"",""FT19""]","[""TTW-S16""]","[""TTW-S24""]","[""CM-06"",""CM-22"",""CM-23""]","[""P4-W13"",""P4-W14"",""P4-W15"",""P4-W16"",""P4-W17""]","[""P4-E04""]",58,40,11,"[""BR-CITE-0122"",""BR-CITE-0238"",""BR-CITE-0239"",""BR-CITE-0240"",""BR-CITE-0145"",""BR-CITE-0146"",""BR-CITE-0147"",""BR-CITE-0149"",""BR-CITE-0150"",""BR-CITE-0151"",""BR-CITE-0152"",""BR-CITE-0004"",""BR-CITE-0025"",""BR-CITE-0026"",""BR-CITE-0027"",""BR-CITE-0028"",""BR-CITE-0029"",""BR-CITE-0030"",""BR-CITE-0031"",""BR-CITE-0032"",""BR-CITE-0003"",""BR-CITE-0019"",""BR-CITE-0020"",""BR-CITE-0021"",""BR-CITE-0153"",""BR-CITE-0022"",""BR-CITE-0023"",""BR-CITE-0024"",""BR-CITE-0109""]",[],Faithful downward structural selection is not automatically a top-down causal channel and cannot create an absent lower-carrier fact without an explicit insertion source.,SPECIFICATION_READY_NOT_PROVED
VII-C017,FVII-SCI04-C017-ORDER-RESIDUE-HOLONOMY,Interaction-order residue and holonomy,CANDIDATE_THEOREM_AND_FINITE_ASSAY,P0,TERMINAL_PHASE4_ASSET_SOURCE_COMPLETE_EXTERNAL_KERNEL_REPLAY_PENDING,ORDER_RESIDUE_AND_INTERACTION_HOLONOMY_SOURCE_COMPLETE_EXTERNAL_KERNEL_REPLAY_PENDING,"[""FoundationsVII.Models.Finite.Phase4.all_phase4_countermodels_pass"",""FoundationsVII.Models.Finite.Phase4.all_phase4_scenarios_pass"",""FoundationsVII.Models.Finite.Phase4.arrow_accepted_cardinality"",""FoundationsVII.Models.Finite.Phase4.arrow_exhaustive"",""FoundationsVII.Models.Finite.Phase4.arrow_raw_cardinality"",""FoundationsVII.Models.Finite.Phase4.finite_holonomy_zero_arrow_exists"",""FoundationsVII.Models.Finite.Phase4.holonomy_accepted_cardinality"",""FoundationsVII.Models.Finite.Phase4.holonomy_exhaustive"",""FoundationsVII.Models.Finite.Phase4.holonomy_raw_cardinality"",""FoundationsVII.Models.Finite.Phase4.phase4_countermodel_count"",""FoundationsVII.Models.Finite.Phase4.phase4_scenario_count"",""FoundationsVII.NoGo.NGVII_10_escape_independent_driven_arrow"",""FoundationsVII.NoGo.NGVII_10_holonomy_zero_arrow_control"",""FoundationsVII.NoGo.NGVII_10_no_arrow_from_holonomy_alone"",""FoundationsVII.constructive_interaction_holonomy"",""FoundationsVII.driven_arrow_positive_control"",""FoundationsVII.driven_arrow_requires_independent_drive_certificate"",""FoundationsVII.holonomy_with_zero_arrow_witness"",""FoundationsVII.reversal_null_and_driven_controls_are_distinct""]","[""FoundationsVII.ArrowClaim"",""FoundationsVII.ArrowClaim.Eligible"",""FoundationsVII.DriveCertificate"",""FoundationsVII.DriveCertificate.Valid"",""FoundationsVII.Models.Finite.Phase4.ArrowCase"",""FoundationsVII.Models.Finite.Phase4.HolonomyCase"",""FoundationsVII.Models.Finite.Phase4.Phase4CountermodelCheck"",""FoundationsVII.Models.Finite.Phase4.Phase4Profile"",""FoundationsVII.Models.Finite.Phase4.Phase4Scenario"",""FoundationsVII.Models.Finite.Phase4.Phase4Status"",""FoundationsVII.Models.Finite.Phase4.arrowLaw"",""FoundationsVII.Models.Finite.Phase4.classifyPhase4"",""FoundationsVII.Models.Finite.Phase4.countermodelPass"",""FoundationsVII.Models.Finite.Phase4.holonomyLaw"",""FoundationsVII.Models.Finite.Phase4.phase4Countermodels"",""FoundationsVII.Models.Finite.Phase4.phase4Scenarios"",""FoundationsVII.Models.Finite.Phase4.scenarioPass"",""FoundationsVII.NoGo.HolonomyArrowProfile"",""FoundationsVII.NoGo.HolonomyArrowProfile.Eligible"",""FoundationsVII.NoGo.HolonomyArrowProfile.HolonomyOnly"",""FoundationsVII.ReversalControl"",""FoundationsVII.RouteComparison"",""FoundationsVII.RouteComparison.ChangedRoute"",""FoundationsVII.RouteComparison.Holonomy"",""FoundationsVII.RouteComparison.RouteResidue"",""FoundationsVII.RouteComparison.SameTypedTarget"",""FoundationsVII.RouteResult""]",19,27,"[""FT14"",""FT15""]","[""TTW-S16""]","[""TTW-S17"",""TTW-S18""]","[""CM-10"",""CM-24""]","[""P4-W26""]","[""P4-E09"",""P4-E10""]",26,15,5,"[""BR-CITE-0120"",""BR-LAW-0006"",""BR-CITE-0123"",""BR-LAW-0014"",""BR-LAW-0015"",""BR-LAW-0016"",""BR-LAW-0017"",""BR-LAW-0018"",""BR-LAW-0019"",""BR-LAW-0020"",""BR-LAW-0021"",""BR-LAW-0022"",""BR-LAW-0024"",""BR-LAW-0026"",""BR-LAW-0028"",""BR-LAW-0030"",""BR-LAW-0031"",""BR-LAW-0032"",""BR-LAW-0033"",""BR-CITE-0163"",""BR-LAW-0013"",""BR-LAW-0007"",""BR-LAW-0005"",""BR-LAW-0011"",""BR-LAW-0012"",""BR-CITE-0115"",""BR-CITE-0117"",""BR-CITE-0131"",""BR-LAW-0009"",""BR-LAW-0010"",""BR-CITE-0039"",""BR-LAW-0008"",""BR-CITE-0116"",""BR-CITE-0118"",""BR-CITE-0119"",""BR-CITE-0122"",""BR-CITE-0164""]","[""E16"",""F10"",""F11"",""F12"",""F13a"",""F17"",""F19"",""F2"",""F20"",""F21"",""F25"",""F3"",""F31"",""F34"",""F4"",""F6"",""F7"",""F8"",""F9"",""G10"",""G13"",""G9"",""F40"",""G1"",""G11"",""G12"",""G2"",""F27"",""G3"",""G6"",""G7"",""G5""]",Order residue and holonomy are route effects on one typed target; neither supplies directionality.,SPECIFICATION_READY_NOT_PROVED
VII-C018,FVII-SCI04-C018-CONFLUENCE-SEED-DEPENDENCE,Admission confluence and seed-dependence law,CANDIDATE_THEOREM_FAMILY,P1,TERMINAL_PHASE4_ASSET_SOURCE_COMPLETE_EXTERNAL_KERNEL_REPLAY_PENDING,DECLARED_FINITE_CONFLUENCE_AND_SEED_DEPENDENCE_SOURCE_COMPLETE_EXTERNAL_KERNEL_REPLAY_PENDING,"[""FoundationsVII.CriticalPair.resolved_of_joinable_audit_equivalent"",""FoundationsVII.FiniteAdmissionSystem.finite_critical_pair_criterion_iff_confluent"",""FoundationsVII.Models.Finite.Phase4.all_phase4_countermodels_pass"",""FoundationsVII.Models.Finite.Phase4.all_phase4_scenarios_pass"",""FoundationsVII.Models.Finite.Phase4.confluence_accepted_cardinality"",""FoundationsVII.Models.Finite.Phase4.confluence_exhaustive"",""FoundationsVII.Models.Finite.Phase4.confluence_raw_cardinality"",""FoundationsVII.Models.Finite.Phase4.phase4_countermodel_count"",""FoundationsVII.Models.Finite.Phase4.phase4_scenario_count"",""FoundationsVII.Models.Finite.Phase4.seed_accepted_cardinality"",""FoundationsVII.Models.Finite.Phase4.seed_exhaustive"",""FoundationsVII.Models.Finite.Phase4.seed_raw_cardinality"",""FoundationsVII.finite_confluent_positive_model"",""FoundationsVII.finite_nonconfluent_countermodel"",""FoundationsVII.one_commuting_square_does_not_establish_global_confluence"",""FoundationsVII.presentation_difference_is_not_seed_dependence"",""FoundationsVII.seed_partition_can_change_terminal_package""]","[""FoundationsVII.CriticalPair"",""FoundationsVII.CriticalPair.Resolved"",""FoundationsVII.FiniteAdmissionSystem"",""FoundationsVII.FiniteAdmissionSystem.ConfluentAtDeclaredScope"",""FoundationsVII.FiniteAdmissionSystem.CriticalPairCriterion"",""FoundationsVII.LocalGlobalConfluenceBoundary"",""FoundationsVII.Models.Finite.Phase4.ConfluenceCase"",""FoundationsVII.Models.Finite.Phase4.Phase4CountermodelCheck"",""FoundationsVII.Models.Finite.Phase4.Phase4Profile"",""FoundationsVII.Models.Finite.Phase4.Phase4Scenario"",""FoundationsVII.Models.Finite.Phase4.Phase4Status"",""FoundationsVII.Models.Finite.Phase4.SeedCase"",""FoundationsVII.Models.Finite.Phase4.classifyPhase4"",""FoundationsVII.Models.Finite.Phase4.confluenceLaw"",""FoundationsVII.Models.Finite.Phase4.countermodelPass"",""FoundationsVII.Models.Finite.Phase4.phase4Countermodels"",""FoundationsVII.Models.Finite.Phase4.phase4Scenarios"",""FoundationsVII.Models.Finite.Phase4.scenarioPass"",""FoundationsVII.Models.Finite.Phase4.seedLaw"",""FoundationsVII.SeedPartitionResult"",""FoundationsVII.SeedPartitionResult.PresentationDifferenceOnly"",""FoundationsVII.SeedPartitionResult.SeedDependent""]",17,22,"[""FT14""]","[""TTW-S16""]","[""TTW-S24""]","[""CM-23"",""CM-24""]","[""P4-W22"",""P4-W23"",""P4-W24"",""P4-W25""]","[""P4-E07"",""P4-E08""]",21,9,6,"[""BR-CITE-0015"",""BR-LAW-0008"",""BR-LAW-0009"",""BR-CITE-0186"",""BR-CITE-0187"",""BR-CITE-0195"",""BR-CITE-0111"",""BR-CITE-0112"",""BR-CITE-0121"",""BR-CITE-0113"",""BR-CITE-0114"",""BR-LAW-0005"",""BR-CITE-0188"",""BR-LAW-0007"",""BR-CITE-0148"",""BR-LAW-0010"",""BR-CITE-0125"",""BR-LAW-0011"",""BR-CITE-0038"",""BR-CITE-0059"",""BR-CITE-0136""]","[""F13a"",""F2"",""F27"",""F3"",""G2"",""G5"",""G8"",""F34"",""F4"",""G10"",""G13"",""G1""]","Confluence is proved only for the declared closed finite system, and seed dependence is separated from presentation-only differences.",SPECIFICATION_READY_NOT_PROVED
VII-C027,FVII-SCI04-C027-ENABLEMENT-COMPOSITION,Enablement-chain composition law,CANDIDATE_THEOREM,P2,TERMINAL_PHASE4_ASSET_SOURCE_COMPLETE_EXTERNAL_KERNEL_REPLAY_PENDING,CONDITIONAL_ENABLEMENT_COMPOSITION_AND_RESOURCE_DEBT_LAWS_SOURCE_COMPLETE_EXTERNAL_KERNEL_REPLAY_PENDING,"[""FoundationsVII.EnablementLink.composable_chain_associates"",""FoundationsVII.EnablementLink.compose_accumulates_cost"",""FoundationsVII.EnablementLink.compose_accumulates_residual_debt"",""FoundationsVII.EnablementLink.compose_associative_data"",""FoundationsVII.Models.Finite.Phase4.all_phase4_countermodels_pass"",""FoundationsVII.Models.Finite.Phase4.all_phase4_scenarios_pass"",""FoundationsVII.Models.Finite.Phase4.composition_accepted_cardinality"",""FoundationsVII.Models.Finite.Phase4.composition_exhaustive"",""FoundationsVII.Models.Finite.Phase4.composition_raw_cardinality"",""FoundationsVII.Models.Finite.Phase4.phase4_countermodel_count"",""FoundationsVII.Models.Finite.Phase4.phase4_scenario_count"",""FoundationsVII.ResidualFlow.accounted_balance"",""FoundationsVII.ResidualFlow.composed_debt_accumulates"",""FoundationsVII.ResidualFlow.settled_debt_bounded"",""FoundationsVII.ResourceDelta.combine_assoc"",""FoundationsVII.ResourceDelta.combine_cost"",""FoundationsVII.ResourceDelta.combine_residualDebt"",""FoundationsVII.ResourceDelta.zero_left"",""FoundationsVII.ResourceDelta.zero_right"",""FoundationsVII.composed_enablement_without_transitive_causation_exists"",""FoundationsVII.enablement_chain_can_be_order_sensitive"",""FoundationsVII.incompatible_order_blocks_composition_credit""]","[""FoundationsVII.CompositionCredit"",""FoundationsVII.CompositionCredit.Valid"",""FoundationsVII.EnablementLink"",""FoundationsVII.EnablementLink.Composable"",""FoundationsVII.EnablementLink.Nonempty"",""FoundationsVII.EnablementLink.compose"",""FoundationsVII.Models.Finite.Phase4.CompositionCase"",""FoundationsVII.Models.Finite.Phase4.Phase4CountermodelCheck"",""FoundationsVII.Models.Finite.Phase4.Phase4Profile"",""FoundationsVII.Models.Finite.Phase4.Phase4Scenario"",""FoundationsVII.Models.Finite.Phase4.Phase4Status"",""FoundationsVII.Models.Finite.Phase4.classifyPhase4"",""FoundationsVII.Models.Finite.Phase4.compositionLaw"",""FoundationsVII.Models.Finite.Phase4.countermodelPass"",""FoundationsVII.Models.Finite.Phase4.phase4Countermodels"",""FoundationsVII.Models.Finite.Phase4.phase4Scenarios"",""FoundationsVII.Models.Finite.Phase4.scenarioPass"",""FoundationsVII.OrderedEnablementControl"",""FoundationsVII.ResidualFlow"",""FoundationsVII.ResidualFlow.WellAccounted"",""FoundationsVII.ResourceDelta"",""FoundationsVII.ResourceDelta.combine"",""FoundationsVII.ResourceDelta.zero""]",22,23,"[""FT11"",""FT15""]","[""TTW-S16""]","[""TTW-S17""]","[""CM-07"",""CM-24""]","[""P4-W20"",""P4-W21""]","[""P4-E06""]",10,8,5,"[""BR-CITE-0050"",""BR-CITE-0134"",""BR-CITE-0014"",""BR-CITE-0015"",""BR-CITE-0016"",""BR-LAW-0001"",""BR-LAW-0002"",""BR-LAW-0003""]","[""F13a"",""F13b"",""F42""]","Composable enablement accumulates cost and residual debt, but composed enablement does not imply transitive causation without a separate causal-chain certificate.",SPECIFICATION_READY_NOT_PROVED
VII-C028,FVII-SCI04-C028-PRIMITIVE-ALGEBRA-DECISION,Primitive-operation algebra readiness criterion,EXPLICIT_DEFERRAL,P2,TERMINAL_PHASE4_ASSET_SOURCE_COMPLETE_EXTERNAL_KERNEL_REPLAY_PENDING,FULL_PRIMITIVE_ALGEBRA_DEFERRED_SMALL_RESOURCE_FRAGMENT_SOURCE_COMPLETE_EXTERNAL_KERNEL_REPLAY_PENDING,"[""FoundationsVII.Models.Finite.Phase4.algebra_accepted_cardinality"",""FoundationsVII.Models.Finite.Phase4.algebra_exhaustive"",""FoundationsVII.Models.Finite.Phase4.algebra_raw_cardinality"",""FoundationsVII.Models.Finite.Phase4.all_phase4_countermodels_pass"",""FoundationsVII.Models.Finite.Phase4.all_phase4_scenarios_pass"",""FoundationsVII.Models.Finite.Phase4.phase4_countermodel_count"",""FoundationsVII.Models.Finite.Phase4.phase4_scenario_count"",""FoundationsVII.current_full_primitive_algebra_is_not_ready"",""FoundationsVII.full_algebra_reopen_condition_is_exact"",""FoundationsVII.full_generators_relations_program_deferred_with_formal_reopen_condition"",""FoundationsVII.resource_delta_fragment_has_left_identity"",""FoundationsVII.resource_delta_fragment_has_right_identity"",""FoundationsVII.resource_delta_fragment_is_associative""]","[""FoundationsVII.AlgebraReadiness"",""FoundationsVII.AlgebraReadiness.Ready"",""FoundationsVII.Models.Finite.Phase4.AlgebraCase"",""FoundationsVII.Models.Finite.Phase4.Phase4CountermodelCheck"",""FoundationsVII.Models.Finite.Phase4.Phase4Profile"",""FoundationsVII.Models.Finite.Phase4.Phase4Scenario"",""FoundationsVII.Models.Finite.Phase4.Phase4Status"",""FoundationsVII.Models.Finite.Phase4.algebraLaw"",""FoundationsVII.Models.Finite.Phase4.classifyPhase4"",""FoundationsVII.Models.Finite.Phase4.countermodelPass"",""FoundationsVII.Models.Finite.Phase4.phase4Countermodels"",""FoundationsVII.Models.Finite.Phase4.phase4Scenarios"",""FoundationsVII.Models.Finite.Phase4.scenarioPass""]",13,13,"[""FT14""]","[""TTW-S16""]","[""TTW-S12""]","[""CM-24""]","[""P4-W31"",""P4-W32""]","[""P4-E12""]",10,8,5,[],[],The full generators-and-relations program remains deferred. The landed resource-delta fragment does not establish a complete universal interaction algebra.,SPECIFICATION_READY_NOT_PROVED
VII-C032,FVII-SCI04-C032-ARROW-CROSS-TIME,"Interaction arrow, irreversibility, and cross-time contact",CANDIDATE_SCHEMA_AND_ASSAY,P1,TERMINAL_PHASE4_ASSET_SOURCE_COMPLETE_EXTERNAL_KERNEL_REPLAY_PENDING,INDEPENDENT_DRIVE_ARROW_AND_CROSS_TIME_WITNESS_SOURCE_COMPLETE_EXTERNAL_KERNEL_REPLAY_PENDING,"[""FoundationsVII.CrossTimeContact.valid_under_admissible_reparameterization"",""FoundationsVII.Models.Finite.Phase4.all_phase4_countermodels_pass"",""FoundationsVII.Models.Finite.Phase4.all_phase4_scenarios_pass"",""FoundationsVII.Models.Finite.Phase4.arrow_accepted_cardinality"",""FoundationsVII.Models.Finite.Phase4.arrow_exhaustive"",""FoundationsVII.Models.Finite.Phase4.arrow_raw_cardinality"",""FoundationsVII.Models.Finite.Phase4.cross_time_accepted_cardinality"",""FoundationsVII.Models.Finite.Phase4.cross_time_exhaustive"",""FoundationsVII.Models.Finite.Phase4.cross_time_raw_cardinality"",""FoundationsVII.Models.Finite.Phase4.finite_driven_arrow_exists"",""FoundationsVII.Models.Finite.Phase4.finite_holonomy_zero_arrow_exists"",""FoundationsVII.Models.Finite.Phase4.phase4_countermodel_count"",""FoundationsVII.Models.Finite.Phase4.phase4_scenario_count"",""FoundationsVII.NoGo.NGVII_10_escape_independent_driven_arrow"",""FoundationsVII.NoGo.NGVII_10_holonomy_zero_arrow_control"",""FoundationsVII.NoGo.NGVII_10_no_arrow_from_holonomy_alone"",""FoundationsVII.constructive_interaction_holonomy"",""FoundationsVII.driven_arrow_positive_control"",""FoundationsVII.driven_arrow_requires_independent_drive_certificate"",""FoundationsVII.holonomy_with_zero_arrow_witness"",""FoundationsVII.incommensurable_times_require_explicit_order_witness"",""FoundationsVII.partial_order_contact_survives_clock_reparameterization"",""FoundationsVII.partial_order_cross_time_contact_exists"",""FoundationsVII.reversal_null_and_driven_controls_are_distinct"",""FoundationsVII.synchronization_does_not_require_equal_local_clock_readings"",""FoundationsVII.synchronized_cross_time_contact_exists""]","[""FoundationsVII.ArrowClaim"",""FoundationsVII.ArrowClaim.Eligible"",""FoundationsVII.ClockEvent"",""FoundationsVII.CrossTimeContact"",""FoundationsVII.CrossTimeContact.Valid"",""FoundationsVII.CrossTimeContact.reparameterize"",""FoundationsVII.DriveCertificate"",""FoundationsVII.DriveCertificate.Valid"",""FoundationsVII.Models.Finite.Phase4.ArrowCase"",""FoundationsVII.Models.Finite.Phase4.CrossTimeCase"",""FoundationsVII.Models.Finite.Phase4.Phase4CountermodelCheck"",""FoundationsVII.Models.Finite.Phase4.Phase4Profile"",""FoundationsVII.Models.Finite.Phase4.Phase4Scenario"",""FoundationsVII.Models.Finite.Phase4.Phase4Status"",""FoundationsVII.Models.Finite.Phase4.arrowLaw"",""FoundationsVII.Models.Finite.Phase4.classifyPhase4"",""FoundationsVII.Models.Finite.Phase4.countermodelPass"",""FoundationsVII.Models.Finite.Phase4.crossTimeLaw"",""FoundationsVII.Models.Finite.Phase4.phase4Countermodels"",""FoundationsVII.Models.Finite.Phase4.phase4Scenarios"",""FoundationsVII.Models.Finite.Phase4.scenarioPass"",""FoundationsVII.NoGo.HolonomyArrowProfile"",""FoundationsVII.NoGo.HolonomyArrowProfile.Eligible"",""FoundationsVII.NoGo.HolonomyArrowProfile.HolonomyOnly"",""FoundationsVII.ReversalControl"",""FoundationsVII.RouteComparison"",""FoundationsVII.RouteComparison.ChangedRoute"",""FoundationsVII.RouteComparison.Holonomy"",""FoundationsVII.RouteComparison.RouteResidue"",""FoundationsVII.RouteComparison.SameTypedTarget"",""FoundationsVII.RouteResult"",""FoundationsVII.TimeWitnessKind""]",26,32,"[""FT15""]","[""TTW-S17""]","[""TTW-S18""]","[""CM-10"",""CM-24""]","[""P4-W27"",""P4-W28"",""P4-W29"",""P4-W30""]","[""P4-E10"",""P4-E11""]",60,44,18,"[""BR-CITE-0118"",""BR-CITE-0133"",""BR-CITE-0215"",""BR-CITE-0176"",""BR-CITE-0177"",""BR-CITE-0178"",""BR-CITE-0209"",""BR-CITE-0172"",""BR-CITE-0115"",""BR-CITE-0050"",""BR-CITE-0134"",""BR-CITE-0174"",""BR-CITE-0231"",""BR-CITE-0189"",""BR-CITE-0095"",""BR-CITE-0120"",""BR-LAW-0006"",""BR-CITE-0123"",""BR-LAW-0014"",""BR-LAW-0015"",""BR-LAW-0016"",""BR-LAW-0017"",""BR-LAW-0018"",""BR-LAW-0019"",""BR-LAW-0020"",""BR-LAW-0021"",""BR-LAW-0022"",""BR-LAW-0024"",""BR-LAW-0026"",""BR-LAW-0028"",""BR-LAW-0030"",""BR-LAW-0031"",""BR-LAW-0032"",""BR-LAW-0033"",""BR-CITE-0163"",""BR-LAW-0013"",""BR-LAW-0007"",""BR-LAW-0005"",""BR-LAW-0011"",""BR-LAW-0012"",""BR-CITE-0117"",""BR-CITE-0131"",""BR-LAW-0009"",""BR-LAW-0010"",""BR-CITE-0039"",""BR-LAW-0008"",""BR-CITE-0116"",""BR-CITE-0119"",""BR-CITE-0122"",""BR-CITE-0164""]","[""E16"",""F10"",""F11"",""F12"",""F13a"",""F17"",""F19"",""F2"",""F20"",""F21"",""F25"",""F3"",""F31"",""F34"",""F4"",""F6"",""F7"",""F8"",""F9"",""G10"",""G13"",""G9"",""F40"",""G1"",""G11"",""G12"",""G2"",""F27"",""G3"",""G6"",""G7"",""G5""]",Holonomy alone carries zero arrow credit. Cross-time contact uses explicit synchronization or partial-order witnesses and assumes no universal simultaneity.,SPECIFICATION_READY_NOT_PROVED
VII-C034,FVII-SCI04-C034-ENABLEMENT-DESCENT-SEPARATION,Enablement without descent separation theorem,CANDIDATE_SEPARATION_THEOREM,P0,TERMINAL_PHASE4_ASSET_SOURCE_COMPLETE_EXTERNAL_KERNEL_REPLAY_PENDING,CONSTRUCTIVE_ENABLEMENT_WITHOUT_DESCENT_AND_NECESSARY_INSUFFICIENT_SEPARATIONS_SOURCE_COMPLETE_EXTERNAL_KERNEL_REPLAY_PENDING,"[""FoundationsVII.Models.Finite.Phase4.all_phase4_countermodels_pass"",""FoundationsVII.Models.Finite.Phase4.all_phase4_scenarios_pass"",""FoundationsVII.Models.Finite.Phase4.phase4_countermodel_count"",""FoundationsVII.Models.Finite.Phase4.phase4_scenario_count"",""FoundationsVII.Models.Finite.Phase4.separation_accepted_cardinality"",""FoundationsVII.Models.Finite.Phase4.separation_exhaustive"",""FoundationsVII.Models.Finite.Phase4.separation_raw_cardinality"",""FoundationsVII.constructive_enablement_without_descent"",""FoundationsVII.constructive_necessary_but_insufficient_enablement"",""FoundationsVII.enablement_without_descent_need_not_be_causal"",""FoundationsVII.necessary_enablement_does_not_imply_sufficiency""]","[""FoundationsVII.EnablementSeparation"",""FoundationsVII.EnablementSeparation.EnablementWithoutDescent"",""FoundationsVII.EnablementSeparation.NecessaryButInsufficient"",""FoundationsVII.Models.Finite.Phase4.Phase4CountermodelCheck"",""FoundationsVII.Models.Finite.Phase4.Phase4Profile"",""FoundationsVII.Models.Finite.Phase4.Phase4Scenario"",""FoundationsVII.Models.Finite.Phase4.Phase4Status"",""FoundationsVII.Models.Finite.Phase4.SeparationCase"",""FoundationsVII.Models.Finite.Phase4.classifyPhase4"",""FoundationsVII.Models.Finite.Phase4.countermodelPass"",""FoundationsVII.Models.Finite.Phase4.phase4Countermodels"",""FoundationsVII.Models.Finite.Phase4.phase4Scenarios"",""FoundationsVII.Models.Finite.Phase4.scenarioPass"",""FoundationsVII.Models.Finite.Phase4.separationLaw""]",11,14,"[""FT11"",""FT13""]","[""TTW-S03""]","[""TTW-S21""]","[""CM-06"",""CM-07""]","[""P4-W18"",""P4-W19""]","[""P4-E05""]",97,62,21,"[""BR-CITE-0016"",""BR-CITE-0124"",""BR-CITE-0126"",""BR-CITE-0127"",""BR-CITE-0128"",""BR-CITE-0129"",""BR-CITE-0130"",""BR-CITE-0131"",""BR-CITE-0132"",""BR-CITE-0046"",""BR-CITE-0049"",""BR-CITE-0050"",""BR-CITE-0014"",""BR-CITE-0015"",""BR-LAW-0001"",""BR-LAW-0002"",""BR-LAW-0003"",""BR-CITE-0138"",""BR-CITE-0139"",""BR-CITE-0168"",""BR-CITE-0044"",""BR-CITE-0048"",""BR-CITE-0122"",""BR-CITE-0238"",""BR-CITE-0239"",""BR-CITE-0240"",""BR-CITE-0145"",""BR-CITE-0146"",""BR-CITE-0147"",""BR-CITE-0149"",""BR-CITE-0150"",""BR-CITE-0151"",""BR-CITE-0152"",""BR-CITE-0004"",""BR-CITE-0025"",""BR-CITE-0026"",""BR-CITE-0027"",""BR-CITE-0028"",""BR-CITE-0029"",""BR-CITE-0030"",""BR-CITE-0031"",""BR-CITE-0032"",""BR-CITE-0003"",""BR-CITE-0019"",""BR-CITE-0020"",""BR-CITE-0021"",""BR-CITE-0153"",""BR-CITE-0022"",""BR-CITE-0023"",""BR-CITE-0024"",""BR-CITE-0109""]","[""F13a"",""F13b"",""F42""]",The constructive separations show possibility and non-implication; they do not deny that some enablement instances also descend or are sufficient.,SPECIFICATION_READY_NOT_PROVED
