target_id,name,candidate_ids,prior_phase_status,prior_phase_theorems,phase3_theorems,phase3_status,kernel_status
FT05,Source/provenance and transport discipline,"[""VII-C010"",""VII-C016""]",CLOSED_CUMULATIVE_PHASE1_PHASE2_SOURCE_COMPLETE,"[""FoundationsVII.AdmissionRegime.admitted_seed_authorizes_first_extension"",""FoundationsVII.AdmissionRegime.bootstrap_no_go_applies_implies_no_first_extension"",""FoundationsVII.AdmissionRegime.no_first_extension_without_seed_or_reachable_generator"",""FoundationsVII.AdmissionRegime.open_external_provision_authorizes_first_extension"",""FoundationsVII.AdmissionRegime.open_family_is_not_covered_by_closed_bootstrap_hypotheses"",""FoundationsVII.AdmissionRegime.reachable_generator_authorizes_first_extension"",""FoundationsVII.CommitmentUse.SameNeutralSeedClass.refl"",""FoundationsVII.CommitmentUse.SameNeutralSeedClass.symm"",""FoundationsVII.CommitmentUse.SameNeutralSeedClass.trans"",""FoundationsVII.CommitmentUse.expired_commitment_is_not_active"",""FoundationsVII.CommitmentUse.prospectively_certified_has_temporal_precedence"",""FoundationsVII.CommitmentUse.prospectively_certified_is_neutral_seed_equivalent"",""FoundationsVII.CommitmentUse.retrospective_predicate_cannot_discharge_prospective_certificate"",""FoundationsVII.CommitmentUse.unused_reserved_budget_is_refunded"",""FoundationsVII.LensTransferCase.certified_adapter_licenses_totality_transfer"",""FoundationsVII.LensTransferCase.no_automatic_total_lens_transfer"",""FoundationsVII.LensTransferCase.nonpartial_target_licenses_totality_transfer"",""FoundationsVII.Models.Finite.Phase2.commitment_admissible_cardinality"",""FoundationsVII.Models.Finite.Phase2.commitment_raw_cardinality"",""FoundationsVII.Models.Finite.Phase2.origin_admissible_cardinality"",""FoundationsVII.Models.Finite.Phase2.origin_canonical_cardinality"",""FoundationsVII.Models.Finite.Phase2.origin_raw_labelled_cardinality"",""FoundationsVII.Models.Finite.Phase2.source_independence_is_complementary_to_same_origin_in_canonical_family"",""FoundationsVII.Models.Finite.Phase2.totality_admissible_cardinality"",""FoundationsVII.Models.Finite.Phase2.totality_raw_cardinality"",""FoundationsVII.Models.Finite.Phase2.totality_transfer_requires_adapter_on_partial_targets"",""FoundationsVII.NeutralProvisioningCertificate.neutral_provisioning_authorizes_first_extension"",""FoundationsVII.NeutralProvisioningCertificate.retrospective_stocking_cannot_earn_neutral_credit"",""FoundationsVII.NeutralProvisioningCertificate.source_laundering_through_system_generation_fails"",""FoundationsVII.NeutralProvisioningCertificate.system_generated_source_cannot_earn_neutral_credit"",""FoundationsVII.NoGo.NGVII_04_escape_certified_adapter"",""FoundationsVII.NoGo.NGVII_04_no_automatic_total_lens_transfer"",""FoundationsVII.PackageAccess.certified_peer_transport_is_sufficient_for_shared_access"",""FoundationsVII.PackageAccess.common_origin_countermodel"",""FoundationsVII.PackageAccess.common_origin_does_not_imply_shared_access"",""FoundationsVII.PackageAccess.shared_access_does_not_imply_source_independence"",""FoundationsVII.PrecedenceCertificate.impossible_when_not_precedent""]","[""FoundationsVII.ContactChannelEvidence.mediation_licensed"",""FoundationsVII.ContactChannelEvidence.rendezvous_licensed"",""FoundationsVII.ContactChannelEvidence.sequential_licensed"",""FoundationsVII.ContactChannelEvidence.shared_budget_licensed"",""FoundationsVII.ContactChannelEvidence.shared_carrier_licensed"",""FoundationsVII.ContactProfile.compatibility_does_not_imply_evidenced_contact"",""FoundationsVII.ContactProfile.compatibleWithoutContact_coherent"",""FoundationsVII.ContactProfile.contactWithoutComposite_coherent"",""FoundationsVII.ContactProfile.evidenced_contact_does_not_imply_composite"",""FoundationsVII.HonestBridgeRecord.certified_preserves_kind_metadata"",""FoundationsVII.HonestBridgeRecord.certified_records_bridged_kind"",""FoundationsVII.HonestBridgeRecord.certified_records_declared_origin"",""FoundationsVII.Models.Finite.Phase3.contact_transport_accepted_cardinality"",""FoundationsVII.Models.Finite.Phase3.contact_transport_exhaustive"",""FoundationsVII.Models.Finite.Phase3.contact_transport_raw_cardinality"",""FoundationsVII.Models.Finite.Phase3.source_lineage_accepted_cardinality"",""FoundationsVII.Models.Finite.Phase3.source_lineage_raw_cardinality"",""FoundationsVII.NoGo.NGVII_02_escape_witnessed_independent_contact"",""FoundationsVII.NoGo.NGVII_02_no_resemblance_only_independence_join"",""FoundationsVII.NoGo.NGVII_08_escape_disjoint_root_certificate"",""FoundationsVII.NoGo.NGVII_08_no_one_lineage_source_independence_credit"",""FoundationsVII.PeerTransport.wellFormed_preserves_destination_ownership"",""FoundationsVII.PeerTransport.wellFormed_preserves_payload_source"",""FoundationsVII.PeerTransport.wellFormed_preserves_provenance"",""FoundationsVII.PeerTransport.wellFormed_targets_declared_destination"",""FoundationsVII.PeerTransport.withoutJoin_does_not_form_composite"",""FoundationsVII.PeerTransport.withoutJoin_is_certified_transport"",""FoundationsVII.SourceAncestry.independence_excludes_same_lineage"",""FoundationsVII.SourceAncestry.same_lineage_excludes_independence"",""FoundationsVII.SourceIndependenceGate.behavioral_nonfactorization_alone_is_insufficient"",""FoundationsVII.SourceIndependenceGate.certified_gate_separates_source_and_behavior"",""FoundationsVII.SourceIndependenceGate.same_lineage_fails_independence_sensitive_credit"",""FoundationsVII.contactMode_mem_all"",""FoundationsVII.contact_surface_primitive_scoped_ruling"",""FoundationsVII.mediation_special_case_exists"",""FoundationsVII.peer_contact_can_transport_without_join"",""FoundationsVII.rendezvous_special_case_exists"",""FoundationsVII.sequential_special_case_exists"",""FoundationsVII.shared_budget_special_case_exists"",""FoundationsVII.shared_carrier_special_case_exists""]",CLOSED_CUMULATIVE_SOURCE_TRANSPORT_DISCIPLINE_COMPLETE,PENDING_EXTERNAL_LEAN_REPLAY
FT06,Typed contact and join-entry records,"[""VII-C007"",""VII-C016""]",NOT_ASSIGNED_BEFORE_PHASE3,[],"[""FoundationsVII.ContactChannelEvidence.mediation_licensed"",""FoundationsVII.ContactChannelEvidence.rendezvous_licensed"",""FoundationsVII.ContactChannelEvidence.sequential_licensed"",""FoundationsVII.ContactChannelEvidence.shared_budget_licensed"",""FoundationsVII.ContactChannelEvidence.shared_carrier_licensed"",""FoundationsVII.ContactProfile.compatibility_does_not_imply_evidenced_contact"",""FoundationsVII.ContactProfile.compatibleWithoutContact_coherent"",""FoundationsVII.ContactProfile.contactWithoutComposite_coherent"",""FoundationsVII.ContactProfile.evidenced_contact_does_not_imply_composite"",""FoundationsVII.JoinEntryFieldProfile.weak_status_checker_has_budget_false_positive"",""FoundationsVII.JoinEntryFieldProfile.weak_status_checker_has_contact_false_positive"",""FoundationsVII.JoinEntryFieldProfile.weak_status_checker_has_source_false_positive"",""FoundationsVII.JoinEntryRecord.completed_has_no_recorded_obstruction"",""FoundationsVII.JoinEntryRecord.completed_has_witnessed_contact"",""FoundationsVII.JoinEntryRecord.failed_ne_completed"",""FoundationsVII.JoinEntryRecord.obstructed_has_obstruction"",""FoundationsVII.JoinEntryRecord.obstructed_ne_completed"",""FoundationsVII.JoinEntryRecord.pending_ne_completed"",""FoundationsVII.JoinEntryRecord.wellFormed_has_append_only_audit_surface"",""FoundationsVII.JoinEntryRecord.wellFormed_has_budget_ledger"",""FoundationsVII.JoinEntryRecord.wellFormed_has_source_ledger"",""FoundationsVII.JoinEntryRecord.wellFormed_has_two_parents"",""FoundationsVII.JoinEntryRecord.wellFormed_has_typed_contact_surface"",""FoundationsVII.JoinEntryRecord.witnessed_state_has_contact"",""FoundationsVII.Models.Finite.Phase3.contact_transport_accepted_cardinality"",""FoundationsVII.Models.Finite.Phase3.contact_transport_exhaustive"",""FoundationsVII.Models.Finite.Phase3.contact_transport_raw_cardinality"",""FoundationsVII.PeerTransport.wellFormed_preserves_destination_ownership"",""FoundationsVII.PeerTransport.wellFormed_preserves_payload_source"",""FoundationsVII.PeerTransport.wellFormed_preserves_provenance"",""FoundationsVII.PeerTransport.wellFormed_targets_declared_destination"",""FoundationsVII.PeerTransport.withoutJoin_does_not_form_composite"",""FoundationsVII.PeerTransport.withoutJoin_is_certified_transport"",""FoundationsVII.contactMode_mem_all"",""FoundationsVII.contact_surface_primitive_scoped_ruling"",""FoundationsVII.mediation_special_case_exists"",""FoundationsVII.peer_contact_can_transport_without_join"",""FoundationsVII.rendezvous_special_case_exists"",""FoundationsVII.sequential_special_case_exists"",""FoundationsVII.shared_budget_special_case_exists"",""FoundationsVII.shared_carrier_special_case_exists""]",CLOSED_SOURCE_COMPLETE_EXTERNAL_KERNEL_REPLAY_PENDING,PENDING_EXTERNAL_LEAN_REPLAY
FT07,"Composite objecthood, retention, and strict-join certificate","[""VII-C007"",""VII-C009"",""VII-C026"",""VII-C030""]",NOT_ASSIGNED_BEFORE_PHASE3,[],"[""FoundationsVII.AntiProductWitness.coarsening_only_fails"",""FoundationsVII.AntiProductWitness.relabel_only_fails"",""FoundationsVII.AntiProductWitness.scheduling_only_fails"",""FoundationsVII.AntiProductWitness.valid_is_nonfactorizing"",""FoundationsVII.CompositeClosureWitness.certified_has_objecthood"",""FoundationsVII.CompositeClosureWitness.certified_of_proof_carrying_witness"",""FoundationsVII.CompositeClosureWitness.certified_retains_both_parents"",""FoundationsVII.CompositeClosureWitness.left_retention_from_embedding"",""FoundationsVII.CompositeClosureWitness.objecthood_from_fixed_point"",""FoundationsVII.CompositeClosureWitness.right_retention_from_embedding"",""FoundationsVII.FinitePackageCategory.wellFormed_has_checked_category_laws"",""FoundationsVII.JoinDescentCertificate.valid_accounts_for_all_parents"",""FoundationsVII.JoinEntryFieldProfile.weak_status_checker_has_budget_false_positive"",""FoundationsVII.JoinEntryFieldProfile.weak_status_checker_has_contact_false_positive"",""FoundationsVII.JoinEntryFieldProfile.weak_status_checker_has_source_false_positive"",""FoundationsVII.JoinEntryRecord.completed_has_no_recorded_obstruction"",""FoundationsVII.JoinEntryRecord.completed_has_witnessed_contact"",""FoundationsVII.JoinEntryRecord.failed_ne_completed"",""FoundationsVII.JoinEntryRecord.obstructed_has_obstruction"",""FoundationsVII.JoinEntryRecord.obstructed_ne_completed"",""FoundationsVII.JoinEntryRecord.pending_ne_completed"",""FoundationsVII.JoinEntryRecord.wellFormed_has_append_only_audit_surface"",""FoundationsVII.JoinEntryRecord.wellFormed_has_budget_ledger"",""FoundationsVII.JoinEntryRecord.wellFormed_has_source_ledger"",""FoundationsVII.JoinEntryRecord.wellFormed_has_two_parents"",""FoundationsVII.JoinEntryRecord.wellFormed_has_typed_contact_surface"",""FoundationsVII.JoinEntryRecord.witnessed_state_has_contact"",""FoundationsVII.Models.Finite.Phase3.categorical_accepted_cardinality"",""FoundationsVII.Models.Finite.Phase3.categorical_raw_cardinality"",""FoundationsVII.Models.Finite.Phase3.contact_transport_accepted_cardinality"",""FoundationsVII.Models.Finite.Phase3.contact_transport_exhaustive"",""FoundationsVII.Models.Finite.Phase3.contact_transport_raw_cardinality"",""FoundationsVII.Models.Finite.Phase3.directionless_strict_case_exists"",""FoundationsVII.Models.Finite.Phase3.refinement_accepted_cardinality"",""FoundationsVII.Models.Finite.Phase3.refinement_raw_cardinality"",""FoundationsVII.Models.Finite.Phase3.strict_join_status_count"",""FoundationsVII.Models.Finite.Phase3.strict_join_without_listed_universal_construction_exists"",""FoundationsVII.Models.Finite.Phase3.strictness_accepted_cardinality"",""FoundationsVII.Models.Finite.Phase3.strictness_canonical_cardinality"",""FoundationsVII.Models.Finite.Phase3.strictness_raw_labelled_cardinality"",""FoundationsVII.NoGo.NGVII_06_escape_complete_strict_join_certificate"",""FoundationsVII.NoGo.NGVII_06_no_join_from_contact_alone"",""FoundationsVII.NoGo.NGVII_07_escape_anti_product_witness"",""FoundationsVII.NoGo.NGVII_07_no_product_common_refinement_strictness_credit"",""FoundationsVII.ParentRetentionMap.erased_parent_is_not_recoverable"",""FoundationsVII.ParentRetentionMap.full_retention_is_recoverable"",""FoundationsVII.StrictJoinEvidence.certified_does_not_supply_directionality"",""FoundationsVII.StrictJoinEvidence.certified_has_anti_product_novelty"",""FoundationsVII.StrictJoinEvidence.certified_has_objecthood"",""FoundationsVII.StrictJoinEvidence.certified_has_source_and_budget_gates"",""FoundationsVII.StrictJoinEvidence.certified_retains_both_parents"",""FoundationsVII.StrictJoinProfile.anti_product_does_not_imply_objecthood"",""FoundationsVII.StrictJoinProfile.directionless_strict_profile_exists"",""FoundationsVII.StrictJoinProfile.strictness_does_not_imply_parent_retention"",""FoundationsVII.UniversalConstructionCertificate.representation_preserves_declared_parents"",""FoundationsVII.UniversalConstructionCertificate.representation_requires_explicit_universal_property"",""FoundationsVII.UniversalConstructionCertificate.represents_strict_join_iff_valid_and_independently_novel"",""FoundationsVII.composite_formation_does_not_imply_parent_retention"",""FoundationsVII.finite_composite_objecthood_control"",""FoundationsVII.finite_package_category_control_is_well_formed"",""FoundationsVII.full_and_partial_retention_are_explicit"",""FoundationsVII.join_descent_certificate_accounts_for_retained_parents"",""FoundationsVII.mere_product_is_not_strict_join_credit"",""FoundationsVII.no_unconditional_join_monotonicity_under_refinement"",""FoundationsVII.parentRetentionStatus_mem_all"",""FoundationsVII.refinementEffect_mem_all"",""FoundationsVII.refinement_effects_have_all_four_controls"",""FoundationsVII.refinement_may_preserve_or_destroy_join_evidence"",""FoundationsVII.special_case_categorical_representation_is_conditional"",""FoundationsVII.unconditional_categorical_reduction_countermodel""]",CLOSED_SOURCE_COMPLETE_EXTERNAL_KERNEL_REPLAY_PENDING,PENDING_EXTERNAL_LEAN_REPLAY
FT08,Anti-product and no-fake-join witnesses,"[""VII-C009"",""VII-C035"",""VII-C036""]",NOT_ASSIGNED_BEFORE_PHASE3,[],"[""FoundationsVII.AntiProductWitness.coarsening_only_fails"",""FoundationsVII.AntiProductWitness.relabel_only_fails"",""FoundationsVII.AntiProductWitness.scheduling_only_fails"",""FoundationsVII.AntiProductWitness.valid_is_nonfactorizing"",""FoundationsVII.CompositeClosureWitness.certified_has_objecthood"",""FoundationsVII.CompositeClosureWitness.certified_of_proof_carrying_witness"",""FoundationsVII.CompositeClosureWitness.certified_retains_both_parents"",""FoundationsVII.CompositeClosureWitness.left_retention_from_embedding"",""FoundationsVII.CompositeClosureWitness.objecthood_from_fixed_point"",""FoundationsVII.CompositeClosureWitness.right_retention_from_embedding"",""FoundationsVII.Models.Finite.Phase3.all_phase3_countermodels_pass"",""FoundationsVII.Models.Finite.Phase3.all_phase3_scenarios_pass"",""FoundationsVII.Models.Finite.Phase3.directionless_strict_case_exists"",""FoundationsVII.Models.Finite.Phase3.payment_accepted_cardinality"",""FoundationsVII.Models.Finite.Phase3.payment_raw_cardinality"",""FoundationsVII.Models.Finite.Phase3.phase3_countermodel_count"",""FoundationsVII.Models.Finite.Phase3.phase3_scenario_count"",""FoundationsVII.Models.Finite.Phase3.phase3_source_control_22_pass"",""FoundationsVII.Models.Finite.Phase3.residual_accepted_cardinality"",""FoundationsVII.Models.Finite.Phase3.residual_raw_cardinality"",""FoundationsVII.Models.Finite.Phase3.strict_join_status_count"",""FoundationsVII.Models.Finite.Phase3.strictness_accepted_cardinality"",""FoundationsVII.Models.Finite.Phase3.strictness_canonical_cardinality"",""FoundationsVII.Models.Finite.Phase3.strictness_raw_labelled_cardinality"",""FoundationsVII.NoGo.NGVII_02_escape_witnessed_independent_contact"",""FoundationsVII.NoGo.NGVII_02_no_resemblance_only_independence_join"",""FoundationsVII.NoGo.NGVII_06_escape_complete_strict_join_certificate"",""FoundationsVII.NoGo.NGVII_06_no_join_from_contact_alone"",""FoundationsVII.NoGo.NGVII_07_escape_anti_product_witness"",""FoundationsVII.NoGo.NGVII_07_no_product_common_refinement_strictness_credit"",""FoundationsVII.NoGo.NGVII_08_escape_disjoint_root_certificate"",""FoundationsVII.NoGo.NGVII_08_no_one_lineage_source_independence_credit"",""FoundationsVII.NoGo.NGVII_09_escape_certified_zero_cost_channel"",""FoundationsVII.NoGo.NGVII_09_escape_paid_channel"",""FoundationsVII.NoGo.NGVII_09_no_positive_cost_join_credit_without_payment"",""FoundationsVII.NoGo.no_self_bootstrapping_join_without_seed_or_bridge"",""FoundationsVII.NoGo.self_bootstrap_escape_external_seed"",""FoundationsVII.ResidualLedger.append_extends"",""FoundationsVII.ResidualLedger.mem_of_extends"",""FoundationsVII.ResidualLedger.no_silent_residual_deletion_under_scope_change"",""FoundationsVII.StrictJoinEvidence.certified_does_not_supply_directionality"",""FoundationsVII.StrictJoinEvidence.certified_has_anti_product_novelty"",""FoundationsVII.StrictJoinEvidence.certified_has_objecthood"",""FoundationsVII.StrictJoinEvidence.certified_has_source_and_budget_gates"",""FoundationsVII.StrictJoinEvidence.certified_retains_both_parents"",""FoundationsVII.StrictJoinProfile.anti_product_does_not_imply_objecthood"",""FoundationsVII.StrictJoinProfile.directionless_strict_profile_exists"",""FoundationsVII.StrictJoinProfile.strictness_does_not_imply_parent_retention"",""FoundationsVII.constructive_join_created_cross_term_needle"",""FoundationsVII.finite_composite_objecthood_control"",""FoundationsVII.join_can_dissolve_and_create_residuals_simultaneously"",""FoundationsVII.joining_is_not_monotonically_obstruction_reducing"",""FoundationsVII.relabeling_does_not_count_as_new_cross_term"",""FoundationsVII.residualKind_mem_all""]",CLOSED_SOURCE_COMPLETE_EXTERNAL_KERNEL_REPLAY_PENDING,PENDING_EXTERNAL_LEAN_REPLAY
FT09,"Join status, budget, and obstruction calculus","[""VII-C008"",""VII-C011"",""VII-C019"",""VII-C031""]",NOT_ASSIGNED_BEFORE_PHASE3,[],"[""FoundationsVII.ContactQuantityTransformation.exact_certificate_licenses_scoped_conservation"",""FoundationsVII.JoinAssessment.commonRefinement_ne_strictJoin"",""FoundationsVII.JoinAssessment.contact_ne_strictJoin"",""FoundationsVII.JoinAssessment.contact_refinement_and_composite_axes_may_overlap"",""FoundationsVII.JoinAssessment.noContact_ne_contact"",""FoundationsVII.JoinAssessment.noninteraction_status_constructor"",""FoundationsVII.JoinAssessment.obstructed_ne_certifiedNoninteraction"",""FoundationsVII.JoinAssessment.obstruction_status_constructor"",""FoundationsVII.JoinAssessment.overlapping_axes_classify_as_lawful_composite"",""FoundationsVII.JoinAssessment.strictEligibleB_eq_true_iff"",""FoundationsVII.JoinAssessment.strict_status_constructor"",""FoundationsVII.JoinCostEntry.certified_zero_cost_channel_is_credited"",""FoundationsVII.JoinCostEntry.paid_entry_is_credited"",""FoundationsVII.JoinCostEntry.positive_cost_without_payment_or_zero_channel_is_not_credited"",""FoundationsVII.JoinCostEntry.positive_observer_cost_cannot_be_hidden"",""FoundationsVII.JoinPaymentLedger.fullyPaid_entries_are_credited"",""FoundationsVII.JoinPaymentLedger.fullyPaid_has_audit"",""FoundationsVII.JoinPaymentLedger.typed_cost_projection_preserves_kinds"",""FoundationsVII.LiveJoinCapacity.finite_live_join_bound"",""FoundationsVII.Models.Finite.Phase3.active_residuals_nonconservation_control"",""FoundationsVII.Models.Finite.Phase3.all_phase3_countermodels_pass"",""FoundationsVII.Models.Finite.Phase3.all_phase3_scenarios_pass"",""FoundationsVII.Models.Finite.Phase3.capacity_accepted_cardinality"",""FoundationsVII.Models.Finite.Phase3.capacity_raw_cardinality"",""FoundationsVII.Models.Finite.Phase3.contacts_nonconservation_control"",""FoundationsVII.Models.Finite.Phase3.join_status_accepted_cardinality"",""FoundationsVII.Models.Finite.Phase3.join_status_canonical_cardinality"",""FoundationsVII.Models.Finite.Phase3.join_status_raw_labelled_cardinality"",""FoundationsVII.Models.Finite.Phase3.live_joins_nonconservation_control"",""FoundationsVII.Models.Finite.Phase3.measure_accepted_cardinality"",""FoundationsVII.Models.Finite.Phase3.measure_raw_cardinality"",""FoundationsVII.Models.Finite.Phase3.paid_cost_nonconservation_control"",""FoundationsVII.Models.Finite.Phase3.payment_accepted_cardinality"",""FoundationsVII.Models.Finite.Phase3.payment_raw_cardinality"",""FoundationsVII.Models.Finite.Phase3.phase3_countermodel_count"",""FoundationsVII.Models.Finite.Phase3.phase3_scenario_count"",""FoundationsVII.Models.Finite.Phase3.phase3_source_control_22_pass"",""FoundationsVII.Models.Finite.Phase3.residual_accepted_cardinality"",""FoundationsVII.Models.Finite.Phase3.residual_raw_cardinality"",""FoundationsVII.Models.Finite.Phase3.retained_parents_nonconservation_control"",""FoundationsVII.Models.Finite.Phase3.status_partition_complete"",""FoundationsVII.NoGo.NGVII_09_escape_certified_zero_cost_channel"",""FoundationsVII.NoGo.NGVII_09_escape_paid_channel"",""FoundationsVII.NoGo.NGVII_09_no_positive_cost_join_credit_without_payment"",""FoundationsVII.ResidualLedger.append_extends"",""FoundationsVII.ResidualLedger.mem_of_extends"",""FoundationsVII.ResidualLedger.no_silent_residual_deletion_under_scope_change"",""FoundationsVII.constructive_join_created_cross_term_needle"",""FoundationsVII.exact_scoped_contact_conservation_is_available"",""FoundationsVII.join_can_dissolve_and_create_residuals_simultaneously"",""FoundationsVII.joining_is_not_monotonically_obstruction_reducing"",""FoundationsVII.no_unqualified_contact_degree_from_bookkeeping_alone"",""FoundationsVII.omitted_observer_occupancy_invalidates_conservation_credit"",""FoundationsVII.plausible_contact_quantities_disagree"",""FoundationsVII.relabeling_does_not_count_as_new_cross_term"",""FoundationsVII.residualKind_mem_all""]",CLOSED_SOURCE_COMPLETE_EXTERNAL_KERNEL_REPLAY_PENDING,PENDING_EXTERNAL_LEAN_REPLAY
FT10,Coverage-qualified non-interaction,"[""VII-C008"",""VII-C033""]",NOT_ASSIGNED_BEFORE_PHASE3,[],"[""FoundationsVII.ContactCoverageCertificate.certified_has_no_observed_contact"",""FoundationsVII.ContactCoverageCertificate.certified_records_escape_routes"",""FoundationsVII.ContactNullProfile.certifiedNull_is_certified"",""FoundationsVII.ContactNullProfile.certified_noninteraction_implies_no_evidenced_contact"",""FoundationsVII.ContactNullProfile.no_evidenced_contact_is_weaker_than_certified_noninteraction"",""FoundationsVII.ContactNullProfile.openNull_has_no_evidenced_contact"",""FoundationsVII.ContactNullProfile.openNull_is_not_certified"",""FoundationsVII.DeclaredContactCase.exhaustive_declared_family_excludes_contact"",""FoundationsVII.DeclaredContactCase.outside_family_is_an_explicit_escape"",""FoundationsVII.JoinAssessment.commonRefinement_ne_strictJoin"",""FoundationsVII.JoinAssessment.contact_ne_strictJoin"",""FoundationsVII.JoinAssessment.contact_refinement_and_composite_axes_may_overlap"",""FoundationsVII.JoinAssessment.noContact_ne_contact"",""FoundationsVII.JoinAssessment.noninteraction_status_constructor"",""FoundationsVII.JoinAssessment.obstructed_ne_certifiedNoninteraction"",""FoundationsVII.JoinAssessment.obstruction_status_constructor"",""FoundationsVII.JoinAssessment.overlapping_axes_classify_as_lawful_composite"",""FoundationsVII.JoinAssessment.strictEligibleB_eq_true_iff"",""FoundationsVII.JoinAssessment.strict_status_constructor"",""FoundationsVII.Models.Finite.Phase3.all_phase3_countermodels_pass"",""FoundationsVII.Models.Finite.Phase3.all_phase3_scenarios_pass"",""FoundationsVII.Models.Finite.Phase3.exactly_one_certified_noninteraction_profile"",""FoundationsVII.Models.Finite.Phase3.join_status_accepted_cardinality"",""FoundationsVII.Models.Finite.Phase3.join_status_canonical_cardinality"",""FoundationsVII.Models.Finite.Phase3.join_status_raw_labelled_cardinality"",""FoundationsVII.Models.Finite.Phase3.noninteraction_accepted_cardinality"",""FoundationsVII.Models.Finite.Phase3.noninteraction_raw_cardinality"",""FoundationsVII.Models.Finite.Phase3.phase3_countermodel_count"",""FoundationsVII.Models.Finite.Phase3.phase3_scenario_count"",""FoundationsVII.Models.Finite.Phase3.phase3_source_control_22_pass"",""FoundationsVII.Models.Finite.Phase3.status_partition_complete""]",CLOSED_SOURCE_COMPLETE_EXTERNAL_KERNEL_REPLAY_PENDING,PENDING_EXTERNAL_LEAN_REPLAY
FT16,Budget and observer occupancy accounting,"[""VII-C011""]",CLOSED_SOURCE_COMPLETE_EXTERNAL_KERNEL_REPLAY_PENDING,"[""FoundationsVII.BudgetEntry.failed_admission_conservation_accounting"",""FoundationsVII.BudgetEntry.failed_unused_admission_full_refund_is_conserved"",""FoundationsVII.BudgetEntry.settled_failure_refund_equation"",""FoundationsVII.CommitmentUse.SameNeutralSeedClass.refl"",""FoundationsVII.CommitmentUse.SameNeutralSeedClass.symm"",""FoundationsVII.CommitmentUse.SameNeutralSeedClass.trans"",""FoundationsVII.CommitmentUse.expired_commitment_is_not_active"",""FoundationsVII.CommitmentUse.prospectively_certified_has_temporal_precedence"",""FoundationsVII.CommitmentUse.prospectively_certified_is_neutral_seed_equivalent"",""FoundationsVII.CommitmentUse.retrospective_predicate_cannot_discharge_prospective_certificate"",""FoundationsVII.CommitmentUse.unused_reserved_budget_is_refunded"",""FoundationsVII.Models.Finite.Phase2.commitment_admissible_cardinality"",""FoundationsVII.Models.Finite.Phase2.commitment_raw_cardinality"",""FoundationsVII.Models.Finite.Phase2.native_credit_requires_priced_occupancy"",""FoundationsVII.Models.Finite.Phase2.no_retrospective_self_certification_exhaustive"",""FoundationsVII.Models.Finite.Phase2.observer_admissible_cardinality"",""FoundationsVII.Models.Finite.Phase2.observer_raw_cardinality"",""FoundationsVII.Models.Finite.Phase2.settled_failures_conserve_declared_budget"",""FoundationsVII.Models.Finite.Phase2.settlement_admissible_cardinality"",""FoundationsVII.Models.Finite.Phase2.settlement_raw_cardinality"",""FoundationsVII.NoGo.NGVII_03_escape_prospective_certificate"",""FoundationsVII.NoGo.NGVII_03_no_retrospective_self_certification"",""FoundationsVII.NoGo.NGVII_05_escape_external_observer"",""FoundationsVII.NoGo.NGVII_05_escape_zero_occupancy"",""FoundationsVII.NoGo.NGVII_05_no_unpriced_observer_native_credit"",""FoundationsVII.ObserverOccupancyRecord.certified_external_observer_is_a_lawful_escape"",""FoundationsVII.ObserverOccupancyRecord.certified_zero_occupancy_is_fully_priced"",""FoundationsVII.ObserverOccupancyRecord.hidden_occupancy_is_not_fully_priced"",""FoundationsVII.ObserverOccupancyRecord.unpriced_observer_invalidates_native_formation_credit"",""FoundationsVII.ObserverOccupancyRecord.zero_occupancy_native_credit"",""FoundationsVII.PrecedenceCertificate.impossible_when_not_precedent""]","[""FoundationsVII.JoinCostEntry.certified_zero_cost_channel_is_credited"",""FoundationsVII.JoinCostEntry.paid_entry_is_credited"",""FoundationsVII.JoinCostEntry.positive_cost_without_payment_or_zero_channel_is_not_credited"",""FoundationsVII.JoinCostEntry.positive_observer_cost_cannot_be_hidden"",""FoundationsVII.JoinPaymentLedger.fullyPaid_entries_are_credited"",""FoundationsVII.JoinPaymentLedger.fullyPaid_has_audit"",""FoundationsVII.JoinPaymentLedger.typed_cost_projection_preserves_kinds"",""FoundationsVII.LiveJoinCapacity.finite_live_join_bound"",""FoundationsVII.Models.Finite.Phase3.capacity_accepted_cardinality"",""FoundationsVII.Models.Finite.Phase3.capacity_raw_cardinality"",""FoundationsVII.Models.Finite.Phase3.payment_accepted_cardinality"",""FoundationsVII.Models.Finite.Phase3.payment_raw_cardinality"",""FoundationsVII.NoGo.NGVII_09_escape_certified_zero_cost_channel"",""FoundationsVII.NoGo.NGVII_09_escape_paid_channel"",""FoundationsVII.NoGo.NGVII_09_no_positive_cost_join_credit_without_payment""]",CLOSED_CUMULATIVE_ADMISSION_AND_JOIN_ACCOUNTING_COMPLETE,PENDING_EXTERNAL_LEAN_REPLAY
FT18,No-free-access/no-free-join lemmas,"[""VII-C035""]",ADMISSION_HALF_COMPLETE_JOIN_HALF_RESERVED_FOR_FVII_SCI_03,"[""FoundationsVII.AdmissionRegime.admitted_seed_authorizes_first_extension"",""FoundationsVII.AdmissionRegime.bootstrap_no_go_applies_implies_no_first_extension"",""FoundationsVII.AdmissionRegime.no_first_extension_without_seed_or_reachable_generator"",""FoundationsVII.AdmissionRegime.open_external_provision_authorizes_first_extension"",""FoundationsVII.AdmissionRegime.open_family_is_not_covered_by_closed_bootstrap_hypotheses"",""FoundationsVII.AdmissionRegime.reachable_generator_authorizes_first_extension"",""FoundationsVII.Models.Finite.Phase2.bootstrap_admissible_cardinality"",""FoundationsVII.Models.Finite.Phase2.bootstrap_law_exhaustive"",""FoundationsVII.Models.Finite.Phase2.bootstrap_raw_cardinality"",""FoundationsVII.NeutralProvisioningCertificate.neutral_provisioning_authorizes_first_extension"",""FoundationsVII.NeutralProvisioningCertificate.retrospective_stocking_cannot_earn_neutral_credit"",""FoundationsVII.NeutralProvisioningCertificate.source_laundering_through_system_generation_fails"",""FoundationsVII.NeutralProvisioningCertificate.system_generated_source_cannot_earn_neutral_credit"",""FoundationsVII.NoGo.NGVII_01_escape_admitted_seed"",""FoundationsVII.NoGo.NGVII_01_escape_open_external_provision"",""FoundationsVII.NoGo.NGVII_01_escape_reachable_generator"",""FoundationsVII.NoGo.NGVII_01_no_first_extension_without_seed_or_generator"",""FoundationsVII.ObserverOccupancyRecord.unpriced_observer_invalidates_native_formation_credit"",""FoundationsVII.TypedAdmissionStep.Lawful.sourced_financed_and_audited""]","[""FoundationsVII.Models.Finite.Phase3.all_phase3_countermodels_pass"",""FoundationsVII.Models.Finite.Phase3.all_phase3_scenarios_pass"",""FoundationsVII.Models.Finite.Phase3.payment_accepted_cardinality"",""FoundationsVII.Models.Finite.Phase3.payment_raw_cardinality"",""FoundationsVII.Models.Finite.Phase3.phase3_countermodel_count"",""FoundationsVII.Models.Finite.Phase3.phase3_scenario_count"",""FoundationsVII.Models.Finite.Phase3.phase3_source_control_22_pass"",""FoundationsVII.Models.Finite.Phase3.strictness_accepted_cardinality"",""FoundationsVII.Models.Finite.Phase3.strictness_canonical_cardinality"",""FoundationsVII.Models.Finite.Phase3.strictness_raw_labelled_cardinality"",""FoundationsVII.NoGo.NGVII_02_escape_witnessed_independent_contact"",""FoundationsVII.NoGo.NGVII_02_no_resemblance_only_independence_join"",""FoundationsVII.NoGo.NGVII_06_escape_complete_strict_join_certificate"",""FoundationsVII.NoGo.NGVII_06_no_join_from_contact_alone"",""FoundationsVII.NoGo.NGVII_07_escape_anti_product_witness"",""FoundationsVII.NoGo.NGVII_07_no_product_common_refinement_strictness_credit"",""FoundationsVII.NoGo.NGVII_08_escape_disjoint_root_certificate"",""FoundationsVII.NoGo.NGVII_08_no_one_lineage_source_independence_credit"",""FoundationsVII.NoGo.NGVII_09_escape_certified_zero_cost_channel"",""FoundationsVII.NoGo.NGVII_09_escape_paid_channel"",""FoundationsVII.NoGo.NGVII_09_no_positive_cost_join_credit_without_payment"",""FoundationsVII.NoGo.no_self_bootstrapping_join_without_seed_or_bridge"",""FoundationsVII.NoGo.self_bootstrap_escape_external_seed""]",CLOSED_CUMULATIVE_ADMISSION_AND_JOIN_HALVES_COMPLETE,PENDING_EXTERNAL_LEAN_REPLAY
FT19,Parent retention and descent,"[""VII-C030""]",NOT_ASSIGNED_BEFORE_PHASE3,[],"[""FoundationsVII.JoinDescentCertificate.valid_accounts_for_all_parents"",""FoundationsVII.Models.Finite.Phase3.refinement_accepted_cardinality"",""FoundationsVII.Models.Finite.Phase3.refinement_raw_cardinality"",""FoundationsVII.ParentRetentionMap.erased_parent_is_not_recoverable"",""FoundationsVII.ParentRetentionMap.full_retention_is_recoverable"",""FoundationsVII.composite_formation_does_not_imply_parent_retention"",""FoundationsVII.full_and_partial_retention_are_explicit"",""FoundationsVII.join_descent_certificate_accounts_for_retained_parents"",""FoundationsVII.no_unconditional_join_monotonicity_under_refinement"",""FoundationsVII.parentRetentionStatus_mem_all"",""FoundationsVII.refinementEffect_mem_all"",""FoundationsVII.refinement_effects_have_all_four_controls"",""FoundationsVII.refinement_may_preserve_or_destroy_join_evidence""]",PARENT_RETENTION_PORTION_COMPLETE_DYNAMICAL_DESCENT_RESERVED_FOR_FVII_SCI_04,PENDING_EXTERNAL_LEAN_REPLAY
FT20,Residual and needle semantics,"[""VII-C019"",""VII-C031"",""VII-C036""]",NOT_ASSIGNED_BEFORE_PHASE3,[],"[""FoundationsVII.ContactQuantityTransformation.exact_certificate_licenses_scoped_conservation"",""FoundationsVII.Models.Finite.Phase3.active_residuals_nonconservation_control"",""FoundationsVII.Models.Finite.Phase3.contacts_nonconservation_control"",""FoundationsVII.Models.Finite.Phase3.live_joins_nonconservation_control"",""FoundationsVII.Models.Finite.Phase3.measure_accepted_cardinality"",""FoundationsVII.Models.Finite.Phase3.measure_raw_cardinality"",""FoundationsVII.Models.Finite.Phase3.paid_cost_nonconservation_control"",""FoundationsVII.Models.Finite.Phase3.residual_accepted_cardinality"",""FoundationsVII.Models.Finite.Phase3.residual_raw_cardinality"",""FoundationsVII.Models.Finite.Phase3.retained_parents_nonconservation_control"",""FoundationsVII.ResidualLedger.append_extends"",""FoundationsVII.ResidualLedger.mem_of_extends"",""FoundationsVII.ResidualLedger.no_silent_residual_deletion_under_scope_change"",""FoundationsVII.constructive_join_created_cross_term_needle"",""FoundationsVII.exact_scoped_contact_conservation_is_available"",""FoundationsVII.join_can_dissolve_and_create_residuals_simultaneously"",""FoundationsVII.joining_is_not_monotonically_obstruction_reducing"",""FoundationsVII.no_unqualified_contact_degree_from_bookkeeping_alone"",""FoundationsVII.omitted_observer_occupancy_invalidates_conservation_credit"",""FoundationsVII.plausible_contact_quantities_disagree"",""FoundationsVII.relabeling_does_not_count_as_new_cross_term"",""FoundationsVII.residualKind_mem_all""]",JOIN_RESIDUAL_PORTION_COMPLETE_DYNAMICAL_PORTION_RESERVED_FOR_FVII_SCI_04,PENDING_EXTERNAL_LEAN_REPLAY
