accepted_cardinality,accepted_sha256,canonical_cardinality,description,family_id,nonclaim,raw_cardinality,rejected_cardinality,rejected_sha256
14,c9da7f41bed994efacbc1260a568dedc116016bea0e765f87694b043d6645101,128,Seven-coordinate access normal forms satisfying only the declared implication spine.,P2-E01,The finite Boolean carrier does not impose a total order or identify SBT access with seven bits universally.,128,114,7f318e5db6abe46ecee0a2708c7fbf5463d3a0d251fd78e37ec2a7d1d925240d
12,d4174185bb1da4f3fa3b818ae83c3730bed3ea1174eb4e7827077c62710b6665,128,"Operational profiles separating rule soundness, execution, reachability, firing, and occurrence.",P2-E02,Accepted profiles encode the Phase-2 transition contract; they do not prove a domain-specific rule sound.,128,116,462e03b02efb89d0cf6e00203a0376d18e51d16dc4da8fc42491ea76f9f74750
29,1f2b9d2b4b5be150c6a7a03387fc8296379e829ad9431e12be5a6f49fc8779d8,32,"Bootstrap assignments with admitted-seed, reachable-generator, and open-family external-provision authorization.",P2-E03,The obstruction is scoped to closed families; an open family may admit an explicitly recorded external provision.,32,3,3732a55f460753841d8ba343551edff153d535929a1e8451637125104d1db7e1
129,dd77da93c13810515c136d841ed58dfd8037e367eb30e784f0a58ef8fea7247b,256,"Prospective-credit assignments with preregistration, precedence, task blindness, outcome independence, symmetry, and matched controls.",P2-E04,"Boolean certificate coordinates are a finite assay, not a universal clock, symmetry theory, or causal order.",256,127,aa475b204914162b930138355023e7a6b06c1d32f79c2b0245449fc72437206e
128,e0c7d924c530af2a4ec529a586b7adff0113220a2160393ee8201d52684a0a2c,256,Two-package provenance/access profiles normalized by source-ID renaming.,P2-E05,"Common origin, carrier, or instrument is not itself a peer-transport certificate.",512,128,df8358879d3fc501921a71b28f15070a12882e0e414b6b6534ff0afc2c9b2a8a
19,157dc8f3d785578af81cd6c8cddc65bd40da7882b87e1201a3823ccaef6de71d,32,Total-lens transfer assignments with self-owned targets and explicit partial-target adapter licensing.,P2-E06,Self-ownership and an adapter theorem are independent obligations; the adapter must still prove the concrete notions coincide where used.,32,13,35c8bce282603f57b8a0a3622d6732768074a5640d41cea7954045de52604fab
33,90e8e4f1a4b1a5a94f6ff93aed22bdd6e99aac5fe4b815daf97866bac21e5286,64,Finite-horizon negative-force assignments with family closure and detector-power gates.,P2-E07,Finite-horizon nulls without closure and detector power remain bounded evidence only.,64,31,992006c7945b538fe464046e567159538a3aa6a9031579c2f16a41abfe703089
15,20f7155d2279b38d4eed51c38d753353248c51189f06f774487393eb1bf810bb,18,"Observer occupancy/pricing assignments over costs 0,1,2.",P2-E08,The bounded costs test ledger discipline; they do not calibrate physical observer cost.,18,3,1377b8517ccbd849378a37a8385a7b34f0c06f4845dacd32ce32574e56c09a6c
91,6b24ea4be257df11f643b80df09960fef6a8fb6fc24bc0f0321754df271504fc,162,"Failed-admission settlement assignments over costs 0,1,2.",P2-E09,Conservation is with respect to the declared ledger; omitted resources remain a falsifier.,162,71,857d24f9f554d5b042f2649c2eeaf5448b387638ffd5e0862385598e9b463659
