law_id,name,cluster,paper_grade,paper_lean_status,paper_proof_grade,paper_principal_declarations,paper_certified_or_open_boundary,paper_source_anchor,local_import_status,local_verification_state,local_kernel_build,caveat
E1,Internalization,A — Laws of Endogeny,theorem,full core,conditional exact classification and branch elimination,E1_StatusPartition; E1_Internalization; E1_StrictSelfExtension; E1_NoGeneratorDichotomy,"Host supplies no-free-distinction, finite-forcing, promotion, schedule, binding/discharge, family-budget and classifier-completeness certificates; Lean verifies rather than discovers a repair family.",papers/Tsiokos_2026_Six_Birds_Foundations_V_Endogenous_Closure_A_Catalog_of_Structural_Laws_for_Living_Cognitive_and_Social_Systems.tex:6747-7040,PRESENT_DEDICATED_MODULE,R1_ASSET_PRESENT;R2_STATIC_INDEXED;R3_IMPORT_RESOLVED,NOT_RUN: Lean/Lake unavailable,"The module is locally present and statically import-closed. This verifies source availability and dependency closure, not a local kernel replay; paper grade, conditional hypotheses, and host-certificate obligations remain controlling."
E2,Bounded Reflexivity,A — Laws of Endogeny,theorem,full core,imported self-audit obstruction; derived finite capacity bound; conditional partition,E2_SelfSoundnessObstruction; E2_ForcedStratification; E2_CapacityBound; E2_StatusPartition,"Tower bridges, record accounting, occurrence completeness and capacity declaration are certified; general audit-capacity pricing remains open.",papers/Tsiokos_2026_Six_Birds_Foundations_V_Endogenous_Closure_A_Catalog_of_Structural_Laws_for_Living_Cognitive_and_Social_Systems.tex:6747-7040,PRESENT_DEDICATED_MODULE,R1_ASSET_PRESENT;R2_STATIC_INDEXED;R3_IMPORT_RESOLVED,NOT_RUN: Lean/Lake unavailable,"The module is locally present and statically import-closed. This verifies source availability and dependency closure, not a local kernel replay; paper grade, conditional hypotheses, and host-certificate obligations remain controlling."
E3,Self-Maintaining Reclosure,A — Laws of Endogeny,theorem,full core,conditional two-level verification and measured ablation consequence,E3_TwoLevelFixedPoint; E3_StatusPartition; E3_RegressStoppedByE2; E3_AblationSeparation,"Persistence/coherence, metric/curve data, challenge typing and the cited tower are supplied.",papers/Tsiokos_2026_Six_Birds_Foundations_V_Endogenous_Closure_A_Catalog_of_Structural_Laws_for_Living_Cognitive_and_Social_Systems.tex:6747-7040,PRESENT_DEDICATED_MODULE,R1_ASSET_PRESENT;R2_STATIC_INDEXED;R3_IMPORT_RESOLVED,NOT_RUN: Lean/Lake unavailable,"The module is locally present and statically import-closed. This verifies source availability and dependency closure, not a local kernel replay; paper grade, conditional hypotheses, and host-certificate obligations remain controlling."
E4,Repair Compilation,A — Laws of Endogeny,theorem,full core,conditional compilation; derived brittleness; exact partition,E4_Compilation; E4_Brittleness; E4_StatusPartition,"Memory-only control, F2/F9 links, descent, silence and promotion instantiation are certified; general E4-to-E11 compilation remains open.",papers/Tsiokos_2026_Six_Birds_Foundations_V_Endogenous_Closure_A_Catalog_of_Structural_Laws_for_Living_Cognitive_and_Social_Systems.tex:6747-7040,PRESENT_DEDICATED_MODULE,R1_ASSET_PRESENT;R2_STATIC_INDEXED;R3_IMPORT_RESOLVED,NOT_RUN: Lean/Lake unavailable,"The module is locally present and statically import-closed. This verifies source availability and dependency closure, not a local kernel replay; paper grade, conditional hypotheses, and host-certificate obligations remain controlling."
E5,Reclosure Collapse,A — Laws of Endogeny,theorem,full core,conditional complete-inventory verification; definitional collapse falsifier,E5_CollapseFalsifier; E5_ReclosureCollapse; E5_IrreversibleCollapse; E5_SubsidyWithdrawalReclassification,"Inventory completeness, move-linked descent, reachability/kernel grade, subsidy and status completeness are inputs; E7-to-E5 onset remains open.",papers/Tsiokos_2026_Six_Birds_Foundations_V_Endogenous_Closure_A_Catalog_of_Structural_Laws_for_Living_Cognitive_and_Social_Systems.tex:6747-7040,PRESENT_DEDICATED_MODULE,R1_ASSET_PRESENT;R2_STATIC_INDEXED;R3_IMPORT_RESOLVED,NOT_RUN: Lean/Lake unavailable,"The module is locally present and statically import-closed. This verifies source availability and dependency closure, not a local kernel replay; paper grade, conditional hypotheses, and host-certificate obligations remain controlling."
E6,Attention,B — Priced Access and Control,theorem,full core,derived finite KKT and slack algebra,E6_AttentionKKT; E6_SlackCollapse,"KKT equations, positive costs, feasibility, convex-host reading, carried policy and optimizer correctness are supplied; salience is sweep-level.",papers/Tsiokos_2026_Six_Birds_Foundations_V_Endogenous_Closure_A_Catalog_of_Structural_Laws_for_Living_Cognitive_and_Social_Systems.tex:6747-7040,PRESENT_SHARED_MODULE,R1_ASSET_PRESENT;R2_STATIC_INDEXED;R3_IMPORT_RESOLVED,NOT_RUN: Lean/Lake unavailable,"The module is locally present and statically import-closed. This verifies source availability and dependency closure, not a local kernel replay; paper grade, conditional hypotheses, and host-certificate obligations remain controlling."
E7,Alarm,B — Priced Access and Control,theorem,full core,conditional exact trichotomy and structural projection,E7_AlarmTrichotomy; E7_PreemptionSignature,"Xi/Omega values, viability coupling, horizon, response surface, no-overread, null-mode legality and totality are supplied; E7.1 is unformalized.",papers/Tsiokos_2026_Six_Birds_Foundations_V_Endogenous_Closure_A_Catalog_of_Structural_Laws_for_Living_Cognitive_and_Social_Systems.tex:6747-7040,PRESENT_DEDICATED_MODULE,R1_ASSET_PRESENT;R2_STATIC_INDEXED;R3_IMPORT_RESOLVED,NOT_RUN: Lean/Lake unavailable,"The module is locally present and statically import-closed. This verifies source availability and dependency closure, not a local kernel replay; paper grade, conditional hypotheses, and host-certificate obligations remain controlling."
E8,Control-Price,B — Priced Access and Control,theorem,full core,conditional control-price classification; direct reuse of E2 bound,E8_ControlPrice; E8_ComponentShadowPrice; E8_CompressedSummaryLawfulness; E8_1_AuditCapture; E8_1_MetaAuditBoundedByE2,"Comparator/KKT honesty, field completeness, held-out rows, lineage and budget-status inventories are supplied; general E2 pricing and E3 lineage links remain open.",papers/Tsiokos_2026_Six_Birds_Foundations_V_Endogenous_Closure_A_Catalog_of_Structural_Laws_for_Living_Cognitive_and_Social_Systems.tex:6747-7040,PRESENT_DEDICATED_MODULE,R1_ASSET_PRESENT;R2_STATIC_INDEXED;R3_IMPORT_RESOLVED,NOT_RUN: Lean/Lake unavailable,"The module is locally present and statically import-closed. This verifies source availability and dependency closure, not a local kernel replay; paper grade, conditional hypotheses, and host-certificate obligations remain controlling."
E9,Curiosity,B — Priced Access and Control,theorem,full core,derived Xi zero-contraction and finite rational argmax,E9_SameFamilyStrictness; exists_max_ratio; E9_CuriosityArgmax; E6_E9_AccessArbitration,"Catalog, budget/risk admissibility, candidate completeness, positive costs and saturation honesty are supplied.",papers/Tsiokos_2026_Six_Birds_Foundations_V_Endogenous_Closure_A_Catalog_of_Structural_Laws_for_Living_Cognitive_and_Social_Systems.tex:6747-7040,PRESENT_SHARED_MODULE,R1_ASSET_PRESENT;R2_STATIC_INDEXED;R3_IMPORT_RESOLVED,NOT_RUN: Lean/Lake unavailable,"The module is locally present and statically import-closed. This verifies source availability and dependency closure, not a local kernel replay; paper grade, conditional hypotheses, and host-certificate obligations remain controlling."
E10,Cognitive Demarcation,B — Priced Access and Control,theorem,full core,conditional priority-normalized exact classifications,E10_CognitiveDemarcation; E10_1_Intention; E10_2_Goal; falsifier wrappers,"E1-style descent, Foundations III channel, enablement comparators, route persistence and complete status records are inputs; E10.1-to-E11 remains open.",papers/Tsiokos_2026_Six_Birds_Foundations_V_Endogenous_Closure_A_Catalog_of_Structural_Laws_for_Living_Cognitive_and_Social_Systems.tex:6747-7040,PRESENT_DEDICATED_MODULE,R1_ASSET_PRESENT;R2_STATIC_INDEXED;R3_IMPORT_RESOLVED,NOT_RUN: Lean/Lake unavailable,"The module is locally present and statically import-closed. This verifies source availability and dependency closure, not a local kernel replay; paper grade, conditional hypotheses, and host-certificate obligations remain controlling."
E11,Institutional Rewrite,"C — Stack Rewrite, Individuation, and Repair Transport",theorem,full core,conditional structural comparator and exact classification,E11_StackActivity; E11_Constitutive; E11_NCTDObstruction; E11_StatusPartition,"Material forcing, washout, thresholds, outcome readout and E4-shaped record are supplied; general E4/E10 bridges remain open.",papers/Tsiokos_2026_Six_Birds_Foundations_V_Endogenous_Closure_A_Catalog_of_Structural_Laws_for_Living_Cognitive_and_Social_Systems.tex:6747-7040,PRESENT_DEDICATED_MODULE,R1_ASSET_PRESENT;R2_STATIC_INDEXED;R3_IMPORT_RESOLVED,NOT_RUN: Lean/Lake unavailable,"The module is locally present and statically import-closed. This verifies source availability and dependency closure, not a local kernel replay; paper grade, conditional hypotheses, and host-certificate obligations remain controlling."
E12,Individuation,"C — Stack Rewrite, Individuation, and Repair Transport",theorem,full core,"conditional joint closure, declared-candidate maximality and exact partition",E12_Individuation; E12_StatusPartition,"F7 sufficiency, F10 coarsestness, declared candidate/probe lists and E3 maintenance are inputs; E12.1, boundary discovery and E12-to-E13 flow remain open.",papers/Tsiokos_2026_Six_Birds_Foundations_V_Endogenous_Closure_A_Catalog_of_Structural_Laws_for_Living_Cognitive_and_Social_Systems.tex:6747-7040,PRESENT_DEDICATED_MODULE,R1_ASSET_PRESENT;R2_STATIC_INDEXED;R3_IMPORT_RESOLVED,NOT_RUN: Lean/Lake unavailable,"The module is locally present and statically import-closed. This verifies source availability and dependency closure, not a local kernel replay; paper grade, conditional hypotheses, and host-certificate obligations remain controlling."
E13,Repair Transport,"C — Stack Rewrite, Individuation, and Repair Transport",theorem,full core,conditional four-clause verification and exact classification,E13_Communication; E13_TeachingCapacity; E13_CoercionNull; E13_SymbolicRepair; E13_StatusPartition,"Interface mediation, role preservation, compression/saturation, coercion-null content and bridge-comparator honesty are supplied.",papers/Tsiokos_2026_Six_Birds_Foundations_V_Endogenous_Closure_A_Catalog_of_Structural_Laws_for_Living_Cognitive_and_Social_Systems.tex:6747-7040,PRESENT_DEDICATED_MODULE,R1_ASSET_PRESENT;R2_STATIC_INDEXED;R3_IMPORT_RESOLVED,NOT_RUN: Lean/Lake unavailable,"The module is locally present and statically import-closed. This verifies source availability and dependency closure, not a local kernel replay; paper grade, conditional hypotheses, and host-certificate obligations remain controlling."
E14,Reconsolidation,D — Carried Memory and Adaptive Capacity,theorem,full core,conditional trigger/outcome verification and exact trichotomy,E14_ReconsolidationStatus; E14_LawfulConflictTrichotomy; branch projections; control/falsifier theorems,"F9 disposition, F20 formation, transport, provenance, distinction support and ledger-charge comparators are supplied.",papers/Tsiokos_2026_Six_Birds_Foundations_V_Endogenous_Closure_A_Catalog_of_Structural_Laws_for_Living_Cognitive_and_Social_Systems.tex:6747-7040,PRESENT_DEDICATED_MODULE,R1_ASSET_PRESENT;R2_STATIC_INDEXED;R3_IMPORT_RESOLVED,NOT_RUN: Lean/Lake unavailable,"The module is locally present and statically import-closed. This verifies source availability and dependency closure, not a local kernel replay; paper grade, conditional hypotheses, and host-certificate obligations remain controlling."
E15,Offline Reclosure,D — Carried Memory and Adaptive Capacity,theorem,full core,derived debt/budget identities and conditional finite case packaging,E15_DeficitAlternation; E15_OfflineCapacityExactlyFreed; E15_OfflineReclosureStatus; falsifier/regime theorems,"F3 status, Xi valuation, P2 exchange, E7/E5 observations and complete flows are supplied; scalar debt-to-alarm causation remains open.",papers/Tsiokos_2026_Six_Birds_Foundations_V_Endogenous_Closure_A_Catalog_of_Structural_Laws_for_Living_Cognitive_and_Social_Systems.tex:6747-7040,PRESENT_DEDICATED_MODULE,R1_ASSET_PRESENT;R2_STATIC_INDEXED;R3_IMPORT_RESOLVED,NOT_RUN: Lean/Lake unavailable,"The module is locally present and statically import-closed. This verifies source availability and dependency closure, not a local kernel replay; paper grade, conditional hypotheses, and host-certificate obligations remain controlling."
E16,Adaptability,D — Carried Memory and Adaptive Capacity,theorem,full core,conditional route/control classification; imported holonomy asymmetry and structural projections,E16_AdaptabilityStatus; E16_CoherentAdaptability; E16_CurrentAuditBlindness; E16_RouteManufacturesRepairCapacity; E16_LoopAsymmetryAnchor,"Route admissibility, trial eligibility, probability semantics, control universes and E15 bridge acceptance are supplied; paper records a root-aggregator omission despite module landing.",papers/Tsiokos_2026_Six_Birds_Foundations_V_Endogenous_Closure_A_Catalog_of_Structural_Laws_for_Living_Cognitive_and_Social_Systems.tex:6747-7040,PRESENT_MODULE_WITH_VII_ROOT_COMPLETION,R1_ASSET_PRESENT;R2_STATIC_INDEXED;R3_IMPORT_RESOLVED,NOT_RUN: Lean/Lake unavailable,"The E16 module is locally present (120 declarations, 15 theorems). The upstream root and 1,141-row manifest omit it; the VII-owned complete wrapper and 1,261-row completed manifest repair discoverability without modifying upstream files. Paper grade and host-certificate obligations remain controlling."
