module,exists_in_imported_tree,imported_by_upstream_root,imported_by_vii_complete_wrapper,ruling
SixBirdsFoundationsV.Definitional.CarriedRecord,YES,YES,YES,UPSTREAM_ROOT_PRESENT
SixBirdsFoundationsV.Definitional.ClosedLoopScope,YES,YES,YES,UPSTREAM_ROOT_PRESENT
SixBirdsFoundationsV.Definitional.ESystem,YES,YES,YES,UPSTREAM_ROOT_PRESENT
SixBirdsFoundationsV.Definitional.PredictiveSurplus,YES,YES,YES,UPSTREAM_ROOT_PRESENT
SixBirdsFoundationsV.Definitional.ProbeEconomy,YES,YES,YES,UPSTREAM_ROOT_PRESENT
SixBirdsFoundationsV.Definitional.RepairJoin,YES,YES,YES,UPSTREAM_ROOT_PRESENT
SixBirdsFoundationsV.Laws.E10CognitiveDemarcation,YES,YES,YES,UPSTREAM_ROOT_PRESENT
SixBirdsFoundationsV.Laws.E11InstitutionalRewrite,YES,YES,YES,UPSTREAM_ROOT_PRESENT
SixBirdsFoundationsV.Laws.E12Individuation,YES,YES,YES,UPSTREAM_ROOT_PRESENT
SixBirdsFoundationsV.Laws.E13RepairTransport,YES,YES,YES,UPSTREAM_ROOT_PRESENT
SixBirdsFoundationsV.Laws.E14Reconsolidation,YES,YES,YES,UPSTREAM_ROOT_PRESENT
SixBirdsFoundationsV.Laws.E15OfflineReclosure,YES,YES,YES,UPSTREAM_ROOT_PRESENT
SixBirdsFoundationsV.Laws.E16Adaptability,YES,NO,YES,UPSTREAM_ROOT_OMISSION_REPAIRED_BY_VII_WRAPPER
SixBirdsFoundationsV.Laws.E1Internalization,YES,YES,YES,UPSTREAM_ROOT_PRESENT
SixBirdsFoundationsV.Laws.E2BoundedReflexivity,YES,YES,YES,UPSTREAM_ROOT_PRESENT
SixBirdsFoundationsV.Laws.E3SelfMaintainingReclosure,YES,YES,YES,UPSTREAM_ROOT_PRESENT
SixBirdsFoundationsV.Laws.E4RepairCompilation,YES,YES,YES,UPSTREAM_ROOT_PRESENT
SixBirdsFoundationsV.Laws.E5ReclosureCollapse,YES,YES,YES,UPSTREAM_ROOT_PRESENT
SixBirdsFoundationsV.Laws.E6E9PricedAccess,YES,YES,YES,UPSTREAM_ROOT_PRESENT
SixBirdsFoundationsV.Laws.E7Alarm,YES,YES,YES,UPSTREAM_ROOT_PRESENT
SixBirdsFoundationsV.Laws.E8ControlPrice,YES,YES,YES,UPSTREAM_ROOT_PRESENT
