entry_index,object_name,upstream_status,original_source_paths,identifier_count,exact_identifiers_found,missing_identifiers,local_candidate_files,relocation_status,ruling
1,Theory package,verified_correct,six-birds-theory/manuscript/paper.tex,3,3,,source/papers/Tsiokos_2026_Six_Birds_Foundations_II_Admissibility_Meta_Theory_and_the_Exact_Six_Program.tex;source/papers/Tsiokos_2026_Six_Birds_Foundations_V_Endogenous_Closure_A_Catalog_of_Structural_Laws_for_Living_Cognitive_and_Social_Systems.tex;source/papers/Tsiokos_2026_Six_Birds_Foundations_of_Emergence_Calculus.tex,ALL_IDENTIFIERS_RELOCATED,The upstream absolute path cannot be replayed in this self-contained archive; local exact-identifier relocation is reconnaissance evidence only and does not prove statement identity.
2,Six primitives,verified_correct,six-birds-theory/manuscript/paper.tex;six-birds-foundations-ii/paper/sections/02_primitive_role_architecture.tex,4,4,,source/papers/Tsiokos_2026_Six_Birds_Foundations_II_Admissibility_Meta_Theory_and_the_Exact_Six_Program.tex;source/papers/Tsiokos_2026_Six_Birds_Foundations_of_Emergence_Calculus.tex,ALL_IDENTIFIERS_RELOCATED,The upstream absolute path cannot be replayed in this self-contained archive; local exact-identifier relocation is reconnaissance evidence only and does not prove statement identity.
3,Six primitives repaired role meanings,verified_correct,six-birds-foundations-ii/paper/sections/02_primitive_role_architecture.tex,2,0,P1  update-vs-quotient compatibility / descent obstruction || P6  audit/bookkeeping/provenance/replay/checkability,,NO_EXACT_IDENTIFIER_RELOCATED,The upstream absolute path cannot be replayed in this self-contained archive; local exact-identifier relocation is reconnaissance evidence only and does not prove statement identity.
4,Split-pair obstruction,verified_correct,six-birds-meta-math/paper/foundations_iv/sections/sec_05_primary_results.tex,3,3,,source/papers/Tsiokos_2026_Six_Birds_Foundations_IV_A_Catalog_of_Layer_Agnostic_Structural_Laws.tex,ALL_IDENTIFIERS_RELOCATED,The upstream absolute path cannot be replayed in this self-contained archive; local exact-identifier relocation is reconnaissance evidence only and does not prove statement identity.
5,Current vs predictive quotient,verified_correct,six-birds-papers/Tsiokos_2026_Holonomy_with_Memory_in_Six_Birds_Theory_Predictive_Quotients_Witnesses_and_Fixed_Support_Route_Transport.tex;six-birds-meta-math/paper/foundations_iv/sections/sec_05_primary_results.tex;six-birds-meta-math/paper/foundations_iv/sections/sec_03_problem_setup.tex,6,6,,formalization/foundations_vi_scaffold/paper/main.tex;source/papers/Tsiokos_2026_Accepted_New_Layer_Strict_Tests_on_Fixed_Support_in_Six_Birds_Theory.tex;source/papers/Tsiokos_2026_An_Audited_Closure_Architecture_for_Consciousness_Exact_Finite_Models_Structural_Theorems_and_Conditional_Realization.tex;source/papers/Tsiokos_2026_Carrier_Exactification_after_Promotion_on_Fixed_Support_in_Six_Birds_Theory.tex;source/papers/Tsiokos_2026_Hiddenness_as_a_Structural_Law_of_Emergence.tex;source/papers/Tsiokos_2026_Holonomy_with_Memory_in_Six_Birds_Theory_Predictive_Quotients_Witnesses_and_Fixed_Support_Route_Transport.tex;source/papers/Tsiokos_2026_Institutions_Are_Strict_Extensions_of_the_Game.tex;source/papers/Tsiokos_2026_Internal_Structure_of_a_Surviving_Promoted_Package_on_Fixed_Support_in_Six_Birds_Theory.tex;source/papers/Tsiokos_2026_Marking_Erasure_and_Recombination_on_Fixed_Support_Exact_Finite_Evidence_from_Six_Birds_Theory.tex;source/papers/Tsiokos_2026_P_NP_under_Closure_of_the_Saturated_SAT_Layer.tex;source/papers/Tsiokos_2026_Promotion_Criteria_and_Surviving_Packages_on_Fixed_Support_in_Six_Birds_Theory.tex;source/papers/Tsiokos_2026_Recombination_Witnesses_on_Fixed_Support_Control_Stable_Anchors_and_a_Formal_Kernel_in_Six_Birds_Theory.tex;source/papers/Tsiokos_2026_Riemann_Hypothesis_via_Self_Dual_Trace_Confinement_A_Conditional_Closure.tex;source/papers/Tsiokos_2026_Six_Birds_Foundations_IV_A_Catalog_of_Layer_Agnostic_Structural_Laws.tex;source/papers/Tsiokos_2026_Six_Birds_Foundations_VI_A_Catalog_of_Dynamical_Structural_Laws.tex;source/papers/Tsiokos_2026_Six_Birds_Foundations_V_Endogenous_Closure_A_Catalog_of_Structural_Laws_for_Living_Cognitive_and_Social_Systems.tex;source/papers/Tsiokos_2026_Strict_Test_to_Event_Package_Admissibility_on_Fixed_Support_in_Six_Birds_Theory.tex;source/papers/Tsiokos_2026_To_Chat_a_Stone_with_Six_Birds_Language_Theory_Models.tex;source/papers/Tsiokos_2026_To_Worship_a_Stone_with_Six_Birds_Reality_as_Closure.tex,ALL_IDENTIFIERS_RELOCATED,The upstream absolute path cannot be replayed in this self-contained archive; local exact-identifier relocation is reconnaissance evidence only and does not prove statement identity.
6,Closure deficit,corrected,six-birds-foundations-iii/paper/sections/07-descent-packaging-completion-strictness.tex;six-birds-game-theory/Tsiokos_2026_Institutions_Are_Strict_Extensions_of_the_Game.tex,4,4,,source/papers/Tsiokos_2026_Institutions_Are_Strict_Extensions_of_the_Game.tex;source/papers/Tsiokos_2026_Six_Birds_Foundations_III_A_Finite_Audited_Interaction_Calculus_for_SBT.tex,ALL_IDENTIFIERS_RELOCATED,The upstream absolute path cannot be replayed in this self-contained archive; local exact-identifier relocation is reconnaissance evidence only and does not prove statement identity.
7,Hiddenness / exposure,verified_correct,six-birds-hiddenness/Tsiokos_2026_Hiddenness_as_a_Structural_Law_of_Emergence.tex;six-birds-meta-math/paper/foundations_iv/sections/sec_03_problem_setup.tex,5,5,,source/papers/Tsiokos_2026_Hiddenness_as_a_Structural_Law_of_Emergence.tex;source/papers/Tsiokos_2026_Six_Birds_Foundations_IV_A_Catalog_of_Layer_Agnostic_Structural_Laws.tex,ALL_IDENTIFIERS_RELOCATED,The upstream absolute path cannot be replayed in this self-contained archive; local exact-identifier relocation is reconnaissance evidence only and does not prove statement identity.
8,Adequacy residual,verified_correct,six-birds-needles/paper/xi/xi_companion.tex,4,4,,source/papers/Tsiokos_2026_Adequacy_Residuals_and_Blind_Spot_Currency.tex,ALL_IDENTIFIERS_RELOCATED,The upstream absolute path cannot be replayed in this self-contained archive; local exact-identifier relocation is reconnaissance evidence only and does not prove statement identity.
9,Currency-constraint duality,verified_correct,six-birds-currency/paper/sections/02_framework.tex;six-birds-currency/paper/sections/03_methods.tex;six-birds-currency/paper/sections/04_results.tex,8,8,,source/papers/Tsiokos_2026_Six_Birds_Foundations_V_Endogenous_Closure_A_Catalog_of_Structural_Laws_for_Living_Cognitive_and_Social_Systems.tex;source/papers/Tsiokos_2026_To_Spend_a_Stone_with_Six_Birds_Currency_Constraint_Duality_and_Shadow_Prices_Across_Closure_Layers.tex,ALL_IDENTIFIERS_RELOCATED,The upstream absolute path cannot be replayed in this self-contained archive; local exact-identifier relocation is reconnaissance evidence only and does not prove statement identity.
10,Currency slack collapse and proxy failure,verified_correct,six-birds-currency/paper/sections/03_methods.tex;six-birds-currency/paper/sections/04_results.tex,4,4,,source/papers/Tsiokos_2026_Six_Birds_Foundations_V_Endogenous_Closure_A_Catalog_of_Structural_Laws_for_Living_Cognitive_and_Social_Systems.tex;source/papers/Tsiokos_2026_To_Spend_a_Stone_with_Six_Birds_Currency_Constraint_Duality_and_Shadow_Prices_Across_Closure_Layers.tex,ALL_IDENTIFIERS_RELOCATED,The upstream absolute path cannot be replayed in this self-contained archive; local exact-identifier relocation is reconnaissance evidence only and does not prove statement identity.
11,No-needles / membranes,verified_correct,six-birds-needles/Tsiokos_2026_Emergence_IS_the_Needle_Killer.tex;six-birds-meta-math/paper/foundations_iv/sections/sec_04_methods.tex,4,4,,source/papers/Tsiokos_2026_Emergence_IS_the_Needle_Killer.tex;source/papers/Tsiokos_2026_Reflexive_SBT_and_Anti_Localization.tex;source/papers/Tsiokos_2026_Six_Birds_Foundations_IV_A_Catalog_of_Layer_Agnostic_Structural_Laws.tex,ALL_IDENTIFIERS_RELOCATED,The upstream absolute path cannot be replayed in this self-contained archive; local exact-identifier relocation is reconnaissance evidence only and does not prove statement identity.
12,Viability,verified_correct,six-birds-meta-math/paper/foundations_iv/sections/sec_07_analysis.tex;six-birds-agent/paper/sections/03_packaging_engine.tex,4,4,,source/papers/Tsiokos_2026_An_Audited_Closure_Architecture_for_Consciousness_Exact_Finite_Models_Structural_Theorems_and_Conditional_Realization.tex;source/papers/Tsiokos_2026_Audited_Operational_Realisability_A_Closure_Completion_Reflection_for_Carriers_with_Audit_Data.tex;source/papers/Tsiokos_2026_Six_Birds_Foundations_IV_A_Catalog_of_Layer_Agnostic_Structural_Laws.tex;source/papers/Tsiokos_2026_Six_Birds_Foundations_V_Endogenous_Closure_A_Catalog_of_Structural_Laws_for_Living_Cognitive_and_Social_Systems.tex;source/papers/Tsiokos_2026_To_Throw_a_Stone_with_Six_Birds_On_Agents_and_Agenthood.tex,ALL_IDENTIFIERS_RELOCATED,The upstream absolute path cannot be replayed in this self-contained archive; local exact-identifier relocation is reconnaissance evidence only and does not prove statement identity.
13,FIV object persistence viability hooks,verified_correct,six-birds-meta-math/paper/foundations_iv/sections/sec_07_analysis.tex,3,3,,source/papers/Tsiokos_2026_Six_Birds_Foundations_IV_A_Catalog_of_Layer_Agnostic_Structural_Laws.tex;source/papers/Tsiokos_2026_Six_Birds_Foundations_V_Endogenous_Closure_A_Catalog_of_Structural_Laws_for_Living_Cognitive_and_Social_Systems.tex,ALL_IDENTIFIERS_RELOCATED,The upstream absolute path cannot be replayed in this self-contained archive; local exact-identifier relocation is reconnaissance evidence only and does not prove statement identity.
14,FIV F6 No-Needles Stability,verified_correct,six-birds-meta-math/paper/foundations_iv/sections/sec_04_methods.tex,2,2,,source/papers/Tsiokos_2026_Six_Birds_Foundations_IV_A_Catalog_of_Layer_Agnostic_Structural_Laws.tex,ALL_IDENTIFIERS_RELOCATED,The upstream absolute path cannot be replayed in this self-contained archive; local exact-identifier relocation is reconnaissance evidence only and does not prove statement identity.
15,FIV F7 Sufficiency Closure,verified_correct,six-birds-meta-math/paper/foundations_iv/sections/sec_04_methods.tex,2,2,,source/papers/Tsiokos_2026_Six_Birds_Foundations_IV_A_Catalog_of_Layer_Agnostic_Structural_Laws.tex,ALL_IDENTIFIERS_RELOCATED,The upstream absolute path cannot be replayed in this self-contained archive; local exact-identifier relocation is reconnaissance evidence only and does not prove statement identity.
16,FIV F9 No Unstatused Residual,verified_correct,six-birds-meta-math/paper/foundations_iv/sections/sec_04_methods.tex,2,2,,source/papers/Tsiokos_2026_Six_Birds_Foundations_IV_A_Catalog_of_Layer_Agnostic_Structural_Laws.tex,ALL_IDENTIFIERS_RELOCATED,The upstream absolute path cannot be replayed in this self-contained archive; local exact-identifier relocation is reconnaissance evidence only and does not prove statement identity.
17,FIV F10 Quotientality,verified_correct,six-birds-meta-math/paper/foundations_iv/sections/sec_03_problem_setup.tex,2,2,,source/papers/Tsiokos_2026_Six_Birds_Foundations_IV_A_Catalog_of_Layer_Agnostic_Structural_Laws.tex,ALL_IDENTIFIERS_RELOCATED,The upstream absolute path cannot be replayed in this self-contained archive; local exact-identifier relocation is reconnaissance evidence only and does not prove statement identity.
18,FIV F13a Hiddenness Normal Form,verified_correct,six-birds-meta-math/paper/foundations_iv/sections/sec_03_problem_setup.tex,2,2,,formalization/foundations_vi_scaffold/paper/main.tex;source/papers/Tsiokos_2026_Six_Birds_Foundations_IV_A_Catalog_of_Layer_Agnostic_Structural_Laws.tex;source/papers/Tsiokos_2026_Six_Birds_Foundations_VI_A_Catalog_of_Dynamical_Structural_Laws.tex,ALL_IDENTIFIERS_RELOCATED,The upstream absolute path cannot be replayed in this self-contained archive; local exact-identifier relocation is reconnaissance evidence only and does not prove statement identity.
19,FIV F13b CSL Formed-Closure Law,verified_correct,six-birds-meta-math/paper/foundations_iv/sections/sec_03_problem_setup.tex,2,2,,source/papers/Tsiokos_2026_Six_Birds_Foundations_IV_A_Catalog_of_Layer_Agnostic_Structural_Laws.tex,ALL_IDENTIFIERS_RELOCATED,The upstream absolute path cannot be replayed in this self-contained archive; local exact-identifier relocation is reconnaissance evidence only and does not prove statement identity.
20,FIV F17 Objectivity as Common Quotient,verified_correct,six-birds-meta-math/paper/foundations_iv/sections/sec_07_analysis.tex,2,2,,source/papers/Tsiokos_2026_Six_Birds_Foundations_IV_A_Catalog_of_Layer_Agnostic_Structural_Laws.tex,ALL_IDENTIFIERS_RELOCATED,The upstream absolute path cannot be replayed in this self-contained archive; local exact-identifier relocation is reconnaissance evidence only and does not prove statement identity.
21,FIV F20 Fact / Record Formation,verified_correct,six-birds-meta-math/paper/foundations_iv/sections/sec_07_analysis.tex,2,2,,source/papers/Tsiokos_2026_Six_Birds_Foundations_IV_A_Catalog_of_Layer_Agnostic_Structural_Laws.tex,ALL_IDENTIFIERS_RELOCATED,The upstream absolute path cannot be replayed in this self-contained archive; local exact-identifier relocation is reconnaissance evidence only and does not prove statement identity.
22,FIV F21 Reflexive Nonclosure,verified_correct,six-birds-meta-math/paper/foundations_iv/sections/sec_07_analysis.tex,2,2,,source/papers/Tsiokos_2026_Six_Birds_Foundations_IV_A_Catalog_of_Layer_Agnostic_Structural_Laws.tex;source/papers/Tsiokos_2026_Six_Birds_Foundations_V_Endogenous_Closure_A_Catalog_of_Structural_Laws_for_Living_Cognitive_and_Social_Systems.tex,ALL_IDENTIFIERS_RELOCATED,The upstream absolute path cannot be replayed in this self-contained archive; local exact-identifier relocation is reconnaissance evidence only and does not prove statement identity.
23,FIV F25 Causality as Stable Intervention Transport,verified_correct,six-birds-meta-math/paper/foundations_iv/sections/sec_07_analysis.tex,2,2,,source/papers/Tsiokos_2026_Six_Birds_Foundations_IV_A_Catalog_of_Layer_Agnostic_Structural_Laws.tex,ALL_IDENTIFIERS_RELOCATED,The upstream absolute path cannot be replayed in this self-contained archive; local exact-identifier relocation is reconnaissance evidence only and does not prove statement identity.
24,FIV F29 Presentation Invariance,verified_correct,six-birds-meta-math/paper/foundations_iv/sections/sec_07_analysis.tex,2,2,,source/papers/Tsiokos_2026_Six_Birds_Foundations_IV_A_Catalog_of_Layer_Agnostic_Structural_Laws.tex,ALL_IDENTIFIERS_RELOCATED,The upstream absolute path cannot be replayed in this self-contained archive; local exact-identifier relocation is reconnaissance evidence only and does not prove statement identity.
25,FIV F30 Explanation as Compression with Descent,verified_correct,six-birds-meta-math/paper/foundations_iv/sections/sec_07_analysis.tex,2,2,,source/papers/Tsiokos_2026_Six_Birds_Foundations_IV_A_Catalog_of_Layer_Agnostic_Structural_Laws.tex,ALL_IDENTIFIERS_RELOCATED,The upstream absolute path cannot be replayed in this self-contained archive; local exact-identifier relocation is reconnaissance evidence only and does not prove statement identity.
26,FIV F31 Counterfactual Legitimacy,verified_correct,six-birds-meta-math/paper/foundations_iv/sections/sec_07_analysis.tex,2,2,,source/papers/Tsiokos_2026_Six_Birds_Foundations_IV_A_Catalog_of_Layer_Agnostic_Structural_Laws.tex,ALL_IDENTIFIERS_RELOCATED,The upstream absolute path cannot be replayed in this self-contained archive; local exact-identifier relocation is reconnaissance evidence only and does not prove statement identity.
27,FIV F35 Scale Descent / Renormalization,verified_correct,six-birds-meta-math/paper/foundations_iv/sections/sec_08_formal_framework.tex,2,2,,source/papers/Tsiokos_2026_Six_Birds_Foundations_IV_A_Catalog_of_Layer_Agnostic_Structural_Laws.tex,ALL_IDENTIFIERS_RELOCATED,The upstream absolute path cannot be replayed in this self-contained archive; local exact-identifier relocation is reconnaissance evidence only and does not prove statement identity.
28,FIV F47 Fine-Tuning as Small Selector Region,verified_correct,six-birds-meta-math/paper/foundations_iv/sections/sec_08_formal_framework.tex,2,2,,source/papers/Tsiokos_2026_Six_Birds_Foundations_IV_A_Catalog_of_Layer_Agnostic_Structural_Laws.tex,ALL_IDENTIFIERS_RELOCATED,The upstream absolute path cannot be replayed in this self-contained archive; local exact-identifier relocation is reconnaissance evidence only and does not prove statement identity.
29,FIV F52 Closure Completeness Boundary,verified_correct,six-birds-meta-math/paper/foundations_iv/sections/sec_08_formal_framework.tex,2,2,,source/papers/Tsiokos_2026_Six_Birds_Foundations_IV_A_Catalog_of_Layer_Agnostic_Structural_Laws.tex,ALL_IDENTIFIERS_RELOCATED,The upstream absolute path cannot be replayed in this self-contained archive; local exact-identifier relocation is reconnaissance evidence only and does not prove statement identity.
30,FIV F53 Closure-Reality Boundary resolution,verified_correct,six-birds-meta-math/paper/foundations_iv/sections/sec_09_synthesis.tex,2,2,,source/papers/Tsiokos_2026_Six_Birds_Foundations_IV_A_Catalog_of_Layer_Agnostic_Structural_Laws.tex,ALL_IDENTIFIERS_RELOCATED,The upstream absolute path cannot be replayed in this self-contained archive; local exact-identifier relocation is reconnaissance evidence only and does not prove statement identity.
31,Agent split,verified_correct,six-birds-agent/paper/sections/03_packaging_engine.tex;six-birds-agent/paper/sections/05_exhibit_nulls.tex;six-birds-agent/paper/sections/11_discussion.tex,5,5,,source/papers/Tsiokos_2026_An_Audited_Closure_Architecture_for_Consciousness_Exact_Finite_Models_Structural_Theorems_and_Conditional_Realization.tex;source/papers/Tsiokos_2026_Six_Birds_Foundations_III_A_Finite_Audited_Interaction_Calculus_for_SBT.tex;source/papers/Tsiokos_2026_Six_Birds_Foundations_V_Endogenous_Closure_A_Catalog_of_Structural_Laws_for_Living_Cognitive_and_Social_Systems.tex;source/papers/Tsiokos_2026_To_Throw_a_Stone_with_Six_Birds_On_Agents_and_Agenthood.tex;source/papers/Tsiokos_2026_To_Worship_a_Stone_with_Six_Birds_Reality_as_Closure.tex,ALL_IDENTIFIERS_RELOCATED,The upstream absolute path cannot be replayed in this self-contained archive; local exact-identifier relocation is reconnaissance evidence only and does not prove statement identity.
32,Institution,verified_correct,six-birds-game-theory/Tsiokos_2026_Institutions_Are_Strict_Extensions_of_the_Game.tex,5,5,,source/papers/Tsiokos_2026_Institutions_Are_Strict_Extensions_of_the_Game.tex,ALL_IDENTIFIERS_RELOCATED,The upstream absolute path cannot be replayed in this self-contained archive; local exact-identifier relocation is reconnaissance evidence only and does not prove statement identity.
33,Reflexive nonclosure,verified_correct,six-birds-meta-math/paper/foundations_iv/sections/sec_07_analysis.tex;six-birds-foundations-iii/paper/sections/11-instruments-visibility-rotating-audit.tex,4,4,,source/papers/Tsiokos_2026_Six_Birds_Foundations_III_A_Finite_Audited_Interaction_Calculus_for_SBT.tex;source/papers/Tsiokos_2026_Six_Birds_Foundations_IV_A_Catalog_of_Layer_Agnostic_Structural_Laws.tex,ALL_IDENTIFIERS_RELOCATED,The upstream absolute path cannot be replayed in this self-contained archive; local exact-identifier relocation is reconnaissance evidence only and does not prove statement identity.
34,Top-down channel,verified_correct,six-birds-foundations-iii/paper/sections/04-central-object-birdint.tex,4,1,Top-down channel record || Top-down channel gate soundness || Structural downward influence is insufficient,source/papers/Tsiokos_2026_Six_Birds_Foundations_III_A_Finite_Audited_Interaction_Calculus_for_SBT.tex,PARTIAL_IDENTIFIERS_RELOCATED,The upstream absolute path cannot be replayed in this self-contained archive; local exact-identifier relocation is reconnaissance evidence only and does not prove statement identity.
35,Source-of-truth classes,verified_correct,six-birds-foundations-iii/paper/sections/04-central-object-birdint.tex;six-birds-tests/Tsiokos_2026_Accepted_New_Layer_Strict_Tests_on_Fixed_Support_in_Six_Birds_Theory.tex,6,6,,source/papers/Tsiokos_2026_Accepted_New_Layer_Strict_Tests_on_Fixed_Support_in_Six_Birds_Theory.tex;source/papers/Tsiokos_2026_Six_Birds_Foundations_III_A_Finite_Audited_Interaction_Calculus_for_SBT.tex;source/papers/Tsiokos_2026_Six_Birds_Foundations_V_Endogenous_Closure_A_Catalog_of_Structural_Laws_for_Living_Cognitive_and_Social_Systems.tex,ALL_IDENTIFIERS_RELOCATED,The upstream absolute path cannot be replayed in this self-contained archive; local exact-identifier relocation is reconnaissance evidence only and does not prove statement identity.
36,Promotion gates,corrected,six-birds-foundations-iii/paper/sections/10-promotion-and-stacking.tex;six-birds-tests/Tsiokos_2026_Accepted_New_Layer_Strict_Tests_on_Fixed_Support_in_Six_Birds_Theory.tex,6,6,,source/papers/Tsiokos_2026_Accepted_New_Layer_Strict_Tests_on_Fixed_Support_in_Six_Birds_Theory.tex;source/papers/Tsiokos_2026_Carrier_Exactification_after_Promotion_on_Fixed_Support_in_Six_Birds_Theory.tex;source/papers/Tsiokos_2026_Six_Birds_Foundations_III_A_Finite_Audited_Interaction_Calculus_for_SBT.tex;source/papers/Tsiokos_2026_Six_Birds_Foundations_V_Endogenous_Closure_A_Catalog_of_Structural_Laws_for_Living_Cognitive_and_Social_Systems.tex;source/papers/Tsiokos_2026_Strict_Test_to_Event_Package_Admissibility_on_Fixed_Support_in_Six_Birds_Theory.tex,ALL_IDENTIFIERS_RELOCATED,The upstream absolute path cannot be replayed in this self-contained archive; local exact-identifier relocation is reconnaissance evidence only and does not prove statement identity.
37,Strict-Tests control panel,verified_correct,six-birds-tests/Tsiokos_2026_Accepted_New_Layer_Strict_Tests_on_Fixed_Support_in_Six_Birds_Theory.tex,3,3,,source/papers/Tsiokos_2026_Accepted_New_Layer_Strict_Tests_on_Fixed_Support_in_Six_Birds_Theory.tex;source/papers/Tsiokos_2026_Carrier_Exactification_after_Promotion_on_Fixed_Support_in_Six_Birds_Theory.tex;source/papers/Tsiokos_2026_Promotion_Criteria_and_Surviving_Packages_on_Fixed_Support_in_Six_Birds_Theory.tex;source/papers/Tsiokos_2026_Recombination_Witnesses_on_Fixed_Support_Control_Stable_Anchors_and_a_Formal_Kernel_in_Six_Birds_Theory.tex;source/papers/Tsiokos_2026_Six_Birds_Foundations_V_Endogenous_Closure_A_Catalog_of_Structural_Laws_for_Living_Cognitive_and_Social_Systems.tex;source/papers/Tsiokos_2026_Strict_Test_to_Event_Package_Admissibility_on_Fixed_Support_in_Six_Birds_Theory.tex;source/papers/Tsiokos_2026_To_Throw_a_Stone_with_Six_Birds_On_Agents_and_Agenthood.tex,ALL_IDENTIFIERS_RELOCATED,The upstream absolute path cannot be replayed in this self-contained archive; local exact-identifier relocation is reconnaissance evidence only and does not prove statement identity.
38,D1 repair join source basis,verified_correct,six-birds-meta-math/paper/foundations_iv/sections/sec_05_primary_results.tex,3,3,,source/papers/Tsiokos_2026_Six_Birds_Foundations_IV_A_Catalog_of_Layer_Agnostic_Structural_Laws.tex;source/papers/Tsiokos_2026_Six_Birds_Foundations_V_Endogenous_Closure_A_Catalog_of_Structural_Laws_for_Living_Cognitive_and_Social_Systems.tex,ALL_IDENTIFIERS_RELOCATED,The upstream absolute path cannot be replayed in this self-contained archive; local exact-identifier relocation is reconnaissance evidence only and does not prove statement identity.
39,D2 predictive surplus source basis,verified_correct,six-birds-foundations-iii/paper/sections/07-descent-packaging-completion-strictness.tex;six-birds-needles/paper/xi/xi_companion.tex,4,4,,source/papers/Tsiokos_2026_Adequacy_Residuals_and_Blind_Spot_Currency.tex;source/papers/Tsiokos_2026_Six_Birds_Foundations_III_A_Finite_Audited_Interaction_Calculus_for_SBT.tex,ALL_IDENTIFIERS_RELOCATED,The upstream absolute path cannot be replayed in this self-contained archive; local exact-identifier relocation is reconnaissance evidence only and does not prove statement identity.
40,D3 carried record source basis,verified_correct,six-birds-foundations-iii/paper/sections/04-central-object-birdint.tex;six-birds-foundations-iii/paper/sections/13-model-realizations.md,6,4,Source record || ### 13.2.8 Provenance Discipline,source/papers/Tsiokos_2026_Six_Birds_Foundations_III_A_Finite_Audited_Interaction_Calculus_for_SBT.tex;source/papers/Tsiokos_2026_Six_Birds_Foundations_V_Endogenous_Closure_A_Catalog_of_Structural_Laws_for_Living_Cognitive_and_Social_Systems.tex,PARTIAL_IDENTIFIERS_RELOCATED,The upstream absolute path cannot be replayed in this self-contained archive; local exact-identifier relocation is reconnaissance evidence only and does not prove statement identity.
41,D4 E-system source basis,verified_correct,six-birds-theory/manuscript/paper.tex;six-birds-foundations-iii/paper/sections/04-central-object-birdint.tex;six-birds-currency/paper/sections/02_framework.tex,6,5,Source record,formalization/foundations_vi_scaffold/paper/main.tex;source/papers/Tsiokos_2026_An_Audited_Closure_Architecture_for_Consciousness_Exact_Finite_Models_Structural_Theorems_and_Conditional_Realization.tex;source/papers/Tsiokos_2026_Persistence_of_SPT_Legality_from_Channelized_Feasibility_in_a_Multiscale_Hilbert_Cell_Model.tex;source/papers/Tsiokos_2026_Six_Birds_Foundations_III_A_Finite_Audited_Interaction_Calculus_for_SBT.tex;source/papers/Tsiokos_2026_Six_Birds_Foundations_II_Admissibility_Meta_Theory_and_the_Exact_Six_Program.tex;source/papers/Tsiokos_2026_Six_Birds_Foundations_VI_A_Catalog_of_Dynamical_Structural_Laws.tex;source/papers/Tsiokos_2026_Six_Birds_Foundations_of_Emergence_Calculus.tex;source/papers/Tsiokos_2026_Six_Birds_for_Neutrino_Mass_Lens_Swap_Stability_and_Packaging_Audits.tex;source/papers/Tsiokos_2026_The_Usefulness_of_Non_Descending_Objects_A_Six_Birds_Theory_of_Mathematical_Applicability.tex;source/papers/Tsiokos_2026_To_Count_a_Stone_with_Six_Birds_A_Mathematics_is_A_Theory.tex;source/papers/Tsiokos_2026_To_Lay_a_Stone_with_Six_Birds_Finite_State_Semantics_for_Packaging_Directionality_and_Coarse_Graining.tex;source/papers/Tsiokos_2026_To_Notch_a_Stone_with_Six_Birds_Time_as_a_Theory_Artifact_of_Order_Measure_and_Arrow.tex;source/papers/Tsiokos_2026_To_Spend_a_Stone_with_Six_Birds_Currency_Constraint_Duality_and_Shadow_Prices_Across_Closure_Layers.tex;source/papers/Tsiokos_2026_Why_Mathematics_Even_Works.tex,PARTIAL_IDENTIFIERS_RELOCATED,The upstream absolute path cannot be replayed in this self-contained archive; local exact-identifier relocation is reconnaissance evidence only and does not prove statement identity.
42,D5 closed-loop scope source basis,verified_correct,six-birds-foundations-iii/paper/sections/04-central-object-birdint.tex,2,1,\texttt{fallback}$ supports at most provisional pair-observable acceptance,source/papers/Tsiokos_2026_Six_Birds_Foundations_III_A_Finite_Audited_Interaction_Calculus_for_SBT.tex,PARTIAL_IDENTIFIERS_RELOCATED,The upstream absolute path cannot be replayed in this self-contained archive; local exact-identifier relocation is reconnaissance evidence only and does not prove statement identity.
43,D6 exposure cost / probe economy source basis,verified_correct,six-birds-hiddenness/Tsiokos_2026_Hiddenness_as_a_Structural_Law_of_Emergence.tex;six-birds-needles/paper/xi/xi_companion.tex;six-birds-currency/paper/sections/02_framework.tex,6,6,,formalization/foundations_vi_scaffold/paper/main.tex;source/papers/Tsiokos_2026_Adequacy_Residuals_and_Blind_Spot_Currency.tex;source/papers/Tsiokos_2026_An_Audited_Closure_Architecture_for_Consciousness_Exact_Finite_Models_Structural_Theorems_and_Conditional_Realization.tex;source/papers/Tsiokos_2026_Hiddenness_as_a_Structural_Law_of_Emergence.tex;source/papers/Tsiokos_2026_Six_Birds_Foundations_VI_A_Catalog_of_Dynamical_Structural_Laws.tex;source/papers/Tsiokos_2026_Six_Birds_Foundations_V_Endogenous_Closure_A_Catalog_of_Structural_Laws_for_Living_Cognitive_and_Social_Systems.tex;source/papers/Tsiokos_2026_The_Cosmological_Constant_as_a_Contingent_Modulus_A_Six_Birds_Demarcation_of_Dark_Energy.tex;source/papers/Tsiokos_2026_To_Kill_Three_Stones_with_Six_Birds_A_Common_Grammar_for_the_SM_QM_and_GR.tex;source/papers/Tsiokos_2026_To_Spend_a_Stone_with_Six_Birds_Currency_Constraint_Duality_and_Shadow_Prices_Across_Closure_Layers.tex;source/papers/Tsiokos_2026_To_Worship_a_Stone_with_Six_Birds_Reality_as_Closure.tex,ALL_IDENTIFIERS_RELOCATED,The upstream absolute path cannot be replayed in this self-contained archive; local exact-identifier relocation is reconnaissance evidence only and does not prove statement identity.
44,Recognition source - Institutions,verified_correct,six-birds-game-theory/Tsiokos_2026_Institutions_Are_Strict_Extensions_of_the_Game.tex,5,5,,source/papers/Tsiokos_2026_Institutions_Are_Strict_Extensions_of_the_Game.tex;source/papers/Tsiokos_2026_Six_Birds_Foundations_V_Endogenous_Closure_A_Catalog_of_Structural_Laws_for_Living_Cognitive_and_Social_Systems.tex;source/papers/Tsiokos_2026_To_Worship_a_Stone_with_Six_Birds_Reality_as_Closure.tex,ALL_IDENTIFIERS_RELOCATED,The upstream absolute path cannot be replayed in this self-contained archive; local exact-identifier relocation is reconnaissance evidence only and does not prove statement identity.
45,Recognition source - Agents,verified_correct,six-birds-agent/paper/agency.tex,4,4,,source/papers/Tsiokos_2026_An_Audited_Closure_Architecture_for_Consciousness_Exact_Finite_Models_Structural_Theorems_and_Conditional_Realization.tex;source/papers/Tsiokos_2026_Institutions_Are_Strict_Extensions_of_the_Game.tex;source/papers/Tsiokos_2026_Six_Birds_Foundations_II_Admissibility_Meta_Theory_and_the_Exact_Six_Program.tex;source/papers/Tsiokos_2026_Six_Birds_Foundations_V_Endogenous_Closure_A_Catalog_of_Structural_Laws_for_Living_Cognitive_and_Social_Systems.tex;source/papers/Tsiokos_2026_To_Throw_a_Stone_with_Six_Birds_On_Agents_and_Agenthood.tex;source/papers/Tsiokos_2026_To_Worship_a_Stone_with_Six_Birds_Reality_as_Closure.tex,ALL_IDENTIFIERS_RELOCATED,The upstream absolute path cannot be replayed in this self-contained archive; local exact-identifier relocation is reconnaissance evidence only and does not prove statement identity.
46,Recognition source - Hiddenness,verified_correct,six-birds-hiddenness/Tsiokos_2026_Hiddenness_as_a_Structural_Law_of_Emergence.tex,3,3,,source/papers/Tsiokos_2026_Hiddenness_as_a_Structural_Law_of_Emergence.tex,ALL_IDENTIFIERS_RELOCATED,The upstream absolute path cannot be replayed in this self-contained archive; local exact-identifier relocation is reconnaissance evidence only and does not prove statement identity.
47,Recognition source - Xi adequacy residual,verified_correct,six-birds-needles/paper/xi/xi_companion.tex,4,4,,source/papers/Tsiokos_2026_Adequacy_Residuals_and_Blind_Spot_Currency.tex;source/papers/Tsiokos_2026_Six_Birds_Foundations_V_Endogenous_Closure_A_Catalog_of_Structural_Laws_for_Living_Cognitive_and_Social_Systems.tex,ALL_IDENTIFIERS_RELOCATED,The upstream absolute path cannot be replayed in this self-contained archive; local exact-identifier relocation is reconnaissance evidence only and does not prove statement identity.
48,Recognition source - To Spend a Stone,verified_correct,six-birds-currency/paper/sections/02_framework.tex;six-birds-currency/paper/sections/03_methods.tex;six-birds-currency/paper/sections/04_results.tex,5,5,,formalization/foundations_vi_scaffold/paper/main.tex;source/papers/Tsiokos_2026_An_Audited_Closure_Architecture_for_Consciousness_Exact_Finite_Models_Structural_Theorems_and_Conditional_Realization.tex;source/papers/Tsiokos_2026_Six_Birds_Foundations_VI_A_Catalog_of_Dynamical_Structural_Laws.tex;source/papers/Tsiokos_2026_Six_Birds_Foundations_V_Endogenous_Closure_A_Catalog_of_Structural_Laws_for_Living_Cognitive_and_Social_Systems.tex;source/papers/Tsiokos_2026_The_Cosmological_Constant_as_a_Contingent_Modulus_A_Six_Birds_Demarcation_of_Dark_Energy.tex;source/papers/Tsiokos_2026_To_Kill_Three_Stones_with_Six_Birds_A_Common_Grammar_for_the_SM_QM_and_GR.tex;source/papers/Tsiokos_2026_To_Spend_a_Stone_with_Six_Birds_Currency_Constraint_Duality_and_Shadow_Prices_Across_Closure_Layers.tex;source/papers/Tsiokos_2026_To_Worship_a_Stone_with_Six_Birds_Reality_as_Closure.tex,ALL_IDENTIFIERS_RELOCATED,The upstream absolute path cannot be replayed in this self-contained archive; local exact-identifier relocation is reconnaissance evidence only and does not prove statement identity.
49,Recognition source - Needle Killer,verified_correct,six-birds-needles/Tsiokos_2026_Emergence_IS_the_Needle_Killer.tex,3,3,,source/papers/Tsiokos_2026_Emergence_IS_the_Needle_Killer.tex;source/papers/Tsiokos_2026_Reflexive_SBT_and_Anti_Localization.tex,ALL_IDENTIFIERS_RELOCATED,The upstream absolute path cannot be replayed in this self-contained archive; local exact-identifier relocation is reconnaissance evidence only and does not prove statement identity.
50,Recognition source - Reflexive SBT,verified_correct,six-birds-meta/paper/sections/01_abstract.tex;six-birds-meta/paper/sections/02_introduction.tex,4,4,,source/papers/Tsiokos_2026_Reflexive_SBT_and_Anti_Localization.tex,ALL_IDENTIFIERS_RELOCATED,The upstream absolute path cannot be replayed in this self-contained archive; local exact-identifier relocation is reconnaissance evidence only and does not prove statement identity.
51,Reflexive SBT conjecture F3,verified_correct,six-birds-meta/paper/sections/10_discussion_future.tex,3,3,,source/papers/Tsiokos_2026_Reflexive_SBT_and_Anti_Localization.tex;source/papers/Tsiokos_2026_Six_Birds_Foundations_of_Emergence_Calculus.tex,ALL_IDENTIFIERS_RELOCATED,The upstream absolute path cannot be replayed in this self-contained archive; local exact-identifier relocation is reconnaissance evidence only and does not prove statement identity.
