relative_path,foundations_v_sha256,foundations_vi_sha256,status
SixBirdsIII.lean,1186951933fc8ee258495fba8c0158134760589d11aeca239b52121787868b07,1186951933fc8ee258495fba8c0158134760589d11aeca239b52121787868b07,BYTE_IDENTICAL
SixBirdsIII/AbstractInterpretation.lean,c216225e6b1ccd5f9a70446993a80274795dd64de726b4751bf69e884c8b09ba,c216225e6b1ccd5f9a70446993a80274795dd64de726b4751bf69e884c8b09ba,BYTE_IDENTICAL
SixBirdsIII/Basic.lean,c410034bec8d9f541318a9dcdf48bdc436158350e63d1fe811af236a7cf2a54f,c410034bec8d9f541318a9dcdf48bdc436158350e63d1fe811af236a7cf2a54f,BYTE_IDENTICAL
SixBirdsIII/Completion.lean,c9e700344b823af4fe0a703aa42899cf0dbb6d8b02983342d90ef9b3e738762f,c9e700344b823af4fe0a703aa42899cf0dbb6d8b02983342d90ef9b3e738762f,BYTE_IDENTICAL
SixBirdsIII/CompletionExamples.lean,7082dfd6e211ea847552883aba67c16fb9ac5389f95671b8018e6d16828c041c,7082dfd6e211ea847552883aba67c16fb9ac5389f95671b8018e6d16828c041c,BYTE_IDENTICAL
SixBirdsIII/CoreInteraction.lean,14faa630a03ca2029ff5983750b23da7db90aad8d4e71e90bbe34dc8d4ce75e2,14faa630a03ca2029ff5983750b23da7db90aad8d4e71e90bbe34dc8d4ce75e2,BYTE_IDENTICAL
SixBirdsIII/Defects.lean,6ed3d3472933298098e15e760904b01cda2e755afb8025a2c0056b3bd969f7fa,6ed3d3472933298098e15e760904b01cda2e755afb8025a2c0056b3bd969f7fa,BYTE_IDENTICAL
SixBirdsIII/Definability.lean,ff2e32215541975de2ae0f19a7fb01a6656f550940b4bbebb6414e3a2ad4e424,ff2e32215541975de2ae0f19a7fb01a6656f550940b4bbebb6414e3a2ad4e424,BYTE_IDENTICAL
SixBirdsIII/Domain.lean,9b6c7239a43f2b5fed7cfeb68c2df4de20b8e5c5d47d95b7c04aff0b438d048d,9b6c7239a43f2b5fed7cfeb68c2df4de20b8e5c5d47d95b7c04aff0b438d048d,BYTE_IDENTICAL
SixBirdsIII/FiniteMaps.lean,ff2c524fccb9e1fe32a300e0a0fd09b51321330c6486c2b5d8f3cf2d3c492f5b,ff2c524fccb9e1fe32a300e0a0fd09b51321330c6486c2b5d8f3cf2d3c492f5b,BYTE_IDENTICAL
SixBirdsIII/FiniteProbability.lean,f17ca39ad3dc601a85a2613fe047ca1eefafd3fc03b01298458e053b5599603c,f17ca39ad3dc601a85a2613fe047ca1eefafd3fc03b01298458e053b5599603c,BYTE_IDENTICAL
SixBirdsIII/GraphCohomology.lean,d65369aacdcd716328a326ace6bf4d2602c5cc429990c3073a35c63082e700da,d65369aacdcd716328a326ace6bf4d2602c5cc429990c3073a35c63082e700da,BYTE_IDENTICAL
SixBirdsIII/HighStructure.lean,f0b4d6cee42cd080fe9a6846d9804f1eed5e7ac349330c89cbf180a75540fdae,f0b4d6cee42cd080fe9a6846d9804f1eed5e7ac349330c89cbf180a75540fdae,BYTE_IDENTICAL
SixBirdsIII/InstrumentClaims.lean,4839a0e0bfb22217484d575f8300f663fecb1726c0a2b0fa33c5f3c8454866ad,4839a0e0bfb22217484d575f8300f663fecb1726c0a2b0fa33c5f3c8454866ad,BYTE_IDENTICAL
SixBirdsIII/Mech0.lean,4a0bd9dd1cee474bebb91204a9763f918e9a1ddc5e25808e1823abc6f5d1e9e4,4a0bd9dd1cee474bebb91204a9763f918e9a1ddc5e25808e1823abc6f5d1e9e4,BYTE_IDENTICAL
SixBirdsIII/MechanizationFeasibility.lean,98df3c15780f7c2ebf742fb76cbed410411eb15d2bd008113d134059d86a54f5,98df3c15780f7c2ebf742fb76cbed410411eb15d2bd008113d134059d86a54f5,BYTE_IDENTICAL
SixBirdsIII/ModelRealizations.lean,20063268717231054618febb79948bbe6b2454ee25f2d8b1329f44ca043878ec,20063268717231054618febb79948bbe6b2454ee25f2d8b1329f44ca043878ec,BYTE_IDENTICAL
SixBirdsIII/Promotion.lean,e3217d7f496706a55b0b2226aefedb685bf23c9fd50ef22045bcae8d1f9c045e,e3217d7f496706a55b0b2226aefedb685bf23c9fd50ef22045bcae8d1f9c045e,BYTE_IDENTICAL
SixBirdsIII/Records.lean,33ebf1fbf23956be3f22067a09dc78db166f21ae6741238dcdf1084f8f732a86,33ebf1fbf23956be3f22067a09dc78db166f21ae6741238dcdf1084f8f732a86,BYTE_IDENTICAL
SixBirdsIII/RotatingAudit.lean,131b51da94aebef03b3c8acb2b5db48e61e08081cd80a29b93586586486174bc,131b51da94aebef03b3c8acb2b5db48e61e08081cd80a29b93586586486174bc,BYTE_IDENTICAL
SixBirdsIII/SemanticTests.lean,bfb6b3c5518d5ad8da76a1bee12d71fa6aa15a9f3c3ad078be7752f3ee2faa71,bfb6b3c5518d5ad8da76a1bee12d71fa6aa15a9f3c3ad078be7752f3ee2faa71,BYTE_IDENTICAL
SixBirdsIII/Status.lean,c1251c0baf6a69fdaf2f6ebef1fa5a88df3a725698ba858419f264cf1deede40,c1251c0baf6a69fdaf2f6ebef1fa5a88df3a725698ba858419f264cf1deede40,BYTE_IDENTICAL
SixBirdsIII/Strictness.lean,1e695ce8d267710008d9d9381b5a444b8702f69a4e3f06c58a4d79cdc3b63323,1e695ce8d267710008d9d9381b5a444b8702f69a4e3f06c58a4d79cdc3b63323,BYTE_IDENTICAL
SixBirdsIII/TopDownChannel.lean,deb343a7eeb50be0075161ef9d3eb671dc2f1b20c6444ce2e6cb2d3f55300ca1,deb343a7eeb50be0075161ef9d3eb671dc2f1b20c6444ce2e6cb2d3f55300ca1,BYTE_IDENTICAL
lake-manifest.json,7317cd0ee0dc5579a338d1d1f1413d6193193375b007ddd8c1b8b505adcc813e,7317cd0ee0dc5579a338d1d1f1413d6193193375b007ddd8c1b8b505adcc813e,BYTE_IDENTICAL
lakefile.toml,f6c1fe4700e393142b0488003b34f64412e5db5382b37eb0f23f5825725bfe93,f6c1fe4700e393142b0488003b34f64412e5db5382b37eb0f23f5825725bfe93,BYTE_IDENTICAL
lean-toolchain,db7bb24b756d745bbde83fe92718b51bd3625dae3701ba0f598d0eedcd3f3028,db7bb24b756d745bbde83fe92718b51bd3625dae3701ba0f598d0eedcd3f3028,BYTE_IDENTICAL
