law_id,name,paper_grade,theorem_ledger,lean_module,lean_file,declaration_count,theorem_count,completed_manifest_rows,gate_note,example_note,sweep_predictions,sweep_results,pytest_file,standalone_sweep,root_import_status
E1,Internalization,theorem,formalization/foundations_v_scaffold/THEOREMS.md,SixBirdsFoundationsV.Laws.E1Internalization,formalization/foundations_v_scaffold/lean/SixBirdsFoundationsV/Laws/E1Internalization.lean,64,4,64,formalization/foundations_v_scaffold/formalization/notes/gates/E1.md,formalization/foundations_v_scaffold/formalization/notes/examples/E1.md,formalization/foundations_v_scaffold/formalization/notes/sweeps/E1_internalization_predictions.md,formalization/foundations_v_scaffold/formalization/notes/sweeps/E1_internalization_results.md,formalization/foundations_v_scaffold/lab/tests/test_e1_internalization_sweep.py,,UPSTREAM_ROOT
E2,Bounded Reflexivity,theorem,formalization/foundations_v_scaffold/THEOREMS.md,SixBirdsFoundationsV.Laws.E2BoundedReflexivity,formalization/foundations_v_scaffold/lean/SixBirdsFoundationsV/Laws/E2BoundedReflexivity.lean,56,14,56,formalization/foundations_v_scaffold/formalization/notes/gates/E2.md,formalization/foundations_v_scaffold/formalization/notes/examples/E2.md,formalization/foundations_v_scaffold/formalization/notes/sweeps/E2_bounded_reflexivity_predictions.md,formalization/foundations_v_scaffold/formalization/notes/sweeps/E2_bounded_reflexivity_results.md,formalization/foundations_v_scaffold/lab/tests/test_e2_bounded_reflexivity_sweep.py,,UPSTREAM_ROOT
E3,Self-Maintaining Reclosure,theorem,formalization/foundations_v_scaffold/THEOREMS.md,SixBirdsFoundationsV.Laws.E3SelfMaintainingReclosure,formalization/foundations_v_scaffold/lean/SixBirdsFoundationsV/Laws/E3SelfMaintainingReclosure.lean,74,4,74,formalization/foundations_v_scaffold/formalization/notes/gates/E3.md,formalization/foundations_v_scaffold/formalization/notes/examples/E3.md,formalization/foundations_v_scaffold/formalization/notes/sweeps/E3_self_maintaining_reclosure_predictions.md,formalization/foundations_v_scaffold/formalization/notes/sweeps/E3_self_maintaining_reclosure_results.md,formalization/foundations_v_scaffold/lab/tests/test_e3_self_maintaining_reclosure_sweep.py,,UPSTREAM_ROOT
E4,Repair Compilation,theorem,formalization/foundations_v_scaffold/THEOREMS.md,SixBirdsFoundationsV.Laws.E4RepairCompilation,formalization/foundations_v_scaffold/lean/SixBirdsFoundationsV/Laws/E4RepairCompilation.lean,34,4,34,formalization/foundations_v_scaffold/formalization/notes/gates/E4.md,formalization/foundations_v_scaffold/formalization/notes/examples/E4.md,formalization/foundations_v_scaffold/formalization/notes/sweeps/E4_repair_compilation_predictions.md,formalization/foundations_v_scaffold/formalization/notes/sweeps/E4_repair_compilation_results.md,formalization/foundations_v_scaffold/lab/tests/test_e4_repair_compilation_sweep.py,,UPSTREAM_ROOT
E5,Reclosure Collapse,theorem,formalization/foundations_v_scaffold/THEOREMS.md,SixBirdsFoundationsV.Laws.E5ReclosureCollapse,formalization/foundations_v_scaffold/lean/SixBirdsFoundationsV/Laws/E5ReclosureCollapse.lean,91,5,91,formalization/foundations_v_scaffold/formalization/notes/gates/E5.md,formalization/foundations_v_scaffold/formalization/notes/examples/E5.md,formalization/foundations_v_scaffold/formalization/notes/sweeps/E5_reclosure_collapse_predictions.md,formalization/foundations_v_scaffold/formalization/notes/sweeps/E5_reclosure_collapse_results.md,formalization/foundations_v_scaffold/lab/tests/test_e5_reclosure_collapse_sweep.py,,UPSTREAM_ROOT
E6,Attention,theorem,formalization/foundations_v_scaffold/THEOREMS.md,SixBirdsFoundationsV.Laws.E6E9PricedAccess,formalization/foundations_v_scaffold/lean/SixBirdsFoundationsV/Laws/E6E9PricedAccess.lean,40,9,40,formalization/foundations_v_scaffold/formalization/notes/gates/E6_E9.md,formalization/foundations_v_scaffold/formalization/notes/examples/E6_E9.md,formalization/foundations_v_scaffold/formalization/notes/sweeps/E6_E9_probe_shop_predictions.md,formalization/foundations_v_scaffold/formalization/notes/sweeps/E6_E9_probe_shop_results.md,formalization/foundations_v_scaffold/lab/tests/test_e6_e9_probe_shop_sweep.py,,UPSTREAM_ROOT
E7,Alarm,theorem,formalization/foundations_v_scaffold/THEOREMS.md,SixBirdsFoundationsV.Laws.E7Alarm,formalization/foundations_v_scaffold/lean/SixBirdsFoundationsV/Laws/E7Alarm.lean,34,2,34,formalization/foundations_v_scaffold/formalization/notes/gates/E7.md,formalization/foundations_v_scaffold/formalization/notes/examples/E7.md,formalization/foundations_v_scaffold/formalization/notes/sweeps/E7_alarm_predictions.md,formalization/foundations_v_scaffold/formalization/notes/sweeps/E7_alarm_results.md,formalization/foundations_v_scaffold/lab/tests/test_e7_alarm_sweep.py,,UPSTREAM_ROOT
E8,Control-Price,theorem,formalization/foundations_v_scaffold/THEOREMS.md,SixBirdsFoundationsV.Laws.E8ControlPrice,formalization/foundations_v_scaffold/lean/SixBirdsFoundationsV/Laws/E8ControlPrice.lean,91,7,91,formalization/foundations_v_scaffold/formalization/notes/gates/E8.md,formalization/foundations_v_scaffold/formalization/notes/examples/E8.md,formalization/foundations_v_scaffold/formalization/notes/sweeps/E8_control_price_predictions.md,formalization/foundations_v_scaffold/formalization/notes/sweeps/E8_control_price_results.md,formalization/foundations_v_scaffold/lab/tests/test_e8_control_price_sweep.py,,UPSTREAM_ROOT
E9,Curiosity,theorem,formalization/foundations_v_scaffold/THEOREMS.md,SixBirdsFoundationsV.Laws.E6E9PricedAccess,formalization/foundations_v_scaffold/lean/SixBirdsFoundationsV/Laws/E6E9PricedAccess.lean,40,9,40,formalization/foundations_v_scaffold/formalization/notes/gates/E6_E9.md,formalization/foundations_v_scaffold/formalization/notes/examples/E6_E9.md,formalization/foundations_v_scaffold/formalization/notes/sweeps/E6_E9_probe_shop_predictions.md,formalization/foundations_v_scaffold/formalization/notes/sweeps/E6_E9_probe_shop_results.md,formalization/foundations_v_scaffold/lab/tests/test_e6_e9_probe_shop_sweep.py,,UPSTREAM_ROOT
E10,Cognitive Demarcation,theorem,formalization/foundations_v_scaffold/THEOREMS.md,SixBirdsFoundationsV.Laws.E10CognitiveDemarcation,formalization/foundations_v_scaffold/lean/SixBirdsFoundationsV/Laws/E10CognitiveDemarcation.lean,129,10,129,formalization/foundations_v_scaffold/formalization/notes/gates/E10.md,formalization/foundations_v_scaffold/formalization/notes/examples/E10.md,formalization/foundations_v_scaffold/formalization/notes/sweeps/E10_cognitive_demarcation_predictions.md,formalization/foundations_v_scaffold/formalization/notes/sweeps/E10_cognitive_demarcation_results.md,formalization/foundations_v_scaffold/lab/tests/test_e10_cognitive_demarcation_sweep.py,,UPSTREAM_ROOT
E11,Institutional Rewrite,theorem,formalization/foundations_v_scaffold/THEOREMS.md,SixBirdsFoundationsV.Laws.E11InstitutionalRewrite,formalization/foundations_v_scaffold/lean/SixBirdsFoundationsV/Laws/E11InstitutionalRewrite.lean,59,6,59,formalization/foundations_v_scaffold/formalization/notes/gates/E11.md,formalization/foundations_v_scaffold/formalization/notes/examples/E11.md,formalization/foundations_v_scaffold/formalization/notes/sweeps/E11_institutional_rewrite_predictions.md,formalization/foundations_v_scaffold/formalization/notes/sweeps/E11_institutional_rewrite_results.md,formalization/foundations_v_scaffold/lab/tests/test_e11_institutional_rewrite_sweep.py,,UPSTREAM_ROOT
E12,Individuation,theorem,formalization/foundations_v_scaffold/THEOREMS.md,SixBirdsFoundationsV.Laws.E12Individuation,formalization/foundations_v_scaffold/lean/SixBirdsFoundationsV/Laws/E12Individuation.lean,40,2,40,formalization/foundations_v_scaffold/formalization/notes/gates/E12.md,formalization/foundations_v_scaffold/formalization/notes/examples/E12.md,formalization/foundations_v_scaffold/formalization/notes/sweeps/E12_individuation_predictions.md,formalization/foundations_v_scaffold/formalization/notes/sweeps/E12_individuation_results.md,formalization/foundations_v_scaffold/lab/tests/test_e12_individuation_sweep.py,,UPSTREAM_ROOT
E13,Repair Transport,theorem,formalization/foundations_v_scaffold/THEOREMS.md,SixBirdsFoundationsV.Laws.E13RepairTransport,formalization/foundations_v_scaffold/lean/SixBirdsFoundationsV/Laws/E13RepairTransport.lean,94,6,94,formalization/foundations_v_scaffold/formalization/notes/gates/E13.md,formalization/foundations_v_scaffold/formalization/notes/examples/E13.md,formalization/foundations_v_scaffold/formalization/notes/sweeps/E13_repair_transport_predictions.md,formalization/foundations_v_scaffold/formalization/notes/sweeps/E13_repair_transport_results.md,formalization/foundations_v_scaffold/lab/tests/test_e13_repair_transport_sweep.py,,UPSTREAM_ROOT
E14,Reconsolidation,theorem,formalization/foundations_v_scaffold/THEOREMS.md,SixBirdsFoundationsV.Laws.E14Reconsolidation,formalization/foundations_v_scaffold/lean/SixBirdsFoundationsV/Laws/E14Reconsolidation.lean,88,9,88,formalization/foundations_v_scaffold/formalization/notes/gates/E14.md,formalization/foundations_v_scaffold/formalization/notes/examples/E14.md,formalization/foundations_v_scaffold/formalization/notes/sweeps/E14_reconsolidation_predictions.md,formalization/foundations_v_scaffold/formalization/notes/sweeps/E14_reconsolidation_results.md,formalization/foundations_v_scaffold/lab/tests/test_e14_reconsolidation_sweep.py,,UPSTREAM_ROOT
E15,Offline Reclosure,theorem,formalization/foundations_v_scaffold/THEOREMS.md,SixBirdsFoundationsV.Laws.E15OfflineReclosure,formalization/foundations_v_scaffold/lean/SixBirdsFoundationsV/Laws/E15OfflineReclosure.lean,111,11,111,formalization/foundations_v_scaffold/formalization/notes/gates/E15.md,formalization/foundations_v_scaffold/formalization/notes/examples/E15.md,formalization/foundations_v_scaffold/formalization/notes/sweeps/E15_offline_reclosure_predictions.md,formalization/foundations_v_scaffold/formalization/notes/sweeps/E15_offline_reclosure_results.md,formalization/foundations_v_scaffold/lab/tests/test_e15_offline_reclosure_sweep.py,,UPSTREAM_ROOT
E16,Adaptability,theorem,formalization/foundations_v_scaffold/THEOREMS.md,SixBirdsFoundationsV.Laws.E16Adaptability,formalization/foundations_v_scaffold/lean/SixBirdsFoundationsV/Laws/E16Adaptability.lean,120,15,120,formalization/foundations_v_scaffold/formalization/notes/gates/E16.md,formalization/foundations_v_scaffold/formalization/notes/examples/E16.md,formalization/foundations_v_scaffold/formalization/notes/sweeps/E16_adaptability_predictions.md,formalization/foundations_v_scaffold/formalization/notes/sweeps/E16_adaptability_results.md,,formalization/foundations_v_scaffold/lab/sixbirds_foundations_v/sweeps/e16_adaptability_sweep.py,VII_COMPLETE_WRAPPER
