law_id,name,paper_grade,manifest_status,theorem_ledger,lean_module,lean_file,theorem_count,gate_note,example_note,lab_packages,test_files,recorded_results,paper_source
G1,Hidden Amortized Solvency,theorem (Part a) / schema (Part b),LANDED_STEP8,formalization/foundations_vi_scaffold/THEOREMS.md,SixBirdsFoundationsVI.Laws.G1HiddenAmortizedSolvency,formalization/foundations_vi_scaffold/lean/SixBirdsFoundationsVI/Laws/G1HiddenAmortizedSolvency.lean,2,formalization/foundations_vi_scaffold/formalization/notes/gates/G1.md,formalization/foundations_vi_scaffold/formalization/notes/examples/G1.md,formalization/foundations_vi_scaffold/lab/foundations_vi_lab/g01_solvency,formalization/foundations_vi_scaffold/lab/tests/test_g01_solvency.py,formalization/foundations_vi_scaffold/lab/results/G1-L1;formalization/foundations_vi_scaffold/lab/results/G1-L2;formalization/foundations_vi_scaffold/lab/results/G1-L3;formalization/foundations_vi_scaffold/lab/results/G1-L4,formalization/foundations_vi_scaffold/paper/main.tex
G2,Transfinite Escrow,theorem,LANDED_STEP8,formalization/foundations_vi_scaffold/THEOREMS.md,SixBirdsFoundationsVI.Laws.G2TransfiniteEscrow,formalization/foundations_vi_scaffold/lean/SixBirdsFoundationsVI/Laws/G2TransfiniteEscrow.lean,4,formalization/foundations_vi_scaffold/formalization/notes/gates/G2.md,formalization/foundations_vi_scaffold/formalization/notes/examples/G2.md,formalization/foundations_vi_scaffold/lab/foundations_vi_lab/g02_escrow,formalization/foundations_vi_scaffold/lab/tests/test_g02_escrow.py,formalization/foundations_vi_scaffold/lab/results/G2-L1,formalization/foundations_vi_scaffold/paper/main.tex
G3,Amortized Potential Currency,theorem,LANDED_STEP8,formalization/foundations_vi_scaffold/THEOREMS.md,SixBirdsFoundationsVI.Laws.G3AmortizedCurrency,formalization/foundations_vi_scaffold/lean/SixBirdsFoundationsVI/Laws/G3AmortizedCurrency.lean,4,formalization/foundations_vi_scaffold/formalization/notes/gates/G3.md,formalization/foundations_vi_scaffold/formalization/notes/examples/G3.md,formalization/foundations_vi_scaffold/lab/foundations_vi_lab/g03_currency,formalization/foundations_vi_scaffold/lab/tests/test_g03_currency.py,formalization/foundations_vi_scaffold/lab/results/G3-L1,formalization/foundations_vi_scaffold/paper/main.tex
G4,Moving-Cover Exhaustion,schema,LANDED_STEP8,formalization/foundations_vi_scaffold/THEOREMS.md,SixBirdsFoundationsVI.Laws.G4MovingCoverExhaustion,formalization/foundations_vi_scaffold/lean/SixBirdsFoundationsVI/Laws/G4MovingCoverExhaustion.lean,3,formalization/foundations_vi_scaffold/formalization/notes/gates/G4.md,formalization/foundations_vi_scaffold/formalization/notes/examples/G4.md,formalization/foundations_vi_scaffold/lab/foundations_vi_lab/g04_exhaustion,formalization/foundations_vi_scaffold/lab/tests/test_g04_exhaustion.py,formalization/foundations_vi_scaffold/lab/results/G4-L1,formalization/foundations_vi_scaffold/paper/main.tex
G5,Carry-Horizon Confinement,calibration-anchored schema,LANDED_STEP8,formalization/foundations_vi_scaffold/THEOREMS.md,SixBirdsFoundationsVI.Laws.G5CarryHorizonConfinement,formalization/foundations_vi_scaffold/lean/SixBirdsFoundationsVI/Laws/G5CarryHorizonConfinement.lean,5,formalization/foundations_vi_scaffold/formalization/notes/gates/G5.md,formalization/foundations_vi_scaffold/formalization/notes/examples/G5.md,formalization/foundations_vi_scaffold/lab/foundations_vi_lab/g05_confinement,formalization/foundations_vi_scaffold/lab/tests/test_g05_confinement.py,formalization/foundations_vi_scaffold/lab/results/G5-L1,formalization/foundations_vi_scaffold/paper/main.tex
G6,Endogenous Needle Generation,schema,LANDED_STEP8,formalization/foundations_vi_scaffold/THEOREMS.md,SixBirdsFoundationsVI.Laws.G6EndogenousNeedleGeneration,formalization/foundations_vi_scaffold/lean/SixBirdsFoundationsVI/Laws/G6EndogenousNeedleGeneration.lean,2,formalization/foundations_vi_scaffold/formalization/notes/gates/G6.md,formalization/foundations_vi_scaffold/formalization/notes/examples/G6.md,formalization/foundations_vi_scaffold/lab/foundations_vi_lab/g06_needle,formalization/foundations_vi_scaffold/lab/tests/test_g06_needle.py;formalization/foundations_vi_scaffold/lab/tests/test_g06_tunable.py,formalization/foundations_vi_scaffold/lab/results/G6-L1;formalization/foundations_vi_scaffold/lab/results/G6-L2;formalization/foundations_vi_scaffold/lab/results/G6-L2-proofs.md,formalization/foundations_vi_scaffold/paper/main.tex
G7,Adversarial Mobility Confinement,calibration-anchored schema,LANDED_STEP8,formalization/foundations_vi_scaffold/THEOREMS.md,SixBirdsFoundationsVI.Laws.G7AdversarialMobilityConfinement,formalization/foundations_vi_scaffold/lean/SixBirdsFoundationsVI/Laws/G7AdversarialMobilityConfinement.lean,6,formalization/foundations_vi_scaffold/formalization/notes/gates/G7.md,formalization/foundations_vi_scaffold/formalization/notes/examples/G7.md,formalization/foundations_vi_scaffold/lab/foundations_vi_lab/g07_confinement,formalization/foundations_vi_scaffold/lab/tests/test_g07_confinement.py,formalization/foundations_vi_scaffold/lab/results/G7-L1,formalization/foundations_vi_scaffold/paper/main.tex
G8,Odometer Abelianization,theorem,LANDED_STEP8,formalization/foundations_vi_scaffold/THEOREMS.md,SixBirdsFoundationsVI.Laws.G8OdometerAbelianization,formalization/foundations_vi_scaffold/lean/SixBirdsFoundationsVI/Laws/G8OdometerAbelianization.lean,39,formalization/foundations_vi_scaffold/formalization/notes/gates/G8.md,formalization/foundations_vi_scaffold/formalization/notes/examples/G8.md,formalization/foundations_vi_scaffold/lab/foundations_vi_lab/g08_odometer,formalization/foundations_vi_scaffold/lab/tests/test_g08_odometer.py,formalization/foundations_vi_scaffold/lab/results/G8-L1;formalization/foundations_vi_scaffold/lab/results/G8-L2,formalization/foundations_vi_scaffold/paper/main.tex
G9,Defect-Evacuation-to-Transport,calibration-anchored schema,LANDED_STEP8,formalization/foundations_vi_scaffold/THEOREMS.md,SixBirdsFoundationsVI.Laws.G9DefectEvacuationTransport,formalization/foundations_vi_scaffold/lean/SixBirdsFoundationsVI/Laws/G9DefectEvacuationTransport.lean,4,formalization/foundations_vi_scaffold/formalization/notes/gates/G9.md,formalization/foundations_vi_scaffold/formalization/notes/examples/G9.md,formalization/foundations_vi_scaffold/lab/foundations_vi_lab/g09_transport,formalization/foundations_vi_scaffold/lab/tests/test_g09_transport.py,formalization/foundations_vi_scaffold/lab/results/G9-L1,formalization/foundations_vi_scaffold/paper/main.tex
G10,Lossful Boundary Persistence,theorem,LANDED_STEP8,formalization/foundations_vi_scaffold/THEOREMS.md,SixBirdsFoundationsVI.Laws.G10LossfulPersistence,formalization/foundations_vi_scaffold/lean/SixBirdsFoundationsVI/Laws/G10LossfulPersistence.lean,5,formalization/foundations_vi_scaffold/formalization/notes/gates/G10.md,formalization/foundations_vi_scaffold/formalization/notes/examples/G10.md,formalization/foundations_vi_scaffold/lab/foundations_vi_lab/g10_persistence,formalization/foundations_vi_scaffold/lab/tests/test_g10_persistence.py,formalization/foundations_vi_scaffold/lab/results/G10-L1,formalization/foundations_vi_scaffold/paper/main.tex
G11,Local-Rule Global-Anti-Symmetry,theorem,LANDED_STEP8,formalization/foundations_vi_scaffold/THEOREMS.md,SixBirdsFoundationsVI.Laws.G11GlobalAntiSymmetry,formalization/foundations_vi_scaffold/lean/SixBirdsFoundationsVI/Laws/G11GlobalAntiSymmetry.lean,3,formalization/foundations_vi_scaffold/formalization/notes/gates/G11.md,formalization/foundations_vi_scaffold/formalization/notes/examples/G11.md,formalization/foundations_vi_scaffold/lab/foundations_vi_lab/g11_symmetry,formalization/foundations_vi_scaffold/lab/tests/test_g11_symmetry.py,formalization/foundations_vi_scaffold/lab/results/G11-L1,formalization/foundations_vi_scaffold/paper/main.tex
G12,Finite Witness Radiation,theorem,LANDED_STEP8,formalization/foundations_vi_scaffold/THEOREMS.md,SixBirdsFoundationsVI.Laws.G12FiniteWitnessRadiation,formalization/foundations_vi_scaffold/lean/SixBirdsFoundationsVI/Laws/G12FiniteWitnessRadiation.lean,4,formalization/foundations_vi_scaffold/formalization/notes/gates/G12.md,formalization/foundations_vi_scaffold/formalization/notes/examples/G12.md,formalization/foundations_vi_scaffold/lab/foundations_vi_lab/g12_finite_witness,formalization/foundations_vi_scaffold/lab/tests/test_g12_finite_witness.py,formalization/foundations_vi_scaffold/lab/results/G12-L1,formalization/foundations_vi_scaffold/paper/main.tex
G13,Thin-Orbit Saturation,schema,LANDED_STEP8,formalization/foundations_vi_scaffold/THEOREMS.md,SixBirdsFoundationsVI.Laws.G13ThinOrbitSaturation,formalization/foundations_vi_scaffold/lean/SixBirdsFoundationsVI/Laws/G13ThinOrbitSaturation.lean,2,formalization/foundations_vi_scaffold/formalization/notes/gates/G13.md,formalization/foundations_vi_scaffold/formalization/notes/examples/G13.md,formalization/foundations_vi_scaffold/lab/foundations_vi_lab/g13_saturation,formalization/foundations_vi_scaffold/lab/tests/test_g13_saturation.py,formalization/foundations_vi_scaffold/lab/results/G13-L1,formalization/foundations_vi_scaffold/paper/main.tex
