from_module,to_module,from_file,line,resolved_file,resolution
ClosureLadder,ClosureLadder.Basic,formalization/foundations_vi_scaffold/lean/vendor/foundations/six-birds-theory/formal/ClosureLadder.lean,1,formalization/foundations_vi_scaffold/lean/vendor/foundations/six-birds-theory/formal/ClosureLadder/Basic.lean,LOCAL
ClosureLadder,ClosureLadder.IdempotentEndo,formalization/foundations_vi_scaffold/lean/vendor/foundations/six-birds-theory/formal/ClosureLadder.lean,2,formalization/foundations_vi_scaffold/lean/vendor/foundations/six-birds-theory/formal/ClosureLadder/IdempotentEndo.lean,LOCAL
ClosureLadder,ClosureLadder.Packaging,formalization/foundations_vi_scaffold/lean/vendor/foundations/six-birds-theory/formal/ClosureLadder.lean,3,formalization/foundations_vi_scaffold/lean/vendor/foundations/six-birds-theory/formal/ClosureLadder/Packaging.lean,LOCAL
ClosureLadder,ClosureLadder.MetaPackaging,formalization/foundations_vi_scaffold/lean/vendor/foundations/six-birds-theory/formal/ClosureLadder.lean,4,formalization/foundations_vi_scaffold/lean/vendor/foundations/six-birds-theory/formal/ClosureLadder/MetaPackaging.lean,LOCAL
ClosureLadder.IdempotentEndo,ClosureLadder.Basic,formalization/foundations_vi_scaffold/lean/vendor/foundations/six-birds-theory/formal/ClosureLadder/IdempotentEndo.lean,1,formalization/foundations_vi_scaffold/lean/vendor/foundations/six-birds-theory/formal/ClosureLadder/Basic.lean,LOCAL
ClosureLadder.Packaging,ClosureLadder.Basic,formalization/foundations_vi_scaffold/lean/vendor/foundations/six-birds-theory/formal/ClosureLadder/Packaging.lean,1,formalization/foundations_vi_scaffold/lean/vendor/foundations/six-birds-theory/formal/ClosureLadder/Basic.lean,LOCAL
SixBirds,SixBirds.Roles,formalization/foundations_vi_scaffold/lean/vendor/foundations/six-birds-foundations-ii/lean/full/SixBirds.lean,1,formalization/foundations_vi_scaffold/lean/vendor/foundations/six-birds-foundations-ii/lean/full/SixBirds/Roles.lean,LOCAL
SixBirds,SixBirds.FATCD,formalization/foundations_vi_scaffold/lean/vendor/foundations/six-birds-foundations-ii/lean/full/SixBirds.lean,2,formalization/foundations_vi_scaffold/lean/vendor/foundations/six-birds-foundations-ii/lean/full/SixBirds/FATCD.lean,LOCAL
SixBirds,SixBirds.Admissibility,formalization/foundations_vi_scaffold/lean/vendor/foundations/six-birds-foundations-ii/lean/full/SixBirds.lean,3,formalization/foundations_vi_scaffold/lean/vendor/foundations/six-birds-foundations-ii/lean/full/SixBirds/Admissibility.lean,LOCAL
SixBirds,SixBirds.LowerBounds,formalization/foundations_vi_scaffold/lean/vendor/foundations/six-birds-foundations-ii/lean/full/SixBirds.lean,4,formalization/foundations_vi_scaffold/lean/vendor/foundations/six-birds-foundations-ii/lean/full/SixBirds/LowerBounds.lean,LOCAL
SixBirds,SixBirds.UpperBound,formalization/foundations_vi_scaffold/lean/vendor/foundations/six-birds-foundations-ii/lean/full/SixBirds.lean,5,formalization/foundations_vi_scaffold/lean/vendor/foundations/six-birds-foundations-ii/lean/full/SixBirds/UpperBound.lean,LOCAL
SixBirds,SixBirds.Decomposition,formalization/foundations_vi_scaffold/lean/vendor/foundations/six-birds-foundations-ii/lean/full/SixBirds.lean,6,formalization/foundations_vi_scaffold/lean/vendor/foundations/six-birds-foundations-ii/lean/full/SixBirds/Decomposition.lean,LOCAL
SixBirds,SixBirds.IntegratedStress,formalization/foundations_vi_scaffold/lean/vendor/foundations/six-birds-foundations-ii/lean/full/SixBirds.lean,7,formalization/foundations_vi_scaffold/lean/vendor/foundations/six-birds-foundations-ii/lean/full/SixBirds/IntegratedStress.lean,LOCAL
SixBirds,SixBirds.ScopedExactSix,formalization/foundations_vi_scaffold/lean/vendor/foundations/six-birds-foundations-ii/lean/full/SixBirds.lean,8,formalization/foundations_vi_scaffold/lean/vendor/foundations/six-birds-foundations-ii/lean/full/SixBirds/ScopedExactSix.lean,LOCAL
SixBirds,SixBirds.SemanticTests,formalization/foundations_vi_scaffold/lean/vendor/foundations/six-birds-foundations-ii/lean/full/SixBirds.lean,9,formalization/foundations_vi_scaffold/lean/vendor/foundations/six-birds-foundations-ii/lean/full/SixBirds/SemanticTests.lean,LOCAL
SixBirds.Admissibility,SixBirds.FATCD,formalization/foundations_vi_scaffold/lean/vendor/foundations/six-birds-foundations-ii/lean/full/SixBirds/Admissibility.lean,1,formalization/foundations_vi_scaffold/lean/vendor/foundations/six-birds-foundations-ii/lean/full/SixBirds/FATCD.lean,LOCAL
SixBirds.Decomposition,SixBirds.UpperBound,formalization/foundations_vi_scaffold/lean/vendor/foundations/six-birds-foundations-ii/lean/full/SixBirds/Decomposition.lean,1,formalization/foundations_vi_scaffold/lean/vendor/foundations/six-birds-foundations-ii/lean/full/SixBirds/UpperBound.lean,LOCAL
SixBirds.FATCD,SixBirds.Roles,formalization/foundations_vi_scaffold/lean/vendor/foundations/six-birds-foundations-ii/lean/full/SixBirds/FATCD.lean,1,formalization/foundations_vi_scaffold/lean/vendor/foundations/six-birds-foundations-ii/lean/full/SixBirds/Roles.lean,LOCAL
SixBirds.IntegratedStress,SixBirds.Decomposition,formalization/foundations_vi_scaffold/lean/vendor/foundations/six-birds-foundations-ii/lean/full/SixBirds/IntegratedStress.lean,1,formalization/foundations_vi_scaffold/lean/vendor/foundations/six-birds-foundations-ii/lean/full/SixBirds/Decomposition.lean,LOCAL
SixBirds.LowerBounds,SixBirds.Admissibility,formalization/foundations_vi_scaffold/lean/vendor/foundations/six-birds-foundations-ii/lean/full/SixBirds/LowerBounds.lean,1,formalization/foundations_vi_scaffold/lean/vendor/foundations/six-birds-foundations-ii/lean/full/SixBirds/Admissibility.lean,LOCAL
SixBirds.ScopedExactSix,SixBirds.IntegratedStress,formalization/foundations_vi_scaffold/lean/vendor/foundations/six-birds-foundations-ii/lean/full/SixBirds/ScopedExactSix.lean,1,formalization/foundations_vi_scaffold/lean/vendor/foundations/six-birds-foundations-ii/lean/full/SixBirds/IntegratedStress.lean,LOCAL
SixBirds.SemanticTests,SixBirds.ScopedExactSix,formalization/foundations_vi_scaffold/lean/vendor/foundations/six-birds-foundations-ii/lean/full/SixBirds/SemanticTests.lean,1,formalization/foundations_vi_scaffold/lean/vendor/foundations/six-birds-foundations-ii/lean/full/SixBirds/ScopedExactSix.lean,LOCAL
SixBirds.UpperBound,SixBirds.LowerBounds,formalization/foundations_vi_scaffold/lean/vendor/foundations/six-birds-foundations-ii/lean/full/SixBirds/UpperBound.lean,1,formalization/foundations_vi_scaffold/lean/vendor/foundations/six-birds-foundations-ii/lean/full/SixBirds/LowerBounds.lean,LOCAL
SixBirdsFoundationsVI,SixBirdsIII,formalization/foundations_vi_scaffold/lean/SixBirdsFoundationsVI.lean,1,formalization/foundations_vi_scaffold/lean/vendor/foundations/six-birds-foundations-iii/lean/full/SixBirdsIII.lean,LOCAL
SixBirdsFoundationsVI,SixBirdsMetaMath.FoundationsIV.Transport.DescentRepair,formalization/foundations_vi_scaffold/lean/SixBirdsFoundationsVI.lean,2,formalization/foundations_vi_scaffold/lean/vendor/foundations/six-birds-meta-math/lean/SixBirdsMetaMath/FoundationsIV/Transport/DescentRepair.lean,LOCAL
SixBirdsFoundationsVI,SixBirdsMetaMath.FoundationsIV.Transport.HolonomyMemoryRepair,formalization/foundations_vi_scaffold/lean/SixBirdsFoundationsVI.lean,3,formalization/foundations_vi_scaffold/lean/vendor/foundations/six-birds-meta-math/lean/SixBirdsMetaMath/FoundationsIV/Transport/HolonomyMemoryRepair.lean,LOCAL
SixBirdsFoundationsVI,SixBirdsMetaMath.FoundationsIV.Transport.LocalGlobalObstruction,formalization/foundations_vi_scaffold/lean/SixBirdsFoundationsVI.lean,4,formalization/foundations_vi_scaffold/lean/vendor/foundations/six-birds-meta-math/lean/SixBirdsMetaMath/FoundationsIV/Transport/LocalGlobalObstruction.lean,LOCAL
SixBirdsFoundationsVI,SixBirdsMetaMath.FoundationsIV.Stability.NoNeedles,formalization/foundations_vi_scaffold/lean/SixBirdsFoundationsVI.lean,5,formalization/foundations_vi_scaffold/lean/vendor/foundations/six-birds-meta-math/lean/SixBirdsMetaMath/FoundationsIV/Stability/NoNeedles.lean,LOCAL
SixBirdsFoundationsVI,SixBirdsMetaMath.FoundationsIV.Access.HiddennessNormalForm,formalization/foundations_vi_scaffold/lean/SixBirdsFoundationsVI.lean,6,formalization/foundations_vi_scaffold/lean/vendor/foundations/six-birds-meta-math/lean/SixBirdsMetaMath/FoundationsIV/Access/HiddennessNormalForm.lean,LOCAL
SixBirdsFoundationsVI,SixBirdsMetaMath.FoundationsIV.StatusRecordsCoherence.ObjectPersistence,formalization/foundations_vi_scaffold/lean/SixBirdsFoundationsVI.lean,7,formalization/foundations_vi_scaffold/lean/vendor/foundations/six-birds-meta-math/lean/SixBirdsMetaMath/FoundationsIV/StatusRecordsCoherence/ObjectPersistence.lean,LOCAL
SixBirdsFoundationsVI,SixBirdsMetaMath.FoundationsIV.StatusRecordsCoherence.ConservationAsOrbitDescent,formalization/foundations_vi_scaffold/lean/SixBirdsFoundationsVI.lean,8,formalization/foundations_vi_scaffold/lean/vendor/foundations/six-birds-meta-math/lean/SixBirdsMetaMath/FoundationsIV/StatusRecordsCoherence/ConservationAsOrbitDescent.lean,LOCAL
SixBirdsFoundationsVI,SixBirdsMetaMath.FoundationsIV.SelfReferenceLimits.InformationLoss,formalization/foundations_vi_scaffold/lean/SixBirdsFoundationsVI.lean,9,formalization/foundations_vi_scaffold/lean/vendor/foundations/six-birds-meta-math/lean/SixBirdsMetaMath/FoundationsIV/SelfReferenceLimits/InformationLoss.lean,LOCAL
SixBirdsFoundationsVI,SixBirdsMetaMath.FoundationsIV.Symmetry.Anomaly,formalization/foundations_vi_scaffold/lean/SixBirdsFoundationsVI.lean,10,formalization/foundations_vi_scaffold/lean/vendor/foundations/six-birds-meta-math/lean/SixBirdsMetaMath/FoundationsIV/Symmetry/Anomaly.lean,LOCAL
SixBirdsFoundationsVI,SixBirdsMetaMath.FoundationsIV.SelfReferenceLimits.CommonSourceNonlocal,formalization/foundations_vi_scaffold/lean/SixBirdsFoundationsVI.lean,11,formalization/foundations_vi_scaffold/lean/vendor/foundations/six-birds-meta-math/lean/SixBirdsMetaMath/FoundationsIV/SelfReferenceLimits/CommonSourceNonlocal.lean,LOCAL
SixBirdsFoundationsVI,SixBirdsFoundationsVI.Laws.G1HiddenAmortizedSolvency,formalization/foundations_vi_scaffold/lean/SixBirdsFoundationsVI.lean,12,formalization/foundations_vi_scaffold/lean/SixBirdsFoundationsVI/Laws/G1HiddenAmortizedSolvency.lean,LOCAL
SixBirdsFoundationsVI,SixBirdsFoundationsVI.Laws.G2TransfiniteEscrow,formalization/foundations_vi_scaffold/lean/SixBirdsFoundationsVI.lean,13,formalization/foundations_vi_scaffold/lean/SixBirdsFoundationsVI/Laws/G2TransfiniteEscrow.lean,LOCAL
SixBirdsFoundationsVI,SixBirdsFoundationsVI.Laws.G3AmortizedCurrency,formalization/foundations_vi_scaffold/lean/SixBirdsFoundationsVI.lean,14,formalization/foundations_vi_scaffold/lean/SixBirdsFoundationsVI/Laws/G3AmortizedCurrency.lean,LOCAL
SixBirdsFoundationsVI,SixBirdsFoundationsVI.Laws.G4MovingCoverExhaustion,formalization/foundations_vi_scaffold/lean/SixBirdsFoundationsVI.lean,15,formalization/foundations_vi_scaffold/lean/SixBirdsFoundationsVI/Laws/G4MovingCoverExhaustion.lean,LOCAL
SixBirdsFoundationsVI,SixBirdsFoundationsVI.Laws.G5CarryHorizonConfinement,formalization/foundations_vi_scaffold/lean/SixBirdsFoundationsVI.lean,16,formalization/foundations_vi_scaffold/lean/SixBirdsFoundationsVI/Laws/G5CarryHorizonConfinement.lean,LOCAL
SixBirdsFoundationsVI,SixBirdsFoundationsVI.Laws.G6EndogenousNeedleGeneration,formalization/foundations_vi_scaffold/lean/SixBirdsFoundationsVI.lean,17,formalization/foundations_vi_scaffold/lean/SixBirdsFoundationsVI/Laws/G6EndogenousNeedleGeneration.lean,LOCAL
SixBirdsFoundationsVI,SixBirdsFoundationsVI.Laws.G7AdversarialMobilityConfinement,formalization/foundations_vi_scaffold/lean/SixBirdsFoundationsVI.lean,18,formalization/foundations_vi_scaffold/lean/SixBirdsFoundationsVI/Laws/G7AdversarialMobilityConfinement.lean,LOCAL
SixBirdsFoundationsVI,SixBirdsFoundationsVI.Laws.G9DefectEvacuationTransport,formalization/foundations_vi_scaffold/lean/SixBirdsFoundationsVI.lean,19,formalization/foundations_vi_scaffold/lean/SixBirdsFoundationsVI/Laws/G9DefectEvacuationTransport.lean,LOCAL
SixBirdsFoundationsVI,SixBirdsFoundationsVI.Laws.G10LossfulPersistence,formalization/foundations_vi_scaffold/lean/SixBirdsFoundationsVI.lean,20,formalization/foundations_vi_scaffold/lean/SixBirdsFoundationsVI/Laws/G10LossfulPersistence.lean,LOCAL
SixBirdsFoundationsVI,SixBirdsFoundationsVI.Laws.G11GlobalAntiSymmetry,formalization/foundations_vi_scaffold/lean/SixBirdsFoundationsVI.lean,21,formalization/foundations_vi_scaffold/lean/SixBirdsFoundationsVI/Laws/G11GlobalAntiSymmetry.lean,LOCAL
SixBirdsFoundationsVI,SixBirdsFoundationsVI.Laws.G12FiniteWitnessRadiation,formalization/foundations_vi_scaffold/lean/SixBirdsFoundationsVI.lean,22,formalization/foundations_vi_scaffold/lean/SixBirdsFoundationsVI/Laws/G12FiniteWitnessRadiation.lean,LOCAL
SixBirdsFoundationsVI,SixBirdsFoundationsVI.Laws.G13ThinOrbitSaturation,formalization/foundations_vi_scaffold/lean/SixBirdsFoundationsVI.lean,23,formalization/foundations_vi_scaffold/lean/SixBirdsFoundationsVI/Laws/G13ThinOrbitSaturation.lean,LOCAL
SixBirdsFoundationsVI,SixBirdsFoundationsVI.Laws.G8OdometerAbelianization,formalization/foundations_vi_scaffold/lean/SixBirdsFoundationsVI.lean,24,formalization/foundations_vi_scaffold/lean/SixBirdsFoundationsVI/Laws/G8OdometerAbelianization.lean,LOCAL
SixBirdsIII,SixBirdsIII.Basic,formalization/foundations_vi_scaffold/lean/vendor/foundations/six-birds-foundations-iii/lean/full/SixBirdsIII.lean,1,formalization/foundations_vi_scaffold/lean/vendor/foundations/six-birds-foundations-iii/lean/full/SixBirdsIII/Basic.lean,LOCAL
SixBirdsIII,SixBirdsIII.Status,formalization/foundations_vi_scaffold/lean/vendor/foundations/six-birds-foundations-iii/lean/full/SixBirdsIII.lean,2,formalization/foundations_vi_scaffold/lean/vendor/foundations/six-birds-foundations-iii/lean/full/SixBirdsIII/Status.lean,LOCAL
SixBirdsIII,SixBirdsIII.Domain,formalization/foundations_vi_scaffold/lean/vendor/foundations/six-birds-foundations-iii/lean/full/SixBirdsIII.lean,3,formalization/foundations_vi_scaffold/lean/vendor/foundations/six-birds-foundations-iii/lean/full/SixBirdsIII/Domain.lean,LOCAL
SixBirdsIII,SixBirdsIII.Records,formalization/foundations_vi_scaffold/lean/vendor/foundations/six-birds-foundations-iii/lean/full/SixBirdsIII.lean,4,formalization/foundations_vi_scaffold/lean/vendor/foundations/six-birds-foundations-iii/lean/full/SixBirdsIII/Records.lean,LOCAL
SixBirdsIII,SixBirdsIII.Mech0,formalization/foundations_vi_scaffold/lean/vendor/foundations/six-birds-foundations-iii/lean/full/SixBirdsIII.lean,5,formalization/foundations_vi_scaffold/lean/vendor/foundations/six-birds-foundations-iii/lean/full/SixBirdsIII/Mech0.lean,LOCAL
SixBirdsIII,SixBirdsIII.CoreInteraction,formalization/foundations_vi_scaffold/lean/vendor/foundations/six-birds-foundations-iii/lean/full/SixBirdsIII.lean,6,formalization/foundations_vi_scaffold/lean/vendor/foundations/six-birds-foundations-iii/lean/full/SixBirdsIII/CoreInteraction.lean,LOCAL
SixBirdsIII,SixBirdsIII.FiniteMaps,formalization/foundations_vi_scaffold/lean/vendor/foundations/six-birds-foundations-iii/lean/full/SixBirdsIII.lean,7,formalization/foundations_vi_scaffold/lean/vendor/foundations/six-birds-foundations-iii/lean/full/SixBirdsIII/FiniteMaps.lean,LOCAL
SixBirdsIII,SixBirdsIII.Completion,formalization/foundations_vi_scaffold/lean/vendor/foundations/six-birds-foundations-iii/lean/full/SixBirdsIII.lean,8,formalization/foundations_vi_scaffold/lean/vendor/foundations/six-birds-foundations-iii/lean/full/SixBirdsIII/Completion.lean,LOCAL
SixBirdsIII,SixBirdsIII.Strictness,formalization/foundations_vi_scaffold/lean/vendor/foundations/six-birds-foundations-iii/lean/full/SixBirdsIII.lean,9,formalization/foundations_vi_scaffold/lean/vendor/foundations/six-birds-foundations-iii/lean/full/SixBirdsIII/Strictness.lean,LOCAL
SixBirdsIII,SixBirdsIII.Defects,formalization/foundations_vi_scaffold/lean/vendor/foundations/six-birds-foundations-iii/lean/full/SixBirdsIII.lean,10,formalization/foundations_vi_scaffold/lean/vendor/foundations/six-birds-foundations-iii/lean/full/SixBirdsIII/Defects.lean,LOCAL
SixBirdsIII,SixBirdsIII.CompletionExamples,formalization/foundations_vi_scaffold/lean/vendor/foundations/six-birds-foundations-iii/lean/full/SixBirdsIII.lean,11,formalization/foundations_vi_scaffold/lean/vendor/foundations/six-birds-foundations-iii/lean/full/SixBirdsIII/CompletionExamples.lean,LOCAL
SixBirdsIII,SixBirdsIII.Definability,formalization/foundations_vi_scaffold/lean/vendor/foundations/six-birds-foundations-iii/lean/full/SixBirdsIII.lean,12,formalization/foundations_vi_scaffold/lean/vendor/foundations/six-birds-foundations-iii/lean/full/SixBirdsIII/Definability.lean,LOCAL
SixBirdsIII,SixBirdsIII.FiniteProbability,formalization/foundations_vi_scaffold/lean/vendor/foundations/six-birds-foundations-iii/lean/full/SixBirdsIII.lean,13,formalization/foundations_vi_scaffold/lean/vendor/foundations/six-birds-foundations-iii/lean/full/SixBirdsIII/FiniteProbability.lean,LOCAL
SixBirdsIII,SixBirdsIII.GraphCohomology,formalization/foundations_vi_scaffold/lean/vendor/foundations/six-birds-foundations-iii/lean/full/SixBirdsIII.lean,14,formalization/foundations_vi_scaffold/lean/vendor/foundations/six-birds-foundations-iii/lean/full/SixBirdsIII/GraphCohomology.lean,LOCAL
SixBirdsIII,SixBirdsIII.TopDownChannel,formalization/foundations_vi_scaffold/lean/vendor/foundations/six-birds-foundations-iii/lean/full/SixBirdsIII.lean,15,formalization/foundations_vi_scaffold/lean/vendor/foundations/six-birds-foundations-iii/lean/full/SixBirdsIII/TopDownChannel.lean,LOCAL
SixBirdsIII,SixBirdsIII.Promotion,formalization/foundations_vi_scaffold/lean/vendor/foundations/six-birds-foundations-iii/lean/full/SixBirdsIII.lean,16,formalization/foundations_vi_scaffold/lean/vendor/foundations/six-birds-foundations-iii/lean/full/SixBirdsIII/Promotion.lean,LOCAL
SixBirdsIII,SixBirdsIII.InstrumentClaims,formalization/foundations_vi_scaffold/lean/vendor/foundations/six-birds-foundations-iii/lean/full/SixBirdsIII.lean,17,formalization/foundations_vi_scaffold/lean/vendor/foundations/six-birds-foundations-iii/lean/full/SixBirdsIII/InstrumentClaims.lean,LOCAL
SixBirdsIII,SixBirdsIII.RotatingAudit,formalization/foundations_vi_scaffold/lean/vendor/foundations/six-birds-foundations-iii/lean/full/SixBirdsIII.lean,18,formalization/foundations_vi_scaffold/lean/vendor/foundations/six-birds-foundations-iii/lean/full/SixBirdsIII/RotatingAudit.lean,LOCAL
SixBirdsIII,SixBirdsIII.AbstractInterpretation,formalization/foundations_vi_scaffold/lean/vendor/foundations/six-birds-foundations-iii/lean/full/SixBirdsIII.lean,19,formalization/foundations_vi_scaffold/lean/vendor/foundations/six-birds-foundations-iii/lean/full/SixBirdsIII/AbstractInterpretation.lean,LOCAL
SixBirdsIII,SixBirdsIII.HighStructure,formalization/foundations_vi_scaffold/lean/vendor/foundations/six-birds-foundations-iii/lean/full/SixBirdsIII.lean,20,formalization/foundations_vi_scaffold/lean/vendor/foundations/six-birds-foundations-iii/lean/full/SixBirdsIII/HighStructure.lean,LOCAL
SixBirdsIII,SixBirdsIII.ModelRealizations,formalization/foundations_vi_scaffold/lean/vendor/foundations/six-birds-foundations-iii/lean/full/SixBirdsIII.lean,21,formalization/foundations_vi_scaffold/lean/vendor/foundations/six-birds-foundations-iii/lean/full/SixBirdsIII/ModelRealizations.lean,LOCAL
SixBirdsIII,SixBirdsIII.MechanizationFeasibility,formalization/foundations_vi_scaffold/lean/vendor/foundations/six-birds-foundations-iii/lean/full/SixBirdsIII.lean,22,formalization/foundations_vi_scaffold/lean/vendor/foundations/six-birds-foundations-iii/lean/full/SixBirdsIII/MechanizationFeasibility.lean,LOCAL
SixBirdsIII,SixBirdsIII.SemanticTests,formalization/foundations_vi_scaffold/lean/vendor/foundations/six-birds-foundations-iii/lean/full/SixBirdsIII.lean,23,formalization/foundations_vi_scaffold/lean/vendor/foundations/six-birds-foundations-iii/lean/full/SixBirdsIII/SemanticTests.lean,LOCAL
SixBirdsIII.CoreInteraction,SixBirdsIII.Records,formalization/foundations_vi_scaffold/lean/vendor/foundations/six-birds-foundations-iii/lean/full/SixBirdsIII/CoreInteraction.lean,1,formalization/foundations_vi_scaffold/lean/vendor/foundations/six-birds-foundations-iii/lean/full/SixBirdsIII/Records.lean,LOCAL
SixBirdsIII.Defects,SixBirdsIII.FiniteMaps,formalization/foundations_vi_scaffold/lean/vendor/foundations/six-birds-foundations-iii/lean/full/SixBirdsIII/Defects.lean,1,formalization/foundations_vi_scaffold/lean/vendor/foundations/six-birds-foundations-iii/lean/full/SixBirdsIII/FiniteMaps.lean,LOCAL
SixBirdsIII.Defects,SixBirdsIII.Strictness,formalization/foundations_vi_scaffold/lean/vendor/foundations/six-birds-foundations-iii/lean/full/SixBirdsIII/Defects.lean,2,formalization/foundations_vi_scaffold/lean/vendor/foundations/six-birds-foundations-iii/lean/full/SixBirdsIII/Strictness.lean,LOCAL
SixBirdsIII.Definability,SixBirdsIII.FiniteMaps,formalization/foundations_vi_scaffold/lean/vendor/foundations/six-birds-foundations-iii/lean/full/SixBirdsIII/Definability.lean,1,formalization/foundations_vi_scaffold/lean/vendor/foundations/six-birds-foundations-iii/lean/full/SixBirdsIII/FiniteMaps.lean,LOCAL
SixBirdsIII.Domain,SixBirdsIII.Status,formalization/foundations_vi_scaffold/lean/vendor/foundations/six-birds-foundations-iii/lean/full/SixBirdsIII/Domain.lean,1,formalization/foundations_vi_scaffold/lean/vendor/foundations/six-birds-foundations-iii/lean/full/SixBirdsIII/Status.lean,LOCAL
SixBirdsIII.HighStructure,SixBirdsIII.FiniteMaps,formalization/foundations_vi_scaffold/lean/vendor/foundations/six-birds-foundations-iii/lean/full/SixBirdsIII/HighStructure.lean,1,formalization/foundations_vi_scaffold/lean/vendor/foundations/six-birds-foundations-iii/lean/full/SixBirdsIII/FiniteMaps.lean,LOCAL
SixBirdsIII.HighStructure,SixBirdsIII.CompletionExamples,formalization/foundations_vi_scaffold/lean/vendor/foundations/six-birds-foundations-iii/lean/full/SixBirdsIII/HighStructure.lean,2,formalization/foundations_vi_scaffold/lean/vendor/foundations/six-birds-foundations-iii/lean/full/SixBirdsIII/CompletionExamples.lean,LOCAL
SixBirdsIII.HighStructure,SixBirdsIII.Defects,formalization/foundations_vi_scaffold/lean/vendor/foundations/six-birds-foundations-iii/lean/full/SixBirdsIII/HighStructure.lean,3,formalization/foundations_vi_scaffold/lean/vendor/foundations/six-birds-foundations-iii/lean/full/SixBirdsIII/Defects.lean,LOCAL
SixBirdsIII.InstrumentClaims,SixBirdsIII.Status,formalization/foundations_vi_scaffold/lean/vendor/foundations/six-birds-foundations-iii/lean/full/SixBirdsIII/InstrumentClaims.lean,1,formalization/foundations_vi_scaffold/lean/vendor/foundations/six-birds-foundations-iii/lean/full/SixBirdsIII/Status.lean,LOCAL
SixBirdsIII.Mech0,SixBirdsIII.Records,formalization/foundations_vi_scaffold/lean/vendor/foundations/six-birds-foundations-iii/lean/full/SixBirdsIII/Mech0.lean,1,formalization/foundations_vi_scaffold/lean/vendor/foundations/six-birds-foundations-iii/lean/full/SixBirdsIII/Records.lean,LOCAL
SixBirdsIII.ModelRealizations,SixBirdsIII.Promotion,formalization/foundations_vi_scaffold/lean/vendor/foundations/six-birds-foundations-iii/lean/full/SixBirdsIII/ModelRealizations.lean,1,formalization/foundations_vi_scaffold/lean/vendor/foundations/six-birds-foundations-iii/lean/full/SixBirdsIII/Promotion.lean,LOCAL
SixBirdsIII.Promotion,SixBirdsIII.Defects,formalization/foundations_vi_scaffold/lean/vendor/foundations/six-birds-foundations-iii/lean/full/SixBirdsIII/Promotion.lean,1,formalization/foundations_vi_scaffold/lean/vendor/foundations/six-birds-foundations-iii/lean/full/SixBirdsIII/Defects.lean,LOCAL
SixBirdsIII.Promotion,SixBirdsIII.Status,formalization/foundations_vi_scaffold/lean/vendor/foundations/six-birds-foundations-iii/lean/full/SixBirdsIII/Promotion.lean,2,formalization/foundations_vi_scaffold/lean/vendor/foundations/six-birds-foundations-iii/lean/full/SixBirdsIII/Status.lean,LOCAL
SixBirdsIII.Records,SixBirdsIII.Domain,formalization/foundations_vi_scaffold/lean/vendor/foundations/six-birds-foundations-iii/lean/full/SixBirdsIII/Records.lean,1,formalization/foundations_vi_scaffold/lean/vendor/foundations/six-birds-foundations-iii/lean/full/SixBirdsIII/Domain.lean,LOCAL
SixBirdsIII.SemanticTests,SixBirdsIII.CoreInteraction,formalization/foundations_vi_scaffold/lean/vendor/foundations/six-birds-foundations-iii/lean/full/SixBirdsIII/SemanticTests.lean,1,formalization/foundations_vi_scaffold/lean/vendor/foundations/six-birds-foundations-iii/lean/full/SixBirdsIII/CoreInteraction.lean,LOCAL
SixBirdsIII.SemanticTests,SixBirdsIII.Defects,formalization/foundations_vi_scaffold/lean/vendor/foundations/six-birds-foundations-iii/lean/full/SixBirdsIII/SemanticTests.lean,2,formalization/foundations_vi_scaffold/lean/vendor/foundations/six-birds-foundations-iii/lean/full/SixBirdsIII/Defects.lean,LOCAL
SixBirdsIII.SemanticTests,SixBirdsIII.CompletionExamples,formalization/foundations_vi_scaffold/lean/vendor/foundations/six-birds-foundations-iii/lean/full/SixBirdsIII/SemanticTests.lean,3,formalization/foundations_vi_scaffold/lean/vendor/foundations/six-birds-foundations-iii/lean/full/SixBirdsIII/CompletionExamples.lean,LOCAL
SixBirdsIII.SemanticTests,SixBirdsIII.Definability,formalization/foundations_vi_scaffold/lean/vendor/foundations/six-birds-foundations-iii/lean/full/SixBirdsIII/SemanticTests.lean,4,formalization/foundations_vi_scaffold/lean/vendor/foundations/six-birds-foundations-iii/lean/full/SixBirdsIII/Definability.lean,LOCAL
SixBirdsIII.SemanticTests,SixBirdsIII.FiniteProbability,formalization/foundations_vi_scaffold/lean/vendor/foundations/six-birds-foundations-iii/lean/full/SixBirdsIII/SemanticTests.lean,5,formalization/foundations_vi_scaffold/lean/vendor/foundations/six-birds-foundations-iii/lean/full/SixBirdsIII/FiniteProbability.lean,LOCAL
SixBirdsIII.SemanticTests,SixBirdsIII.GraphCohomology,formalization/foundations_vi_scaffold/lean/vendor/foundations/six-birds-foundations-iii/lean/full/SixBirdsIII/SemanticTests.lean,6,formalization/foundations_vi_scaffold/lean/vendor/foundations/six-birds-foundations-iii/lean/full/SixBirdsIII/GraphCohomology.lean,LOCAL
SixBirdsIII.SemanticTests,SixBirdsIII.Promotion,formalization/foundations_vi_scaffold/lean/vendor/foundations/six-birds-foundations-iii/lean/full/SixBirdsIII/SemanticTests.lean,7,formalization/foundations_vi_scaffold/lean/vendor/foundations/six-birds-foundations-iii/lean/full/SixBirdsIII/Promotion.lean,LOCAL
SixBirdsIII.SemanticTests,SixBirdsIII.InstrumentClaims,formalization/foundations_vi_scaffold/lean/vendor/foundations/six-birds-foundations-iii/lean/full/SixBirdsIII/SemanticTests.lean,8,formalization/foundations_vi_scaffold/lean/vendor/foundations/six-birds-foundations-iii/lean/full/SixBirdsIII/InstrumentClaims.lean,LOCAL
SixBirdsIII.SemanticTests,SixBirdsIII.RotatingAudit,formalization/foundations_vi_scaffold/lean/vendor/foundations/six-birds-foundations-iii/lean/full/SixBirdsIII/SemanticTests.lean,9,formalization/foundations_vi_scaffold/lean/vendor/foundations/six-birds-foundations-iii/lean/full/SixBirdsIII/RotatingAudit.lean,LOCAL
SixBirdsIII.SemanticTests,SixBirdsIII.AbstractInterpretation,formalization/foundations_vi_scaffold/lean/vendor/foundations/six-birds-foundations-iii/lean/full/SixBirdsIII/SemanticTests.lean,10,formalization/foundations_vi_scaffold/lean/vendor/foundations/six-birds-foundations-iii/lean/full/SixBirdsIII/AbstractInterpretation.lean,LOCAL
SixBirdsIII.SemanticTests,SixBirdsIII.HighStructure,formalization/foundations_vi_scaffold/lean/vendor/foundations/six-birds-foundations-iii/lean/full/SixBirdsIII/SemanticTests.lean,11,formalization/foundations_vi_scaffold/lean/vendor/foundations/six-birds-foundations-iii/lean/full/SixBirdsIII/HighStructure.lean,LOCAL
SixBirdsIII.SemanticTests,SixBirdsIII.ModelRealizations,formalization/foundations_vi_scaffold/lean/vendor/foundations/six-birds-foundations-iii/lean/full/SixBirdsIII/SemanticTests.lean,12,formalization/foundations_vi_scaffold/lean/vendor/foundations/six-birds-foundations-iii/lean/full/SixBirdsIII/ModelRealizations.lean,LOCAL
SixBirdsIII.SemanticTests,SixBirdsIII.MechanizationFeasibility,formalization/foundations_vi_scaffold/lean/vendor/foundations/six-birds-foundations-iii/lean/full/SixBirdsIII/SemanticTests.lean,13,formalization/foundations_vi_scaffold/lean/vendor/foundations/six-birds-foundations-iii/lean/full/SixBirdsIII/MechanizationFeasibility.lean,LOCAL
SixBirdsIII.Status,SixBirdsIII.Basic,formalization/foundations_vi_scaffold/lean/vendor/foundations/six-birds-foundations-iii/lean/full/SixBirdsIII/Status.lean,1,formalization/foundations_vi_scaffold/lean/vendor/foundations/six-birds-foundations-iii/lean/full/SixBirdsIII/Basic.lean,LOCAL
SixBirdsIII.Strictness,SixBirdsIII.FiniteMaps,formalization/foundations_vi_scaffold/lean/vendor/foundations/six-birds-foundations-iii/lean/full/SixBirdsIII/Strictness.lean,1,formalization/foundations_vi_scaffold/lean/vendor/foundations/six-birds-foundations-iii/lean/full/SixBirdsIII/FiniteMaps.lean,LOCAL
SixBirdsIII.TopDownChannel,SixBirdsIII.Records,formalization/foundations_vi_scaffold/lean/vendor/foundations/six-birds-foundations-iii/lean/full/SixBirdsIII/TopDownChannel.lean,1,formalization/foundations_vi_scaffold/lean/vendor/foundations/six-birds-foundations-iii/lean/full/SixBirdsIII/Records.lean,LOCAL
SixBirdsMetaMath.FoundationsICompat,ClosureLadder,formalization/foundations_vi_scaffold/lean/vendor/foundations/six-birds-meta-math/lean/SixBirdsMetaMath/FoundationsICompat.lean,1,formalization/foundations_vi_scaffold/lean/vendor/foundations/six-birds-theory/formal/ClosureLadder.lean,LOCAL
SixBirdsMetaMath.FoundationsIV.Access.Adequacy,SixBirdsMetaMath.FoundationsIV.Access.Quotientality,formalization/foundations_vi_scaffold/lean/vendor/foundations/six-birds-meta-math/lean/SixBirdsMetaMath/FoundationsIV/Access/Adequacy.lean,1,formalization/foundations_vi_scaffold/lean/vendor/foundations/six-birds-meta-math/lean/SixBirdsMetaMath/FoundationsIV/Access/Quotientality.lean,LOCAL
SixBirdsMetaMath.FoundationsIV.Access.HiddennessNormalForm,SixBirdsMetaMath.FoundationsIV.Access.NoFreeDistinction,formalization/foundations_vi_scaffold/lean/vendor/foundations/six-birds-meta-math/lean/SixBirdsMetaMath/FoundationsIV/Access/HiddennessNormalForm.lean,1,formalization/foundations_vi_scaffold/lean/vendor/foundations/six-birds-meta-math/lean/SixBirdsMetaMath/FoundationsIV/Access/NoFreeDistinction.lean,LOCAL
SixBirdsMetaMath.FoundationsIV.Access.NoFreeDistinction,SixBirdsMetaMath.FoundationsIV.Access.Adequacy,formalization/foundations_vi_scaffold/lean/vendor/foundations/six-birds-meta-math/lean/SixBirdsMetaMath/FoundationsIV/Access/NoFreeDistinction.lean,1,formalization/foundations_vi_scaffold/lean/vendor/foundations/six-birds-meta-math/lean/SixBirdsMetaMath/FoundationsIV/Access/Adequacy.lean,LOCAL
SixBirdsMetaMath.FoundationsIV.Access.Quotientality,SixBirdsMetaMath.FoundationsIV.Stability.SufficiencyClosure,formalization/foundations_vi_scaffold/lean/vendor/foundations/six-birds-meta-math/lean/SixBirdsMetaMath/FoundationsIV/Access/Quotientality.lean,1,formalization/foundations_vi_scaffold/lean/vendor/foundations/six-birds-meta-math/lean/SixBirdsMetaMath/FoundationsIV/Stability/SufficiencyClosure.lean,LOCAL
SixBirdsMetaMath.FoundationsIV.SelfReferenceLimits.CommonSourceNonlocal,SixBirdsMetaMath.FoundationsIV.Transport.DescentRepair,formalization/foundations_vi_scaffold/lean/vendor/foundations/six-birds-meta-math/lean/SixBirdsMetaMath/FoundationsIV/SelfReferenceLimits/CommonSourceNonlocal.lean,1,formalization/foundations_vi_scaffold/lean/vendor/foundations/six-birds-meta-math/lean/SixBirdsMetaMath/FoundationsIV/Transport/DescentRepair.lean,LOCAL
SixBirdsMetaMath.FoundationsIV.SelfReferenceLimits.InformationLoss,SixBirdsMetaMath.FoundationsIV.Transport.DescentRepair,formalization/foundations_vi_scaffold/lean/vendor/foundations/six-birds-meta-math/lean/SixBirdsMetaMath/FoundationsIV/SelfReferenceLimits/InformationLoss.lean,1,formalization/foundations_vi_scaffold/lean/vendor/foundations/six-birds-meta-math/lean/SixBirdsMetaMath/FoundationsIV/Transport/DescentRepair.lean,LOCAL
SixBirdsMetaMath.FoundationsIV.Stability.NoNeedles,SixBirdsMetaMath.Main.LayerDissolving,formalization/foundations_vi_scaffold/lean/vendor/foundations/six-birds-meta-math/lean/SixBirdsMetaMath/FoundationsIV/Stability/NoNeedles.lean,1,formalization/foundations_vi_scaffold/lean/vendor/foundations/six-birds-meta-math/lean/SixBirdsMetaMath/Main/LayerDissolving.lean,LOCAL
SixBirdsMetaMath.FoundationsIV.Stability.SufficiencyClosure,SixBirdsMetaMath.FoundationsIV.Transport.DescentRepair,formalization/foundations_vi_scaffold/lean/vendor/foundations/six-birds-meta-math/lean/SixBirdsMetaMath/FoundationsIV/Stability/SufficiencyClosure.lean,1,formalization/foundations_vi_scaffold/lean/vendor/foundations/six-birds-meta-math/lean/SixBirdsMetaMath/FoundationsIV/Transport/DescentRepair.lean,LOCAL
SixBirdsMetaMath.FoundationsIV.StatusRecordsCoherence.ConservationAsOrbitDescent,SixBirdsMetaMath.FoundationsIV.Transport.DescentRepair,formalization/foundations_vi_scaffold/lean/vendor/foundations/six-birds-meta-math/lean/SixBirdsMetaMath/FoundationsIV/StatusRecordsCoherence/ConservationAsOrbitDescent.lean,1,formalization/foundations_vi_scaffold/lean/vendor/foundations/six-birds-meta-math/lean/SixBirdsMetaMath/FoundationsIV/Transport/DescentRepair.lean,LOCAL
SixBirdsMetaMath.FoundationsIV.StatusRecordsCoherence.ObjectPersistence,SixBirdsMetaMath.FoundationsIV.Transport.DescentRepair,formalization/foundations_vi_scaffold/lean/vendor/foundations/six-birds-meta-math/lean/SixBirdsMetaMath/FoundationsIV/StatusRecordsCoherence/ObjectPersistence.lean,1,formalization/foundations_vi_scaffold/lean/vendor/foundations/six-birds-meta-math/lean/SixBirdsMetaMath/FoundationsIV/Transport/DescentRepair.lean,LOCAL
SixBirdsMetaMath.FoundationsIV.Symmetry.Anomaly,SixBirdsMetaMath.FoundationsIV.Stability.SufficiencyClosure,formalization/foundations_vi_scaffold/lean/vendor/foundations/six-birds-meta-math/lean/SixBirdsMetaMath/FoundationsIV/Symmetry/Anomaly.lean,1,formalization/foundations_vi_scaffold/lean/vendor/foundations/six-birds-meta-math/lean/SixBirdsMetaMath/FoundationsIV/Stability/SufficiencyClosure.lean,LOCAL
SixBirdsMetaMath.FoundationsIV.Symmetry.Anomaly,SixBirdsMetaMath.FoundationsIV.Transport.LocalGlobalObstruction,formalization/foundations_vi_scaffold/lean/vendor/foundations/six-birds-meta-math/lean/SixBirdsMetaMath/FoundationsIV/Symmetry/Anomaly.lean,2,formalization/foundations_vi_scaffold/lean/vendor/foundations/six-birds-meta-math/lean/SixBirdsMetaMath/FoundationsIV/Transport/LocalGlobalObstruction.lean,LOCAL
SixBirdsMetaMath.ImportedFoundations,ClosureLadder,formalization/foundations_vi_scaffold/lean/vendor/foundations/six-birds-meta-math/lean/SixBirdsMetaMath/ImportedFoundations.lean,1,formalization/foundations_vi_scaffold/lean/vendor/foundations/six-birds-theory/formal/ClosureLadder.lean,LOCAL
SixBirdsMetaMath.ImportedFoundations,SixBirds,formalization/foundations_vi_scaffold/lean/vendor/foundations/six-birds-meta-math/lean/SixBirdsMetaMath/ImportedFoundations.lean,2,formalization/foundations_vi_scaffold/lean/vendor/foundations/six-birds-foundations-ii/lean/full/SixBirds.lean,LOCAL
SixBirdsMetaMath.ImportedFoundations,SixBirdsIII,formalization/foundations_vi_scaffold/lean/vendor/foundations/six-birds-meta-math/lean/SixBirdsMetaMath/ImportedFoundations.lean,3,formalization/foundations_vi_scaffold/lean/vendor/foundations/six-birds-foundations-iii/lean/full/SixBirdsIII.lean,LOCAL
SixBirdsMetaMath.Main.LayerDissolving,SixBirdsMetaMath.Main.LegalQuotient,formalization/foundations_vi_scaffold/lean/vendor/foundations/six-birds-meta-math/lean/SixBirdsMetaMath/Main/LayerDissolving.lean,1,formalization/foundations_vi_scaffold/lean/vendor/foundations/six-birds-meta-math/lean/SixBirdsMetaMath/Main/LegalQuotient.lean,LOCAL
SixBirdsMetaMath.Main.LayerDissolving,SixBirdsMetaMath.Main.XiInterface,formalization/foundations_vi_scaffold/lean/vendor/foundations/six-birds-meta-math/lean/SixBirdsMetaMath/Main/LayerDissolving.lean,2,formalization/foundations_vi_scaffold/lean/vendor/foundations/six-birds-meta-math/lean/SixBirdsMetaMath/Main/XiInterface.lean,LOCAL
SixBirdsMetaMath.Main.LayerDissolving,SixBirdsMetaMath.Xi.AdequacyResidual,formalization/foundations_vi_scaffold/lean/vendor/foundations/six-birds-meta-math/lean/SixBirdsMetaMath/Main/LayerDissolving.lean,3,formalization/foundations_vi_scaffold/lean/vendor/foundations/six-birds-meta-math/lean/SixBirdsMetaMath/Xi/AdequacyResidual.lean,LOCAL
SixBirdsMetaMath.Main.LegalQuotient,SixBirdsMetaMath.Terminology,formalization/foundations_vi_scaffold/lean/vendor/foundations/six-birds-meta-math/lean/SixBirdsMetaMath/Main/LegalQuotient.lean,1,formalization/foundations_vi_scaffold/lean/vendor/foundations/six-birds-meta-math/lean/SixBirdsMetaMath/Terminology.lean,LOCAL
SixBirdsMetaMath.Main.XiInterface,SixBirdsMetaMath.Main.LegalQuotient,formalization/foundations_vi_scaffold/lean/vendor/foundations/six-birds-meta-math/lean/SixBirdsMetaMath/Main/XiInterface.lean,1,formalization/foundations_vi_scaffold/lean/vendor/foundations/six-birds-meta-math/lean/SixBirdsMetaMath/Main/LegalQuotient.lean,LOCAL
SixBirdsMetaMath.Main.XiInterface,SixBirdsMetaMath.Xi.AdequacyResidual,formalization/foundations_vi_scaffold/lean/vendor/foundations/six-birds-meta-math/lean/SixBirdsMetaMath/Main/XiInterface.lean,2,formalization/foundations_vi_scaffold/lean/vendor/foundations/six-birds-meta-math/lean/SixBirdsMetaMath/Xi/AdequacyResidual.lean,LOCAL
SixBirdsMetaMath.Terminology,SixBirdsMetaMath.ImportedFoundations,formalization/foundations_vi_scaffold/lean/vendor/foundations/six-birds-meta-math/lean/SixBirdsMetaMath/Terminology.lean,1,formalization/foundations_vi_scaffold/lean/vendor/foundations/six-birds-meta-math/lean/SixBirdsMetaMath/ImportedFoundations.lean,LOCAL
SixBirdsMetaMath.Terminology,SixBirdsMetaMath.FoundationsICompat,formalization/foundations_vi_scaffold/lean/vendor/foundations/six-birds-meta-math/lean/SixBirdsMetaMath/Terminology.lean,2,formalization/foundations_vi_scaffold/lean/vendor/foundations/six-birds-meta-math/lean/SixBirdsMetaMath/FoundationsICompat.lean,LOCAL
SixBirdsMetaMath.Xi.AdequacyResidual,SixBirdsMetaMath.Main.LegalQuotient,formalization/foundations_vi_scaffold/lean/vendor/foundations/six-birds-meta-math/lean/SixBirdsMetaMath/Xi/AdequacyResidual.lean,1,formalization/foundations_vi_scaffold/lean/vendor/foundations/six-birds-meta-math/lean/SixBirdsMetaMath/Main/LegalQuotient.lean,LOCAL
