no_go_id,name,source_claim,source_location,carrier,hypotheses,conclusion,source_statement_tex,expanded_statement_tex,rules_out,does_not_rule_out,escape_route,formalization,review_status
NG_ARROW_DPI,NG_ARROW_DPI,P032-C0005,source/papers/Tsiokos_2026_Six_Birds_No_Go_Theorems_for_Audited_Emergence.tex:L367-L369; derived/expanded/Tsiokos_2026_Six_Birds_No_Go_Theorems_for_Audited_Emergence.tex:L367-L369,finite micro path law and its deterministic pointwise observation on a fixed horizon,"[""Let mu∈Delta(X) , let P:X×X→[0,1] be row-stochastic, and let T 1 . Define the micro path law on X^ T+1 by P^ (T) _ mu,P (x_ 0:T )=mu(x_0) _ t=0 ^ T-1 P(x_t,x_ t+1 ). Let rev_T(x_ 0:T )=(x_T, ,x_0) and let :X→Y be deterministic with pointwise extension ^ (T) (x_ 0:T )=( (x_0), , (x_T))""]","KLBig(( ^ (T) )_ # P^ (T) _ mu,P \ Big\|\ (rev_T)_ # ( ^ (T) )_ # P^ (T) _ mu,P Big)\ \ KLBig(P^ (T) _ mu,P \ Big\|\ (rev_T)_ # P^ (T) _ mu,P Big)","\label{thm:NG_ARROW_DPI}
\ThmStmtNGARROWDPI","\label{thm:NG_ARROW_DPI}
Let $\mu\in\Delta(\mathsf{X})$, let $P:\mathsf{X}\times\mathsf{X}\to[0,1]$ be row-stochastic, and let $T\ge 1$. Define the micro path law on $\mathsf{X}^{T+1}$ by \[\mathbf{P}^{(T)}_{\mu,P}(x_{0:T})=\mu(x_0)\prod_{t=0}^{T-1}P(x_t,x_{t+1}).\] Let $\mathrm{rev}_T(x_{0:T})=(x_T,\dots,x_0)$ and let $\ell:\mathsf{X}\to\mathsf{Y}$ be deterministic with pointwise extension $\ell^{(T)}(x_{0:T})=(\ell(x_0),\dots,\ell(x_T))$. Then \[\mathrm{KL}\!\Big((\ell^{(T)})_{\#}\mathbf{P}^{(T)}_{\mu,P}\ \Big\|\ (\mathrm{rev}_T)_{\#}(\ell^{(T)})_{\#}\mathbf{P}^{(T)}_{\mu,P}\Big)\ \le\ \mathrm{KL}\!\Big(\mathbf{P}^{(T)}_{\mu,P}\ \Big\|\ (\mathrm{rev}_T)_{\#}\mathbf{P}^{(T)}_{\mu,P}\Big).\]
",increasing forward/reverse path-space KL by an honest deterministic coarse-graining,"stochastic observation, fitted proxy macro models, changed dynamics, or genuine microscopic nonreversibility","Leave deterministic honest pushforward; use stochastic observation or fitted/proxy macro models, or introduce genuine micro nonreversibility.","{""adapter_declarations"": [], ""added_trust_base"": [], ""caveats"": [""The no-go source theorem remains authoritative; absence of a local correspondence is not evidence of falsehood.""], ""exact_conclusion_match"": null, ""exact_hypothesis_match"": null, ""inherited_trust_base"": [], ""machine_check_status"": ""NOT_APPLICABLE_OR_NOT_RUN"", ""paper_reported_declarations"": [], ""source_declarations"": [], ""source_match_status"": ""NO_MATCH"", ""source_modules"": [], ""statement_delta"": [""No imported declaration was identified for the no-go paper's deterministic data-processing inequality for arrow audits.""], ""target_declarations"": []}",STEP2_EXACT_SCOPE_AND_ESCAPE_RECORDED
NG_PROTOCOL_TRAP,NG_PROTOCOL_TRAP,P032-C0007,source/papers/Tsiokos_2026_Six_Birds_No_Go_Theorems_for_Audited_Emergence.tex:L379-L381; derived/expanded/Tsiokos_2026_Six_Birds_No_Go_Theorems_for_Audited_Emergence.tex:L379-L381,"finite stationary reversible autonomous lifted Markov chain, including hidden protocol coordinates","[""Let be finite, let P: × →[0,1] be row-stochastic, and let pi be a stationary distribution satisfying detailed balance pi(x) P(x,x')= pi(x') P(x',x) for all x,x'∈""]","for every horizon T 1 , (rev_T)_ # P^ (T) _ pi, P =P^ (T) _ pi, P implies KLBig(P^ (T) _ pi, P \ Big\|\ (rev_T)_ # P^ (T) _ pi, P Big)=0. Moreover, for every deterministic observation : →Y , KLBig(( ^ (T) )_ # P^ (T) _ pi, P \ Big\|\ (rev_T)_ # ( ^ (T) )_ # P^ (T) _ pi, P Big)=0","\label{thm:NG_PROTOCOL_TRAP}
\ThmStmtNGPROTOCOLTRAP","\label{thm:NG_PROTOCOL_TRAP}
Let $\tilde\mathsf{X}$ be finite, let $\tilde P: \tilde\mathsf{X}\times\tilde\mathsf{X}\to[0,1]$ be row-stochastic, and let $\tilde\pi$ be a stationary distribution satisfying detailed balance $\tilde\pi(x)\tilde P(x,x')=\tilde\pi(x')\tilde P(x',x)$ for all $x,x'\in\tilde\mathsf{X}$. Then for every horizon $T\ge 1$, \[ (\mathrm{rev}_T)_{\#}\mathbf{P}^{(T)}_{\tilde\pi,\tilde P}=\mathbf{P}^{(T)}_{\tilde\pi,\tilde P} \qquad\Rightarrow\qquad \mathrm{KL}\!\Big(\mathbf{P}^{(T)}_{\tilde\pi,\tilde P}\ \Big\|\ (\mathrm{rev}_T)_{\#}\mathbf{P}^{(T)}_{\tilde\pi,\tilde P}\Big)=0.\] Moreover, for every deterministic observation $\ell:\tilde\mathsf{X}\to\mathsf{Y}$, \[ \mathrm{KL}\!\Big((\ell^{(T)})_{\#}\mathbf{P}^{(T)}_{\tilde\pi,\tilde P}\ \Big\|\ (\mathrm{rev}_T)_{\#}(\ell^{(T)})_{\#}\mathbf{P}^{(T)}_{\tilde\pi,\tilde P}\Big)=0.\]
",obtaining a positive micro or observed arrow solely from an autonomous reversible protocol loop,"external scheduling, nonstationarity, broken detailed balance, or genuinely driven lifted dynamics","Drop stationarity or reversibility, use external scheduling, or introduce genuinely driven lifted dynamics.","{""adapter_declarations"": [], ""added_trust_base"": [], ""caveats"": [""Finite examples and audit tests do not replace the source theorem's exact hypotheses.""], ""exact_conclusion_match"": null, ""exact_hypothesis_match"": null, ""inherited_trust_base"": [], ""machine_check_status"": ""NOT_APPLICABLE_OR_NOT_RUN"", ""paper_reported_declarations"": [], ""source_declarations"": [], ""source_match_status"": ""NO_MATCH"", ""source_modules"": [], ""statement_delta"": [""No imported declaration was identified for the protocol/schedule trap theorem.""], ""target_declarations"": []}",STEP2_EXACT_SCOPE_AND_ESCAPE_RECORDED
NG_FORCE_FOREST,NG_FORCE_FOREST,P032-C0009,source/papers/Tsiokos_2026_Six_Birds_No_Go_Theorems_for_Audited_Emergence.tex:L391-L393; derived/expanded/Tsiokos_2026_Six_Birds_No_Go_Theorems_for_Audited_Emergence.tex:L391-L393,finite undirected forest with an antisymmetric edge field on exact support,"[""Let G=(V,E) be a finite undirected forest. Let a be an antisymmetric function on oriented edges, so that a(u,v)=-a(v,u) and a(u,v)=0 whenever \\ u,v\\ E""]","there exists a potential phi:V→R such that for every oriented edge (u,v) , a(u,v)=phi(v)-phi(u)","\label{thm:NG_FORCE_FOREST}
\ThmStmtNGFORCEFOREST","\label{thm:NG_FORCE_FOREST}
Let $G=(V,E)$ be a finite undirected forest. Let $a$ be an antisymmetric function on oriented edges, so that $a(u,v)=-a(v,u)$ and $a(u,v)=0$ whenever $\{u,v\}\notin E$. Then there exists a potential $\phi:V\to\mathbb{R}$ such that for every oriented edge $(u,v)$, \[ a(u,v)=\phi(v)-\phi(u).\]
",a nontrivial cycle obstruction on forest support,graphs with positive cycle rank or thresholded/regularized proxy supports,Use support with positive cycle rank or change the exact support notion; thresholded proxy graphs are outside scope.,"{""adapter_declarations"": [], ""added_trust_base"": [], ""caveats"": [""Treat this as a reusable core lemma only after an explicit carrier and sign-convention adapter.""], ""exact_conclusion_match"": false, ""exact_hypothesis_match"": false, ""inherited_trust_base"": [], ""machine_check_status"": ""STATIC_INDEX_AND_IMPORT_RESOLUTION_ONLY; LOCAL_LEAN_KERNEL_NOT_RUN"", ""paper_reported_declarations"": [], ""source_declarations"": [""SixBirdsIII.forest_no_drive""], ""source_match_status"": ""PRIOR_SCAFFOLD_CORE_CORRESPONDENCE_REQUIRES_STATEMENT_AUDIT"", ""source_modules"": [""SixBirdsIII.GraphCohomology""], ""statement_delta"": [""The imported theorem proves the abstract forest/no-cycle drive core. It is not certified identical to the no-go paper's potential-representation statement on its declared force carrier.""], ""target_declarations"": []}",STEP2_EXACT_SCOPE_AND_ESCAPE_RECORDED
NG_FORCE_NULL,NG_FORCE_NULL,P032-C0011,source/papers/Tsiokos_2026_Six_Birds_No_Go_Theorems_for_Audited_Emergence.tex:L403-L405; derived/expanded/Tsiokos_2026_Six_Birds_No_Go_Theorems_for_Audited_Emergence.tex:L403-L405,finite graph carrying an exact antisymmetric edge form,"[""Assume a(u,v)=phi(v)-phi(u) on oriented edges of a finite graph""]","for every closed walk v_0, ,v_k=v_0 , _ i=0 ^ k-1 a(v_i,v_ i+1 ) = 0","\label{thm:NG_FORCE_NULL}
\ThmStmtNGFORCENULL","\label{thm:NG_FORCE_NULL}
Assume $a(u,v)=\phi(v)-\phi(u)$ on oriented edges of a finite graph. Then for every closed walk $v_0,\dots,v_k=v_0$, \[ \sum_{i=0}^{k-1} a(v_i,v_{i+1}) = 0.\]
",nonzero circulation on a closed walk for an exact form,nonexact forms or altered approximate/thresholded support notions,Break exactness or replace exact bidirected support with a thresholded/regularized proxy.,"{""adapter_declarations"": [], ""added_trust_base"": [], ""caveats"": [""Do not infer the full no-go theorem from the declaration name alone.""], ""exact_conclusion_match"": false, ""exact_hypothesis_match"": false, ""inherited_trust_base"": [], ""machine_check_status"": ""STATIC_INDEX_AND_IMPORT_RESOLUTION_ONLY; LOCAL_LEAN_KERNEL_NOT_RUN"", ""paper_reported_declarations"": [], ""source_declarations"": [""SixBirdsIII.exact_form_null_drive""], ""source_match_status"": ""PRIOR_SCAFFOLD_CORE_CORRESPONDENCE_REQUIRES_STATEMENT_AUDIT"", ""source_modules"": [""SixBirdsIII.GraphCohomology""], ""statement_delta"": [""The imported theorem proves null drive for an exact graph 1-form. Exact equality with the no-go paper's force-normalization statement still requires a typed adapter.""], ""target_declarations"": []}",STEP2_EXACT_SCOPE_AND_ESCAPE_RECORDED
NG_MACRO_CLOSURE_DEFICIT,NG_MACRO_CLOSURE_DEFICIT,P032-C0013,source/papers/Tsiokos_2026_Six_Birds_No_Go_Theorems_for_Audited_Emergence.tex:L415-L417; derived/expanded/Tsiokos_2026_Six_Birds_No_Go_Theorems_for_Audited_Emergence.tex:L415-L417,"finite Markov chain, deterministic package, fixed lag, and KL-scored macro kernel family","[""Let (X,P) be a finite Markov chain, let mu∈Delta(X) , let Pi:X→Y be deterministic, and fix tau 1 . For each x∈X , define the packaged future law p_x^ (tau) (y') := Pr_ mu,P [Pi(X_ t+tau )=y' X_t=x]. For a candidate macro kernel K:Y×Y→[0,1] , define L_tau(K) := _ x∈ X mu(x) KL (p_x^ (tau) K_ Pi(x) ). Define the closure deficit by CD_tau(Pi) := I (X_t;Pi(X_ t+tau ) | Pi(X_t) ). Then the kernel K^ _y(y') := Pr_ mu,P [Pi(X_ t+tau )=y' Pi(X_t)=y] satisfies CD_tau(Pi)= _K L_tau(K)=L_tau(K^ ). Moreove…""]",CD_tau(Pi)>0,"\label{thm:NG_MACRO_CLOSURE_DEFICIT}
\ThmStmtNGMACROCLOSUREDEFICIT","\label{thm:NG_MACRO_CLOSURE_DEFICIT}
Let $(\mathsf{X},P)$ be a finite Markov chain, let $\mu\in\Delta(\mathsf{X})$, let $\Pi:\mathsf{X}\to\mathsf{Y}$ be deterministic, and fix $\tau\ge 1$. For each $x\in\mathsf{X}$, define the packaged future law \[ p_x^{(\tau)}(y') := \Pr_{\mu,P}[\Pi(X_{t+\tau})=y' \mid X_t=x].\] For a candidate macro kernel $K:\mathsf{Y}\times\mathsf{Y}\to[0,1]$, define \[ \mathcal{L}_\tau(K) := \sum_{x\in \mathsf{X}} \mu(x)\,\mathrm{KL}\!\big(p_x^{(\tau)} \mid K_{\Pi(x)}\big).\] Define the closure deficit by \[ \mathrm{CD}_\tau(\Pi) := I\!\big(X_t;\Pi(X_{t+\tau})\,\big|\,\Pi(X_t)\big).\] Then the kernel \[ K^\star_y(y') := \Pr_{\mu,P}[\Pi(X_{t+\tau})=y' \mid \Pi(X_t)=y] \] satisfies \[ \mathrm{CD}_\tau(\Pi)=\min_K \mathcal{L}_\tau(K)=\mathcal{L}_\tau(K^\star).\] Moreover, if there exist $x,x'\in\mathsf{X}$ with $\Pi(x)=\Pi(x')$, $\mu(x)>0$, $\mu(x')>0$, and $p_x^{(\tau)}\neq p_{x'}^{(\tau)}$, then $\mathrm{CD}_\tau(\Pi)>0$.
",exact macro closure when same-package microstates have distinct packaged future laws,"changing the package, lag, dynamics, or using a fitted macro kernel as a diagnostic proxy","Change package, lag, or dynamics, or accept a fitted macro kernel only as a diagnostic proxy.","{""adapter_declarations"": [], ""added_trust_base"": [], ""caveats"": [""Reuse requires an explicit identification of probability objects, conditional-information convention, and minimization domain.""], ""exact_conclusion_match"": false, ""exact_hypothesis_match"": false, ""inherited_trust_base"": [], ""machine_check_status"": ""STATIC_INDEX_AND_IMPORT_RESOLUTION_ONLY; LOCAL_LEAN_KERNEL_NOT_RUN"", ""paper_reported_declarations"": [], ""source_declarations"": [""SixBirdsIII.finite_markov_closure_deficit""], ""source_match_status"": ""PRIOR_SCAFFOLD_CORE_CORRESPONDENCE_REQUIRES_STATEMENT_AUDIT"", ""source_modules"": [""SixBirdsIII.FiniteProbability""], ""statement_delta"": [""The imported theorem provides the abstract finite closure-deficit/minimization core. The no-go paper's full Markov/KL construction and admissible macroscopic class are not certified identical.""], ""target_declarations"": []}",STEP2_EXACT_SCOPE_AND_ESCAPE_RECORDED
NG_OBJECT_CONTRACTIVE,NG_OBJECT_CONTRACTIVE,P032-C0015,source/papers/Tsiokos_2026_Six_Birds_No_Go_Theorems_for_Audited_Emergence.tex:L427-L429; derived/expanded/Tsiokos_2026_Six_Birds_No_Go_Theorems_for_Audited_Emergence.tex:L427-L429,finite stochastic matrix in a strict Dobrushin-contractive regime,"[""Let P be a stochastic matrix on finite Y . Let T_P:Delta(Y)→Delta(Y) be the operator nu↦ nu P , and let lambda(P) be the Dobrushin contraction coefficient in total variation. Assume lambda(P)<1 . If nu,nu'∈Delta(Y) satisfy the -stability bounds TV(nu,nu P) , TV(nu',nu'P)""]","TV(nu,nu') 2 1-lambda(P) . In particular, if =0 , the stationary distribution is unique","\label{thm:NG_OBJECT_CONTRACTIVE}
\ThmStmtNGOBJECTCONTRACTIVE","\label{thm:NG_OBJECT_CONTRACTIVE}
Let $P$ be a stochastic matrix on finite $\mathsf{Y}$. Let $T_P:\Delta(\mathsf{Y})\to\Delta(\mathsf{Y})$ be the operator $\nu\mapsto \nu P$, and let $\lambda(P)$ be the Dobrushin contraction coefficient in total variation. Assume $\lambda(P)<1$. If $\nu,\nu'\in\Delta(\mathsf{Y})$ satisfy the $\varepsilon$-stability bounds \[ \mathrm{TV}(\nu,\nu P)\le \varepsilon, \qquad \mathrm{TV}(\nu',\nu'P)\le \varepsilon,\] then \[ \mathrm{TV}(\nu,\nu') \le \frac{2\varepsilon}{1-\lambda(P)}.\] In particular, if $\varepsilon=0$, the stationary distribution is unique.
",widely separated epsilon-stable distributions and multiple exact stationary distributions,noncontractive regimes or heuristic clustering not represented by stationary distributions,Move to a noncontractive regime; clustering heuristics are outside theorem evidence.,"{""adapter_declarations"": [], ""added_trust_base"": [], ""caveats"": [""Contraction uniqueness is not by itself the complete object-formation no-go statement.""], ""exact_conclusion_match"": false, ""exact_hypothesis_match"": false, ""inherited_trust_base"": [], ""machine_check_status"": ""NOT_APPLICABLE_OR_NOT_RUN"", ""paper_reported_declarations"": [], ""source_declarations"": [], ""source_match_status"": ""PAPER_DISCLOSED_ASSET_NOT_IMPORTED"", ""source_modules"": [], ""statement_delta"": [""The source paper discloses a narrower contraction/uniqueness supplement, but no dedicated local declaration for the complete no-go theorem is present in the imported scaffold.""], ""target_declarations"": []}",STEP2_EXACT_SCOPE_AND_ESCAPE_RECORDED
NG_LADDER_IDEM,NG_LADDER_IDEM,P032-C0017,source/papers/Tsiokos_2026_Six_Birds_No_Go_Theorems_for_Audited_Emergence.tex:L439-L441; derived/expanded/Tsiokos_2026_Six_Birds_No_Go_Theorems_for_Audited_Emergence.tex:L439-L441,a fixed idempotent endomap on a fixed state/package space,"[""Let e:S→ S satisfy e e=e""]","for all integers n 1 , e^ n =e","\label{thm:NG_LADDER_IDEM}
\ThmStmtNGLADDERIDEM","\label{thm:NG_LADDER_IDEM}
Let $e:S\to S$ satisfy $e\circ e=e$. Then for all integers $n\ge 1$, \[ e^{\circ n}=e.\]
",an infinite or multi-step strict ladder generated by iterating that same idempotent map,"operator change, package/interface growth, or non-idempotent updates",Change operator class or package; non-idempotent updates and interface/theory growth are outside scope.,"{""adapter_declarations"": [], ""added_trust_base"": [], ""caveats"": [""This correspondence does not mechanize the entire no-go chapter or its escape-route analysis.""], ""exact_conclusion_match"": false, ""exact_hypothesis_match"": false, ""inherited_trust_base"": [], ""machine_check_status"": ""STATIC_INDEX_AND_IMPORT_RESOLUTION_ONLY; LOCAL_LEAN_KERNEL_NOT_RUN"", ""paper_reported_declarations"": [], ""source_declarations"": [""SixBirdsIII.idempotent_saturation""], ""source_match_status"": ""MATCHED_IMPORTED_ABSTRACT_CORE_DECLARATION"", ""source_modules"": [""SixBirdsIII.Completion""], ""statement_delta"": [""The imported theorem gives the pointwise idempotent-saturation core. The no-go paper's exact ladder vocabulary and scope remain source-controlled.""], ""target_declarations"": []}",STEP2_EXACT_SCOPE_AND_ESCAPE_RECORDED
NG_LADDER_BOUNDED_INTERFACE,NG_LADDER_BOUNDED_INTERFACE,P032-C0019,source/papers/Tsiokos_2026_Six_Birds_No_Go_Theorems_for_Audited_Emergence.tex:L451-L453; derived/expanded/Tsiokos_2026_Six_Birds_No_Go_Theorems_for_Audited_Emergence.tex:L451-L453,a fixed deterministic finite-image interface and its definable Boolean predicates,"[""Let f:X→Y be deterministic with finite image im(f) . Define Def(f):=\\ g f : g:Y→\\ 0,1\\ \\""]","|Def(f)| = 2^ |im(f)| . Consequently, if |im(f)|<∈fty , there is no infinite strictly increasing sequence of pairwise distinct f -definable predicates","\label{thm:NG_LADDER_BOUNDED_INTERFACE}
\ThmStmtNGLADDERBOUNDEDINTERFACE","\label{thm:NG_LADDER_BOUNDED_INTERFACE}
Let $f:\mathsf{X}\to\mathsf{Y}$ be deterministic with finite image $\mathrm{im}(f)$. Define \[ \mathrm{Def}(f):=\{g\circ f : g:\mathsf{Y}\to\{0,1\}\}.\] Then \[ |\mathrm{Def}(f)| = 2^{|\mathrm{im}(f)|}.\] Consequently, if $|\mathrm{im}(f)|<\infty$, there is no infinite strictly increasing sequence of pairwise distinct $f$-definable predicates.
",an infinite strict definability ladder inside that fixed finite interface,"growth of the lens, domain, package, or interface image","Grow the lens, domain, or package; fixed finite interfaces must stabilize.","{""adapter_declarations"": [], ""added_trust_base"": [], ""caveats"": [""An adapter must expose the exact interface family, cardinality bound, and strict-chain notion.""], ""exact_conclusion_match"": false, ""exact_hypothesis_match"": false, ""inherited_trust_base"": [], ""machine_check_status"": ""STATIC_INDEX_AND_IMPORT_RESOLUTION_ONLY; LOCAL_LEAN_KERNEL_NOT_RUN"", ""paper_reported_declarations"": [], ""source_declarations"": [""SixBirdsIII.fixed_interface_definability_bound""], ""source_match_status"": ""PRIOR_SCAFFOLD_CORE_CORRESPONDENCE_REQUIRES_STATEMENT_AUDIT"", ""source_modules"": [""SixBirdsIII.Definability""], ""statement_delta"": [""The imported theorem gives a fixed-interface definability bound. It does not, without further finite-cardinality and iteration lemmas, establish the no-go paper's full bounded-interface ladder theorem.""], ""target_declarations"": []}",STEP2_EXACT_SCOPE_AND_ESCAPE_RECORDED
