no_go_id,name,candidate_ids,failure_scenario,escape_or_positive_scenario,hypotheses,conclusion_grade,escape_routes,nonclaims
NGVII-01,No first extension without seed or reachable generator,"[""VII-C003"", ""VII-C035""]",TTW-S01,TTW-S02,Only the typed conditions recorded in the associated candidate dossier and finite scenario.,CANDIDATE_SCOPED_NO_GO_NOT_YET_PROVED,"The positive/escape scenario supplies the missing seed, source, budget, bridge, drive, or occurrence witness.",No universal impossibility beyond the declared carrier/family.
NGVII-02,No resemblance-only independence-sensitive join,"[""VII-C009"", ""VII-C010""]",TTW-S05,TTW-S08,Only the typed conditions recorded in the associated candidate dossier and finite scenario.,CANDIDATE_SCOPED_NO_GO_NOT_YET_PROVED,"The positive/escape scenario supplies the missing seed, source, budget, bridge, drive, or occurrence witness.",No universal impossibility beyond the declared carrier/family.
NGVII-03,No retrospective self-certification,"[""VII-C006""]",TTW-S04,TTW-S03,Only the typed conditions recorded in the associated candidate dossier and finite scenario.,CANDIDATE_SCOPED_NO_GO_NOT_YET_PROVED,"The positive/escape scenario supplies the missing seed, source, budget, bridge, drive, or occurrence witness.",No universal impossibility beyond the declared carrier/family.
NGVII-04,No automatic total-lens transfer,"[""VII-C005"", ""VII-C020""]",TTW-S23,TTW-S08,Only the typed conditions recorded in the associated candidate dossier and finite scenario.,CANDIDATE_SCOPED_NO_GO_NOT_YET_PROVED,"The positive/escape scenario supplies the missing seed, source, budget, bridge, drive, or occurrence witness.",No universal impossibility beyond the declared carrier/family.
NGVII-05,No unpriced observer-native formation credit,"[""VII-C029""]",TTW-S22,TTW-S02,Only the typed conditions recorded in the associated candidate dossier and finite scenario.,CANDIDATE_SCOPED_NO_GO_NOT_YET_PROVED,"The positive/escape scenario supplies the missing seed, source, budget, bridge, drive, or occurrence witness.",No universal impossibility beyond the declared carrier/family.
NGVII-06,No join from contact alone,"[""VII-C007"", ""VII-C008""]",TTW-S06,TTW-S08,Only the typed conditions recorded in the associated candidate dossier and finite scenario.,CANDIDATE_SCOPED_NO_GO_NOT_YET_PROVED,"The positive/escape scenario supplies the missing seed, source, budget, bridge, drive, or occurrence witness.",No universal impossibility beyond the declared carrier/family.
NGVII-07,No product/common-refinement strictness credit,"[""VII-C009""]",TTW-S07,TTW-S08,Only the typed conditions recorded in the associated candidate dossier and finite scenario.,CANDIDATE_SCOPED_NO_GO_NOT_YET_PROVED,"The positive/escape scenario supplies the missing seed, source, budget, bridge, drive, or occurrence witness.",No universal impossibility beyond the declared carrier/family.
NGVII-08,No one-lineage source-independence credit,"[""VII-C010""]",TTW-S05,TTW-S08,Only the typed conditions recorded in the associated candidate dossier and finite scenario.,CANDIDATE_SCOPED_NO_GO_NOT_YET_PROVED,"The positive/escape scenario supplies the missing seed, source, budget, bridge, drive, or occurrence witness.",No universal impossibility beyond the declared carrier/family.
NGVII-09,No positive-cost join credit without payment or certified zero-cost channel,"[""VII-C011"", ""VII-C035""]",TTW-S10,TTW-S08,Only the typed conditions recorded in the associated candidate dossier and finite scenario.,CANDIDATE_SCOPED_NO_GO_NOT_YET_PROVED,"The positive/escape scenario supplies the missing seed, source, budget, bridge, drive, or occurrence witness.",No universal impossibility beyond the declared carrier/family.
NGVII-10,No arrow from holonomy alone,"[""VII-C017"", ""VII-C032""]",TTW-S17,TTW-S18,Only the typed conditions recorded in the associated candidate dossier and finite scenario.,CANDIDATE_SCOPED_NO_GO_NOT_YET_PROVED,"The positive/escape scenario supplies the missing seed, source, budget, bridge, drive, or occurrence witness.",No universal impossibility beyond the declared carrier/family.
NGVII-11,No occurrence from reachability alone,"[""VII-C021""]",TTW-S20,TTW-S21,Only the typed conditions recorded in the associated candidate dossier and finite scenario.,CANDIDATE_SCOPED_NO_GO_NOT_YET_PROVED,"The positive/escape scenario supplies the missing seed, source, budget, bridge, drive, or occurrence witness.",No universal impossibility beyond the declared carrier/family.
