convergence_group,group_title,group_scope,request_ids,candidate_ids,disposition,inherited_law_ids,supporting_claim_ids,boundary_claim_ids,open_problem_ids,inherited_core,anti_duplication_ruling,new_vii_obligation,birdint_available,deferred_or_blocked
CG01,Domain founding and status ladder,"Accessible-domain founding, width, and the separation of expressible, present, reachable, and occurrent.","[""ARC-H1"", ""ARC-H8"", ""MM-STATUS""]","[""VII-C001""]",INHERITED_CORE_PLUS_NEW_VII,"[""F15a"", ""F20"", ""NG_FORCE_NULL"", ""NG_LADDER_BOUNDED_INTERFACE"", ""NG_MACRO_CLOSURE_DEFICIT"", ""E2"", ""E5"", ""F21"", ""F4"", ""F45"", ""NG_OBJECT_CONTRACTIVE"", ""E3"", ""E4"", ""E8"", ""F2"", ""F9"", ""NG_ARROW_DPI""]","[""P028-C0047"", ""P032-C0034"", ""P030-C0115"", ""P028-C0045"", ""P030-C0004"", ""P028-C0016"", ""P028-C0009"", ""P011-C0004"", ""P004-C0008"", ""P028-C0057"", ""P004-C0011"", ""P034-C0025"", ""P028-C0084"", ""P004-C0027"", ""P034-C0024"", ""P030-C0015"", ""P028-C0039"", ""P030-C0036"", ""P030-C0025"", ""P030-C0030"", ""P011-C0028"", ""P009-C0010"", ""P030-C0045"", ""P011-C0027"", ""P030-C0027"", ""P028-C0029"", ""P030-C0009"", ""P011-C0016""]","[""P032-C0019"", ""P032-C0013"", ""P028-C0103"", ""P034-C0054"", ""P034-C0049"", ""P011-C0042"", ""P030-C0114"", ""P032-C0011"", ""P030-C0111"", ""P030-C0055"", ""P004-C0030"", ""P032-C0015"", ""P034-C0055"", ""P011-C0029"", ""P032-C0005"", ""P004-C0033"", ""P011-C0002"", ""P030-C0122""]","[""P028-C0099"", ""P030-C0056"", ""P030-C0120"", ""P030-C0075"", ""P030-C0061"", ""P030-C0059""]","The prior corpus supplies 28 supporting claim records, 18 explicit boundaries, 6 open obligations, and the linked law/no-go set F15a, F20, NG_FORCE_NULL, NG_LADDER_BOUNDED_INTERFACE, NG_MACRO_CLOSURE_DEFICIT, E2, E5, F21, F4, F45, NG_OBJECT_CONTRACTIVE, E3, E4, E8, F2, F9, NG_ARROW_DPI.","Do not redescribe inherited quotient-relative access, adequacy, or fixed-interface saturation as VII novelties.","Resolve only the remainder stated by the group's scope: Accessible-domain founding, width, and the separation of expressible, present, reachable, and occurrent.",false,No critical source blocker; theorem proof remains future work.
CG02,Admission kinds and lawful domain transition,"Typed admission mechanisms, retraction/rollback, and the difference between well-formed and substrate-admissible operations.","[""ARC-H2"", ""ARC-H7"", ""CLD-D3""]","[""VII-C002""]",INHERITED_CORE_PLUS_NEW_VII,"[""E3"", ""E8"", ""E15"", ""F20"", ""F3"", ""F9""]","[""P027-C0112"", ""P030-C0009"", ""P027-C0102"", ""P003-C0001"", ""P030-C0027"", ""P027-C0077"", ""P027-C0101"", ""P030-C0046"", ""P003-C0029"", ""P003-C0031"", ""P027-C0033"", ""P030-C0015"", ""P003-C0013"", ""P030-C0076"", ""P027-C0074"", ""P027-C0005"", ""P030-C0007"", ""P027-C0025"", ""P008-C0003"", ""P027-C0078"", ""P027-C0083"", ""P027-C0073"", ""P027-C0003"", ""P027-C0001"", ""P030-C0008""]","[""P026-C0028"", ""P026-C0187"", ""P026-C0034"", ""P026-C0253"", ""P026-C0025"", ""P026-C0275"", ""P030-C0114"", ""P008-C0008"", ""P003-C0053"", ""P045-C0008"", ""P045-C0002"", ""P027-C0105"", ""P027-C0049"", ""P008-C0004"", ""P008-C0002"", ""P027-C0117"", ""P027-C0086"", ""P027-C0115"", ""P030-C0055"", ""P026-C0020""]","[""P030-C0120"", ""P027-C0122"", ""P003-C0014"", ""P003-C0021"", ""P026-C0131"", ""P030-C0056"", ""P026-C0285"", ""P026-C0219"", ""P030-C0061""]","The prior corpus supplies 25 supporting claim records, 20 explicit boundaries, 9 open obligations, and the linked law/no-go set E3, E8, E15, F20, F3, F9.","Do not identify a rule, mathematical operation, executable substrate transition, and occurred event.","Resolve only the remainder stated by the group's scope: Typed admission mechanisms, retraction/rollback, and the difference between well-formed and substrate-admissible operations.",false,No critical source blocker; theorem proof remains future work.
CG03,"Bootstrap, seeding, and no-free access","First-extension obstruction, minimum seeds, neutral provisioning, capability expressivity, and anti-smuggling of access.","[""ARC-H3"", ""ARC-H4"", ""ARC-NG1"", ""MM-BOOT"", ""MM-SEED"", ""MM-NG1"", ""MED-S4""]","[""VII-C003"", ""VII-C004"", ""VII-C035""]",INHERITED_CORE_PLUS_NEW_VII,"[""NG_ARROW_DPI"", ""NG_MACRO_CLOSURE_DEFICIT"", ""NG_OBJECT_CONTRACTIVE"", ""F12"", ""F3"", ""F15b"", ""F20"", ""NG_FORCE_NULL"", ""F13a"", ""F22"", ""NG_LADDER_BOUNDED_INTERFACE"", ""NG_LADDER_IDEM"", ""F6"", ""F13b"", ""F46"", ""NG_FORCE_FOREST""]","[""P031-C0021"", ""P031-C0011"", ""P031-C0003"", ""P031-C0007"", ""P031-C0017"", ""P031-C0010"", ""P011-C0031"", ""P031-C0013"", ""P004-C0019"", ""P034-C0001"", ""P028-C0008"", ""P028-C0011"", ""P028-C0014"", ""P034-C0028"", ""P031-C0016"", ""P011-C0024"", ""P028-C0036"", ""P028-C0034"", ""P011-C0004"", ""P028-C0094"", ""P028-C0095"", ""P031-C0115"", ""P028-C0057"", ""P004-C0001"", ""P028-C0040"", ""P031-C0095"", ""P028-C0048"", ""P004-C0011"", ""P034-C0039"", ""P004-C0016"", ""P034-C0040"", ""P028-C0062"", ""P034-C0027"", ""P028-C0004"", ""P031-C0055"", ""P028-C0017"", ""P028-C0046"", ""P028-C0056"", ""P028-C0006"", ""P004-C0027"", ""P028-C0024"", ""P031-C0027"", ""P031-C0070"", ""P011-C0015"", ""P011-C0013"", ""P031-C0068"", ""P031-C0066"", ""P028-C0085"", ""P031-C0049"", ""P028-C0020"", ""P031-C0012"", ""P011-C0028"", ""P031-C0020"", ""P011-C0006"", ""P011-C0017"", ""P028-C0009"", ""P031-C0028"", ""P031-C0051"", ""P031-C0057"", ""P032-C0031""]","[""P034-C0004"", ""P004-C0030"", ""P032-C0005"", ""P032-C0015"", ""P032-C0013"", ""P031-C0079"", ""P028-C0018"", ""P011-C0002"", ""P034-C0054"", ""P034-C0049"", ""P034-C0047"", ""P034-C0046"", ""P034-C0041"", ""P028-C0101"", ""P028-C0060"", ""P028-C0061"", ""P004-C0002"", ""P032-C0011"", ""P004-C0032"", ""P028-C0059"", ""P004-C0033"", ""P032-C0019"", ""P032-C0017"", ""P034-C0053"", ""P034-C0055"", ""P028-C0002"", ""P034-C0003"", ""P034-C0050"", ""P004-C0031"", ""P032-C0009""]","[""P031-C0080"", ""P031-C0082"", ""P028-C0099"", ""P031-C0081"", ""P028-C0098""]","The prior corpus supplies 60 supporting claim records, 30 explicit boundaries, 5 open obligations, and the linked law/no-go set NG_ARROW_DPI, NG_MACRO_CLOSURE_DEFICIT, NG_OBJECT_CONTRACTIVE, F12, F3, F15b, F20, NG_FORCE_NULL, F13a, F22, NG_LADDER_BOUNDED_INTERFACE, NG_LADDER_IDEM, F6, F13b, F46, NG_FORCE_FOREST.",Reuse existing no-free-distinction and repair-generator obstructions; add only the admission/bootstrap specialization.,"Resolve only the remainder stated by the group's scope: First-extension obstruction, minimum seeds, neutral provisioning, capability expressivity, and anti-smuggling of access.",false,No critical source blocker; theorem proof remains future work.
CG04,Prospective commitment and temporal admissibility,"Preregistered admission, timing, finite commitment budgets, and prohibition of retrospectively self-certifying predictions.","[""ARC-H6"", ""ARC-H22"", ""ARC-NG3"", ""ARC-H27""]","[""VII-C006""]",INHERITED_CORE_PLUS_NEW_VII,"[""E10"", ""E11"", ""E13"", ""E16"", ""E8"", ""G1"", ""E2"", ""E4"", ""F10"", ""F19"", ""F2"", ""F21"", ""F27"", ""F3"", ""F4"", ""F6"", ""F7"", ""F9"", ""G13"", ""G6"", ""G9"", ""E1"", ""E12"", ""E5"", ""F12"", ""F17"", ""F40"", ""G11"", ""G7"", ""E6"", ""F11"", ""F13a"", ""F34""]","[""P030-C0098"", ""P030-C0097"", ""P030-C0015"", ""P030-C0051"", ""P030-C0106"", ""P030-C0102"", ""P030-C0069"", ""P030-C0057"", ""P030-C0046"", ""P029-C0011"", ""P029-C0022"", ""P030-C0050"", ""P030-C0030"", ""P030-C0025"", ""P029-C0027"", ""P030-C0066"", ""P029-C0018"", ""P030-C0026"", ""P029-C0004"", ""P030-C0021"", ""P030-C0009"", ""P030-C0007"", ""P030-C0036"", ""P029-C0025"", ""P030-C0060"", ""P029-C0019"", ""P030-C0005"", ""P030-C0039"", ""P030-C0022"", ""P051-C0004"", ""P029-C0001""]","[""P030-C0111"", ""P029-C0005"", ""P054-C0004"", ""P030-C0082"", ""P051-C0015"", ""P042-C0002"", ""P030-C0114"", ""P030-C0122"", ""P030-C0055"", ""P030-C0123"", ""P051-C0011"", ""P051-C0003"", ""P030-C0124""]","[""P029-C0032"", ""P029-C0031"", ""P030-C0056"", ""P030-C0120"", ""P030-C0075"", ""P029-C0029"", ""P030-C0061"", ""P030-C0059""]","The prior corpus supplies 31 supporting claim records, 13 explicit boundaries, 8 open obligations, and the linked law/no-go set E10, E11, E13, E16, E8, G1, E2, E4, F10, F19, F2, F21, F27, F3, F4, F6, F7, F9, G13, G6, G9, E1, E12, E5, F12, F17, F40, G11, G7, E6, F11, F13a, F34.",Do not call retrospective fit prospective commitment.,"Resolve only the remainder stated by the group's scope: Preregistered admission, timing, finite commitment budgets, and prohibition of retrospectively self-certifying predictions.",false,No critical source blocker; theorem proof remains future work.
CG05,Partial access and non-transfer from common origin,"Shared origin does not establish shared access, and total-lens results do not transfer automatically to partial self-owned domains.","[""ARC-H5"", ""ARC-NG4""]","[""VII-C005""]",INHERITED_CORE_PLUS_NEW_VII,"[""F26"", ""F37"", ""F47"", ""F49"", ""F51"", ""F14""]","[""P028-C0089"", ""P026-C0108"", ""P026-C0111"", ""P049-C0001"", ""P026-C0006"", ""P028-C0088"", ""P026-C0276"", ""P026-C0001"", ""P026-C0009"", ""P026-C0077"", ""P026-C0221"", ""P028-C0006"", ""P028-C0043"", ""P011-C0033"", ""P026-C0123"", ""P026-C0104""]","[""P026-C0194"", ""P026-C0230"", ""P023-C0003"", ""P011-C0003"", ""P028-C0010"", ""P026-C0189"", ""P026-C0112"", ""P026-C0109"", ""P049-C0016"", ""P028-C0100"", ""P011-C0044"", ""P026-C0101"", ""P026-C0047""]","[""P026-C0197"", ""P026-C0277"", ""P026-C0219"", ""P049-C0020"", ""P026-C0208"", ""P026-C0114"", ""P028-C0099"", ""P026-C0285""]","The prior corpus supplies 16 supporting claim records, 13 explicit boundaries, 8 open obligations, and the linked law/no-go set F26, F37, F47, F49, F51, F14.",Do not transfer total-lens or common-source results to partial shared access without a bridge.,"Resolve only the remainder stated by the group's scope: Shared origin does not establish shared access, and total-lens results do not transfer automatically to partial self-owned domains.",true,No critical source blocker; theorem proof remains future work.
CG06,Join entry and record normal form,"Minimum typed records, licensing controls, contact surfaces, and pending states required to enter a join calculus.","[""ARC-H9"", ""CLD-O2"", ""MM-JOINNF"", ""MED-D1"", ""MED-I5""]","[""VII-C007"", ""VII-C035""]",INHERITED_CORE_PLUS_NEW_VII,[],"[""P026-C0001"", ""P021-C0005"", ""P003-C0040"", ""P026-C0200"", ""P021-C0024"", ""P022-C0007"", ""P026-C0269"", ""P003-C0027"", ""P021-C0009"", ""P003-C0031"", ""P003-C0032"", ""P003-C0033"", ""P021-C0007"", ""P003-C0030"", ""P022-C0012"", ""P003-C0034"", ""P008-C0014"", ""P016-C0008"", ""P026-C0221"", ""P008-C0009"", ""P008-C0018"", ""P003-C0029"", ""P026-C0276"", ""P021-C0008"", ""P021-C0001"", ""P026-C0188"", ""P016-C0006"", ""P022-C0001"", ""P008-C0001"", ""P008-C0010"", ""P008-C0011"", ""P026-C0061"", ""P008-C0020"", ""P022-C0006"", ""P016-C0009"", ""P026-C0100""]","[""P026-C0194"", ""P026-C0230"", ""P026-C0023"", ""P026-C0196"", ""P026-C0267"", ""P026-C0154"", ""P026-C0224"", ""P026-C0207"", ""P022-C0009"", ""P003-C0046"", ""P026-C0205"", ""P022-C0010"", ""P003-C0019"", ""P026-C0228"", ""P026-C0229"", ""P026-C0038"", ""P026-C0039"", ""P026-C0264"", ""P026-C0274"", ""P026-C0189"", ""P026-C0115"", ""P026-C0044"", ""P026-C0033"", ""P021-C0012"", ""P008-C0022"", ""P016-C0010"", ""P022-C0011""]","[""P026-C0155"", ""P026-C0197"", ""P003-C0021"", ""P026-C0285"", ""P026-C0219"", ""P026-C0239"", ""P026-C0277"", ""P026-C0208"", ""P003-C0014"", ""P026-C0113""]","The prior corpus supplies 36 supporting claim records, 27 explicit boundaries, 10 open obligations, and the linked law/no-go set none explicitly tagged.",Do not treat record completeness as join existence.,"Resolve only the remainder stated by the group's scope: Minimum typed records, licensing controls, contact surfaces, and pending states required to enter a join calculus.",true,No critical source blocker; theorem proof remains future work.
CG07,"Join existence, obstruction, and certified non-interaction","Existence criteria, obstruction taxonomies, join statuses, no-common-package cases, and attribution of failure.","[""ARC-H10"", ""ARC-H21"", ""CLD-A1"", ""CLD-E3"", ""MED-D2"", ""MED-T3"", ""MED-T7""]","[""VII-C008"", ""VII-C033""]",INHERITED_CORE_PLUS_NEW_VII,"[""NG_FORCE_FOREST"", ""NG_FORCE_NULL"", ""NG_LADDER_BOUNDED_INTERFACE"", ""NG_OBJECT_CONTRACTIVE"", ""NG_PROTOCOL_TRAP"", ""F13b"", ""F19"", ""F3"", ""F33"", ""F6"", ""F7"", ""NG_LADDER_IDEM"", ""NG_MACRO_CLOSURE_DEFICIT"", ""F36"", ""F17"", ""F51"", ""F18"", ""F52"", ""F37"", ""F40""]","[""P048-C0007"", ""P015-C0009"", ""P028-C0009"", ""P015-C0019"", ""P048-C0005"", ""P048-C0003"", ""P028-C0007"", ""P028-C0040"", ""P015-C0017"", ""P015-C0007"", ""P015-C0010"", ""P016-C0001"", ""P028-C0006"", ""P022-C0006"", ""P032-C0002"", ""P032-C0036"", ""P028-C0026"", ""P028-C0004"", ""P028-C0019"", ""P028-C0036"", ""P028-C0072"", ""P028-C0055"", ""P028-C0020"", ""P028-C0024"", ""P028-C0037"", ""P048-C0019"", ""P015-C0006"", ""P022-C0012"", ""P015-C0005"", ""P028-C0077"", ""P015-C0011"", ""P016-C0005"", ""P022-C0005"", ""P028-C0091"", ""P016-C0008"", ""P016-C0009"", ""P022-C0007"", ""P028-C0053"", ""P028-C0056"", ""P016-C0012"", ""P028-C0054"", ""P028-C0093"", ""P048-C0021"", ""P028-C0078"", ""P015-C0003"", ""P028-C0049"", ""P015-C0008""]","[""P022-C0009"", ""P016-C0010"", ""P028-C0021"", ""P032-C0011"", ""P032-C0009"", ""P032-C0019"", ""P032-C0007"", ""P032-C0015"", ""P016-C0002"", ""P028-C0018"", ""P028-C0061"", ""P022-C0011"", ""P015-C0020"", ""P028-C0002"", ""P015-C0022"", ""P032-C0017"", ""P032-C0013"", ""P048-C0032"", ""P028-C0030"", ""P016-C0011""]","[""P028-C0099"", ""P028-C0098""]","The prior corpus supplies 47 supporting claim records, 20 explicit boundaries, 2 open obligations, and the linked law/no-go set NG_FORCE_FOREST, NG_FORCE_NULL, NG_LADDER_BOUNDED_INTERFACE, NG_OBJECT_CONTRACTIVE, NG_PROTOCOL_TRAP, F13b, F19, F3, F33, F6, F7, NG_LADDER_IDEM, NG_MACRO_CLOSURE_DEFICIT, F36, F17, F51, F18, F52, F37, F40.",Do not call an obstruction taxonomy complete without proof.,"Resolve only the remainder stated by the group's scope: Existence criteria, obstruction taxonomies, join statuses, no-common-package cases, and attribution of failure.",false,No critical source blocker; theorem proof remains future work.
CG08,Strict joint novelty and anti-manufacture,"Anti-product witnesses, strictness over parents, and no manufacture of joint content by relabeling or undeclared operations.","[""ARC-H11"", ""CLD-A4"", ""CLD-E2"", ""MED-T1"", ""MED-NG1""]","[""VII-C009"", ""VII-C035"", ""VII-C036""]",INHERITED_CORE_PLUS_NEW_VII,"[""F51"", ""F24"", ""F14"", ""F6"", ""F8"", ""F37"", ""F11"", ""F13b"", ""F20"", ""F29"", ""F46""]","[""P003-C0031"", ""P016-C0009"", ""P037-C0042"", ""P022-C0005"", ""P003-C0041"", ""P028-C0091"", ""P003-C0029"", ""P021-C0009"", ""P037-C0045"", ""P037-C0014"", ""P028-C0022"", ""P014-C0040"", ""P003-C0030"", ""P021-C0024"", ""P014-C0018"", ""P021-C0006"", ""P014-C0011"", ""P014-C0010"", ""P014-C0012"", ""P037-C0020"", ""P028-C0008"", ""P028-C0043"", ""P028-C0024"", ""P003-C0012"", ""P003-C0013"", ""P028-C0028"", ""P037-C0032"", ""P028-C0035"", ""P028-C0056"", ""P028-C0006"", ""P016-C0005"", ""P028-C0042"", ""P028-C0078"", ""P028-C0020"", ""P014-C0006"", ""P028-C0057"", ""P028-C0040"", ""P028-C0013"", ""P022-C0008"", ""P028-C0085"", ""P028-C0068""]","[""P037-C0044"", ""P037-C0007"", ""P003-C0044"", ""P037-C0022"", ""P021-C0028"", ""P003-C0051"", ""P003-C0047"", ""P003-C0045"", ""P037-C0013"", ""P003-C0019"", ""P037-C0043"", ""P037-C0009"", ""P037-C0048"", ""P014-C0020"", ""P003-C0049"", ""P037-C0034"", ""P037-C0036"", ""P037-C0047"", ""P037-C0033"", ""P037-C0016"", ""P037-C0015"", ""P037-C0004"", ""P003-C0017"", ""P016-C0010"", ""P021-C0017"", ""P022-C0009"", ""P014-C0033"", ""P003-C0042""]","[""P014-C0003"", ""P037-C0008"", ""P014-C0048"", ""P003-C0014"", ""P003-C0021"", ""P028-C0099"", ""P037-C0035"", ""P037-C0049"", ""P037-C0038""]","The prior corpus supplies 41 supporting claim records, 28 explicit boundaries, 9 open obligations, and the linked law/no-go set F51, F24, F14, F6, F8, F37, F11, F13b, F20, F29, F46.",Do not collapse product/composite formation into strict novelty.,"Resolve only the remainder stated by the group's scope: Anti-product witnesses, strictness over parents, and no manufacture of joint content by relabeling or undeclared operations.",false,No critical source blocker; theorem proof remains future work.
CG09,Source independence and native parent evidence,"Ancestry independence, native versus bridged records, and controls against same-lineage or common-source fake joins.","[""ARC-H12"", ""ARC-NG2"", ""MM-INDEP"", ""MM-NG2"", ""MED-NG2"", ""MED-S1""]","[""VII-C004"", ""VII-C005"", ""VII-C010""]",INHERITED_CORE_PLUS_NEW_VII,"[""E1"", ""E10"", ""E13"", ""E14"", ""E16"", ""F10"", ""F11"", ""F12"", ""F13a"", ""F17"", ""F19"", ""F2"", ""F20"", ""F21"", ""F25"", ""F3"", ""F31"", ""F6"", ""F7"", ""F8"", ""F9"", ""E4"", ""E9"", ""E15"", ""E12"", ""E2""]","[""P030-C0014"", ""P030-C0102"", ""P044-C0015"", ""P030-C0007"", ""P030-C0050"", ""P030-C0069"", ""P044-C0001"", ""P030-C0073"", ""P030-C0003"", ""P030-C0021"", ""P030-C0048"", ""P030-C0032"", ""P030-C0018"", ""P013-C0024"", ""P026-C0108"", ""P030-C0071"", ""P030-C0030"", ""P030-C0023"", ""P030-C0031"", ""P030-C0098"", ""P030-C0097"", ""P030-C0095"", ""P026-C0045"", ""P030-C0066"", ""P030-C0005"", ""P030-C0072"", ""P030-C0091"", ""P026-C0278"", ""P030-C0077"", ""P030-C0106"", ""P030-C0080"", ""P030-C0001"", ""P013-C0036"", ""P030-C0004"", ""P026-C0183"", ""P030-C0115"", ""P030-C0089"", ""P013-C0019"", ""P030-C0022"", ""P030-C0016"", ""P030-C0025"", ""P030-C0060""]","[""P026-C0207"", ""P026-C0115"", ""P026-C0044"", ""P026-C0033"", ""P026-C0030"", ""P026-C0264"", ""P026-C0154"", ""P026-C0043"", ""P026-C0194"", ""P026-C0230"", ""P026-C0101"", ""P030-C0110"", ""P013-C0016"", ""P026-C0263"", ""P026-C0256"", ""P026-C0165"", ""P026-C0161"", ""P026-C0035"", ""P026-C0060"", ""P026-C0052"", ""P030-C0117"", ""P049-C0017"", ""P049-C0009"", ""P026-C0255"", ""P026-C0249"", ""P026-C0025"", ""P030-C0082"", ""P030-C0108""]","[""P030-C0059"", ""P030-C0056"", ""P030-C0120"", ""P013-C0037"", ""P026-C0285"", ""P026-C0197"", ""P026-C0252"", ""P013-C0004"", ""P049-C0020"", ""P026-C0107"", ""P013-C0033"", ""P044-C0011"", ""P026-C0284"", ""P026-C0209"", ""P026-C0277"", ""P026-C0131"", ""P026-C0219""]","The prior corpus supplies 42 supporting claim records, 28 explicit boundaries, 17 open obligations, and the linked law/no-go set E1, E10, E13, E14, E16, F10, F11, F12, F13a, F17, F19, F2, F20, F21, F25, F3, F31, F6, F7, F8, F9, E4, E9, E15, E12, E2.",Do not collapse behavioral nonfactorization into ancestry/source independence.,"Resolve only the remainder stated by the group's scope: Ancestry independence, native versus bridged records, and controls against same-lineage or common-source fake joins.",true,No critical source blocker; theorem proof remains future work.
CG10,"Join currency, payment, and resource bounds","Join cost, cross-costs, confluence prices, zero-cost no-gos, and finite bounds on simultaneously live joins.","[""ARC-H13"", ""CLD-A3"", ""CLD-E1"", ""MM-OP1"", ""MED-NG4"", ""MED-NG5""]","[""VII-C011"", ""VII-C029"", ""VII-C035""]",INHERITED_CORE_PLUS_NEW_VII,"[""E6"", ""E8"", ""F11"", ""F12"", ""F27"", ""F6"", ""F9"", ""G1"", ""E16"", ""F19"", ""G9"", ""F4"", ""G13"", ""E13"", ""E2"", ""F10"", ""F2"", ""F21"", ""F7"", ""G2"", ""E11"", ""E14"", ""E4"", ""F13a"", ""F20"", ""F3"", ""G5"", ""E1"", ""E12"", ""F17"", ""F37"", ""G12""]","[""P004-C0019"", ""P004-C0010"", ""P004-C0014"", ""P029-C0028"", ""P030-C0005"", ""P004-C0016"", ""P030-C0039"", ""P030-C0010"", ""P029-C0011"", ""P030-C0045"", ""P029-C0022"", ""P030-C0098"", ""P030-C0097"", ""P030-C0011"", ""P004-C0004"", ""P004-C0006"", ""P042-C0009"", ""P004-C0001"", ""P029-C0027"", ""P042-C0007"", ""P004-C0005"", ""P029-C0013"", ""P054-C0001"", ""P030-C0040"", ""P030-C0025"", ""P030-C0042"", ""P030-C0066"", ""P030-C0105"", ""P030-C0015"", ""P030-C0057"", ""P030-C0073"", ""P029-C0016"", ""P030-C0030"", ""P030-C0113"", ""P030-C0046"", ""P029-C0026"", ""P030-C0060"", ""P030-C0026"", ""P030-C0021""]","[""P054-C0004"", ""P004-C0033"", ""P004-C0030"", ""P004-C0032"", ""P029-C0006"", ""P029-C0005"", ""P030-C0082"", ""P042-C0002"", ""P030-C0111"", ""P030-C0114"", ""P030-C0124"", ""P030-C0123"", ""P030-C0122"", ""P029-C0002""]","[""P029-C0012"", ""P029-C0029"", ""P029-C0032"", ""P030-C0056"", ""P029-C0031"", ""P030-C0120"", ""P030-C0075"", ""P030-C0061"", ""P030-C0059"", ""P030-C0047"", ""P030-C0043""]","The prior corpus supplies 39 supporting claim records, 14 explicit boundaries, 11 open obligations, and the linked law/no-go set E6, E8, F11, F12, F27, F6, F9, G1, E16, F19, G9, F4, G13, E13, E2, F10, F2, F21, F7, G2, E11, E14, E4, F13a, F20, F3, G5, E1, E12, F17, F37, G12.",Do not assume one scalar currency or zero cost by omission.,"Resolve only the remainder stated by the group's scope: Join cost, cross-costs, confluence prices, zero-cost no-gos, and finite bounds on simultaneously live joins.",false,No critical source blocker; theorem proof remains future work.
CG11,"Contact modes, peer transport, and interaction without join","Rendezvous, local contact, sequential transport, shared carriers/budgets, and middle states short of joint objecthood.","[""ARC-H19"", ""ARC-H20"", ""MM-LOCAL"", ""MM-OP3"", ""MED-D3"", ""MED-T4""]","[""VII-C016""]",INHERITED_CORE_PLUS_NEW_VII,"[""F26"", ""F27"", ""F47"", ""F48"", ""F50"", ""F51"", ""F34""]","[""P012-C0010"", ""P048-C0007"", ""P025-C0009"", ""P016-C0001"", ""P016-C0012"", ""P049-C0008"", ""P016-C0008"", ""P025-C0015"", ""P012-C0006"", ""P012-C0001"", ""P048-C0012"", ""P048-C0019"", ""P048-C0018"", ""P048-C0003"", ""P025-C0016"", ""P025-C0010"", ""P048-C0013"", ""P048-C0026"", ""P048-C0016"", ""P012-C0011"", ""P012-C0004"", ""P048-C0021"", ""P016-C0005"", ""P012-C0009"", ""P025-C0001"", ""P049-C0011"", ""P048-C0005"", ""P025-C0017"", ""P049-C0013"", ""P025-C0012"", ""P025-C0003"", ""P012-C0003"", ""P012-C0020"", ""P012-C0019"", ""P025-C0007"", ""P012-C0005"", ""P025-C0008""]","[""P012-C0021"", ""P012-C0017"", ""P016-C0011"", ""P012-C0016"", ""P016-C0010"", ""P025-C0019"", ""P016-C0002"", ""P048-C0032"", ""P049-C0006"", ""P049-C0024"", ""P049-C0018"", ""P049-C0014"", ""P049-C0012"", ""P049-C0005"", ""P016-C0003""]","[""P049-C0020"", ""P025-C0002"", ""P025-C0021"", ""P049-C0019"", ""P049-C0007"", ""P025-C0020""]","The prior corpus supplies 37 supporting claim records, 15 explicit boundaries, 6 open obligations, and the linked law/no-go set F26, F27, F47, F48, F50, F51, F34.","Do not collapse peer transport, contact, and joint theory formation.","Resolve only the remainder stated by the group's scope: Rendezvous, local contact, sequential transport, shared carriers/budgets, and middle states short of joint objecthood.",false,No critical source blocker; theorem proof remains future work.
CG12,Categorical reduction of join,"Whether and under what hypotheses the interaction join reduces to a product, pullback, or related categorical construction.","[""CLD-A2""]","[""VII-C026""]",DEFERRED,"[""F13a"", ""F2"", ""F3"", ""F34"", ""G1"", ""G10"", ""G2"", ""G5""]","[""P048-C0001"", ""P048-C0012"", ""P029-C0024"", ""P029-C0011"", ""P012-C0010"", ""P029-C0016"", ""P029-C0013"", ""P025-C0001"", ""P048-C0019"", ""P048-C0018""]","[""P012-C0017"", ""P033-C0002"", ""P012-C0021"", ""P025-C0019"", ""P012-C0016"", ""P051-C0015"", ""P029-C0033"", ""P029-C0008""]","[""P029-C0009"", ""P029-C0012"", ""P029-C0032"", ""P029-C0031"", ""P025-C0002""]","The prior corpus supplies 10 supporting claim records, 8 explicit boundaries, 5 open obligations, and the linked law/no-go set F13a, F2, F3, F34, G1, G10, G2, G5.",Do not import categorical language before objects and morphisms are fixed.,"Resolve only the remainder stated by the group's scope: Whether and under what hypotheses the interaction join reduces to a product, pullback, or related categorical construction.",false,Explicitly deferred
CG13,"Parent refinement, retention, and descent through join",Whether parent refinement destroys joins and which laws/records survive or are lost after joining.,"[""MED-T2"", ""MED-T6""]","[""VII-C030""]",INHERITED_CORE_PLUS_NEW_VII,"[""F34"", ""F2""]","[""P037-C0041"", ""P037-C0045"", ""P037-C0019"", ""P022-C0001"", ""P016-C0006"", ""P022-C0006"", ""P049-C0013"", ""P037-C0014"", ""P022-C0012"", ""P016-C0001"", ""P028-C0001"", ""P016-C0004"", ""P028-C0033"", ""P037-C0040"", ""P037-C0003"", ""P016-C0012"", ""P037-C0042""]","[""P037-C0013"", ""P037-C0043"", ""P037-C0009"", ""P037-C0048"", ""P037-C0044"", ""P022-C0009"", ""P016-C0011"", ""P037-C0004"", ""P037-C0017"", ""P037-C0046"", ""P037-C0022""]","[""P037-C0025"", ""P037-C0008"", ""P049-C0020"", ""P049-C0019"", ""P049-C0007"", ""P037-C0024"", ""P037-C0035"", ""P037-C0027""]","The prior corpus supplies 17 supporting claim records, 11 explicit boundaries, 8 open obligations, and the linked law/no-go set F34, F2.",Do not claim full retention after erasure or partial projection.,Resolve only the remainder stated by the group's scope: Whether parent refinement destroys joins and which laws/records survive or are lost after joining.,false,No critical source blocker; theorem proof remains future work.
CG14,"Enablement definition, attribution, and endogeny","Enablement versus descent/causation, who performs closure, endogenous execution, necessary-but-insufficient enabling, and observer certification.","[""ARC-H14"", ""ARC-H15"", ""CLD-O3"", ""CLD-C1"", ""CLD-C2"", ""CLD-C3"", ""MED-B3""]","[""VII-C012"", ""VII-C013"", ""VII-C034""]",INHERITED_CORE_PLUS_NEW_VII,"[""F13a"", ""F13b"", ""F42""]","[""P030-C0001"", ""P005-C0054"", ""P005-C0042"", ""P005-C0016"", ""P005-C0056"", ""P005-C0027"", ""P005-C0035"", ""P005-C0036"", ""P013-C0022"", ""P013-C0008"", ""P030-C0118"", ""P013-C0007"", ""P005-C0030"", ""P013-C0028"", ""P005-C0021"", ""P005-C0025"", ""P005-C0028"", ""P005-C0044"", ""P055-C0023"", ""P055-C0022"", ""P005-C0059"", ""P013-C0020"", ""P013-C0015"", ""P005-C0026"", ""P005-C0061"", ""P005-C0062"", ""P005-C0011"", ""P005-C0012"", ""P043-C0004"", ""P043-C0003"", ""P043-C0002"", ""P005-C0038"", ""P005-C0049"", ""P005-C0064"", ""P045-C0007"", ""P043-C0006"", ""P013-C0027"", ""P005-C0037"", ""P005-C0052""]","[""P005-C0002"", ""P045-C0004"", ""P045-C0008"", ""P045-C0002"", ""P013-C0016"", ""P013-C0039"", ""P055-C0039"", ""P043-C0007"", ""P005-C0019"", ""P030-C0117"", ""P013-C0002"", ""P005-C0045"", ""P013-C0003"", ""P045-C0005"", ""P045-C0011"", ""P005-C0066"", ""P005-C0048"", ""P005-C0034"", ""P005-C0043"", ""P005-C0041"", ""P005-C0050"", ""P005-C0046""]","[""P030-C0116"", ""P013-C0004"", ""P013-C0033"", ""P005-C0055"", ""P045-C0006"", ""P043-C0009"", ""P005-C0057"", ""P013-C0005"", ""P055-C0041"", ""P055-C0040""]","The prior corpus supplies 39 supporting claim records, 22 explicit boundaries, 10 open obligations, and the linked law/no-go set F13a, F13b, F42.","Do not collapse enablement into descent, sufficient causation, or endogeny.","Resolve only the remainder stated by the group's scope: Enablement versus descent/causation, who performs closure, endogenous execution, necessary-but-insufficient enabling, and observer certification.",false,No critical source blocker; theorem proof remains future work.
CG15,"Birth classes, contact-surface birth, and reachability","Reconciliation of layer-birth classes, join-created participants, undergoing versus performing closure, and finite expressivity required for birth.","[""ARC-H16"", ""MM-OP4"", ""MED-B1"", ""MED-B2""]","[""VII-C013"", ""VII-C014""]",INHERITED_CORE_PLUS_NEW_VII,[],"[""P045-C0007"", ""P045-C0001"", ""P050-C0005"", ""P038-C0013"", ""P050-C0004"", ""P038-C0018"", ""P038-C0011"", ""P038-C0008"", ""P050-C0026"", ""P038-C0005"", ""P043-C0004"", ""P043-C0002"", ""P050-C0025"", ""P038-C0029"", ""P038-C0014"", ""P050-C0001"", ""P050-C0019"", ""P043-C0003"", ""P050-C0006"", ""P050-C0024"", ""P043-C0001"", ""P050-C0021""]","[""P045-C0004"", ""P038-C0015"", ""P045-C0011"", ""P050-C0002"", ""P045-C0008"", ""P045-C0005"", ""P045-C0002"", ""P043-C0007"", ""P038-C0034"", ""P038-C0017"", ""P038-C0016"", ""P038-C0010"", ""P038-C0022""]","[""P038-C0027"", ""P045-C0009"", ""P045-C0006"", ""P045-C0003"", ""P043-C0009"", ""P038-C0031"", ""P038-C0032"", ""P038-C0024"", ""P038-C0033""]","The prior corpus supplies 22 supporting claim records, 13 explicit boundaries, 9 open obligations, and the linked law/no-go set none explicitly tagged.",Do not create a new birth taxonomy before reconciling inherited classes.,"Resolve only the remainder stated by the group's scope: Reconciliation of layer-birth classes, join-created participants, undergoing versus performing closure, and finite expressivity required for birth.",false,No critical source blocker; theorem proof remains future work.
CG16,Enablement-chain composition,"Composition, accumulated budget, residual, and holonomy along chains of enabling relations.","[""CLD-C4""]","[""VII-C027""]",INHERITED_CORE_PLUS_NEW_VII,"[""F13a"", ""F13b"", ""F42""]","[""P005-C0037"", ""P005-C0038"", ""P005-C0016"", ""P055-C0001"", ""P005-C0059"", ""P055-C0033"", ""P013-C0009"", ""P013-C0022"", ""P013-C0010"", ""P044-C0022""]","[""P044-C0004"", ""P044-C0018"", ""P005-C0066"", ""P056-C0007"", ""P056-C0005"", ""P056-C0004"", ""P056-C0002"", ""P055-C0039""]","[""P013-C0033"", ""P005-C0057"", ""P044-C0019"", ""P056-C0009"", ""P056-C0008""]","The prior corpus supplies 10 supporting claim records, 8 explicit boundaries, 5 open obligations, and the linked law/no-go set F13a, F13b, F42.",Do not assume enablement transitivity.,"Resolve only the remainder stated by the group's scope: Composition, accumulated budget, residual, and holonomy along chains of enabling relations.",false,No critical source blocker; theorem proof remains future work.
CG17,Upward/downward transmission and descent fidelity,"Typed payload flow, construction direction, descent loss, structural selection, and limits on top-down creation claims.","[""ARC-H17"", ""ARC-H18"", ""CLD-O4"", ""CLD-B2"", ""MED-D4"", ""MED-NG3"", ""MED-UP""]","[""VII-C015"", ""VII-C034""]",INHERITED_CORE_PLUS_NEW_VII,[],"[""P040-C0068"", ""P058-C0064"", ""P037-C0045"", ""P058-C0060"", ""P040-C0064"", ""P058-C0032"", ""P040-C0036"", ""P058-C0178"", ""P040-C0182"", ""P058-C0052"", ""P058-C0183"", ""P040-C0187"", ""P058-C0043"", ""P040-C0047"", ""P058-C0186"", ""P040-C0190"", ""P058-C0039"", ""P040-C0043"", ""P058-C0001"", ""P058-C0193"", ""P037-C0001"", ""P008-C0001"", ""P058-C0177"", ""P040-C0181"", ""P003-C0015"", ""P037-C0028"", ""P003-C0029"", ""P003-C0032"", ""P007-C0001"", ""P058-C0190"", ""P058-C0167"", ""P040-C0171"", ""P058-C0164"", ""P040-C0168"", ""P058-C0187"", ""P058-C0045"", ""P040-C0194"", ""P040-C0049"", ""P058-C0194"", ""P040-C0208"", ""P058-C0176"", ""P040-C0180"", ""P037-C0042"", ""P058-C0050"", ""P040-C0054"", ""P058-C0038"", ""P040-C0042"", ""P058-C0107"", ""P040-C0111"", ""P040-C0206"", ""P028-C0005"", ""P037-C0026"", ""P003-C0027"", ""P058-C0073"", ""P040-C0077"", ""P008-C0015"", ""P008-C0012"", ""P008-C0017""]","[""P007-C0032"", ""P037-C0013"", ""P058-C0082"", ""P040-C0086"", ""P037-C0043"", ""P037-C0009"", ""P007-C0005"", ""P037-C0048"", ""P003-C0022"", ""P058-C0202"", ""P040-C0219"", ""P003-C0051"", ""P058-C0145"", ""P040-C0149"", ""P040-C0176"", ""P040-C0141"", ""P003-C0006"", ""P008-C0006"", ""P003-C0037"", ""P037-C0022"", ""P003-C0055"", ""P007-C0013"", ""P058-C0116"", ""P040-C0120"", ""P007-C0014"", ""P007-C0009"", ""P007-C0027"", ""P007-C0010"", ""P037-C0037"", ""P037-C0002"", ""P008-C0008"", ""P007-C0012"", ""P040-C0002"", ""P028-C0023"", ""P003-C0008"", ""P003-C0047"", ""P003-C0020"", ""P037-C0036"", ""P008-C0026"", ""P008-C0022""]","[""P040-C0175"", ""P058-C0171"", ""P040-C0169"", ""P040-C0170"", ""P058-C0166"", ""P003-C0021"", ""P037-C0008"", ""P058-C0128"", ""P040-C0132"", ""P003-C0014"", ""P058-C0046""]","The prior corpus supplies 58 supporting claim records, 40 explicit boundaries, 11 open obligations, and the linked law/no-go set none explicitly tagged.",Do not infer top-down fact creation or a temporal arrow from construction direction.,"Resolve only the remainder stated by the group's scope: Typed payload flow, construction direction, descent loss, structural selection, and limits on top-down creation claims.",false,No critical source blocker; theorem proof remains future work.
CG18,"Confluence, construction routes, and seed dependence","Whole-construction confluence, critical pairs, and dependence of fixed points on initial partitions or admission routes.","[""ARC-H24"", ""CLD-B1"", ""CLD-B3""]","[""VII-C018""]",INHERITED_CORE_PLUS_NEW_VII,"[""F13a"", ""F2"", ""F27"", ""F3"", ""G2"", ""G5"", ""G8"", ""F34"", ""F4"", ""G10"", ""G13"", ""G1""]","[""P029-C0020"", ""P048-C0001"", ""P051-C0001"", ""P029-C0007"", ""P048-C0022"", ""P029-C0016"", ""P048-C0003"", ""P029-C0013"", ""P048-C0012"", ""P048-C0015"", ""P012-C0019"", ""P025-C0015"", ""P029-C0024"", ""P048-C0005"", ""P048-C0028"", ""P048-C0011"", ""P012-C0010"", ""P029-C0027"", ""P033-C0001"", ""P029-C0011"", ""P051-C0009""]","[""P029-C0005"", ""P051-C0002"", ""P012-C0017"", ""P033-C0002"", ""P012-C0021"", ""P025-C0019"", ""P051-C0015"", ""P012-C0016"", ""P051-C0011""]","[""P025-C0002"", ""P029-C0032"", ""P029-C0031"", ""P029-C0029"", ""P029-C0012"", ""P025-C0021""]","The prior corpus supplies 21 supporting claim records, 9 explicit boundaries, 6 open obligations, and the linked law/no-go set F13a, F2, F27, F3, G2, G5, G8, F34, F4, G10, G13, G1.",Do not infer global confluence from one commuting square.,"Resolve only the remainder stated by the group's scope: Whole-construction confluence, critical pairs, and dependence of fixed points on initial partitions or admission routes.",false,No critical source blocker; theorem proof remains future work.
CG19,"Join order, associativity, and interaction holonomy","Order/bracketing sensitivity, route residue, obstruction from A-then-B versus B-then-A, and absence of a global potential.","[""ARC-H23"", ""ARC-H25"", ""CLD-A5"", ""CLD-E4"", ""MM-OP2"", ""MED-H1"", ""MED-H2""]","[""VII-C017"", ""VII-C032"", ""VII-C036""]",INHERITED_CORE_PLUS_NEW_VII,"[""E16"", ""F10"", ""F11"", ""F12"", ""F13a"", ""F17"", ""F19"", ""F2"", ""F20"", ""F21"", ""F25"", ""F3"", ""F31"", ""F34"", ""F4"", ""F6"", ""F7"", ""F8"", ""F9"", ""G10"", ""G13"", ""G9"", ""F40"", ""G1"", ""G11"", ""G12"", ""G2"", ""F27"", ""G3"", ""G6"", ""G7"", ""G5""]","[""P029-C0022"", ""P030-C0003"", ""P030-C0101"", ""P030-C0099"", ""P042-C0001"", ""P029-C0024"", ""P029-C0027"", ""P042-C0008"", ""P004-C0027"", ""P004-C0006"", ""P029-C0026"", ""P029-C0013"", ""P042-C0012"", ""P029-C0010"", ""P029-C0011"", ""P029-C0025"", ""P004-C0005"", ""P029-C0004"", ""P029-C0019"", ""P029-C0018"", ""P029-C0001"", ""P042-C0005"", ""P029-C0014"", ""P042-C0010"", ""P004-C0021"", ""P029-C0016""]","[""P042-C0002"", ""P004-C0030"", ""P054-C0004"", ""P004-C0002"", ""P004-C0031"", ""P029-C0008"", ""P004-C0032"", ""P004-C0003"", ""P029-C0033"", ""P029-C0030"", ""P029-C0021"", ""P029-C0006"", ""P029-C0005"", ""P029-C0002"", ""P004-C0033""]","[""P029-C0032"", ""P029-C0031"", ""P029-C0029"", ""P029-C0012"", ""P029-C0003""]","The prior corpus supplies 26 supporting claim records, 15 explicit boundaries, 5 open obligations, and the linked law/no-go set E16, F10, F11, F12, F13a, F17, F19, F2, F20, F21, F25, F3, F31, F34, F4, F6, F7, F8, F9, G10, G13, G9, F40, G1, G11, G12, G2, F27, G3, G6, G7, G5.",Do not infer P6 directionality from P3/order holonomy.,"Resolve only the remainder stated by the group's scope: Order/bracketing sensitivity, route residue, obstruction from A-then-B versus B-then-A, and absence of a global potential.",false,No critical source blocker; theorem proof remains future work.
CG20,"Interaction arrow, consistency, irreversibility, and simultaneity","Null-versus-driven controls, irreversible joining, mutually constraining fixed points, and contact across incommensurable internal times.","[""MED-CIRC"", ""MED-H3"", ""MED-H4"", ""MED-H5""]","[""VII-C032""]",INHERITED_CORE_PLUS_NEW_VII,[],"[""P030-C0002"", ""P044-C0023"", ""P044-C0008"", ""P044-C0021"", ""P013-C0013"", ""P013-C0022"", ""P026-C0106"", ""P026-C0191"", ""P044-C0009"", ""P026-C0200"", ""P055-C0001"", ""P026-C0008"", ""P026-C0278"", ""P026-C0236"", ""P026-C0234"", ""P026-C0276"", ""P044-C0017"", ""P013-C0019"", ""P055-C0011"", ""P013-C0008"", ""P044-C0022"", ""P026-C0076"", ""P055-C0029"", ""P055-C0028"", ""P055-C0006"", ""P055-C0005"", ""P026-C0065"", ""P055-C0023"", ""P055-C0022"", ""P055-C0009"", ""P055-C0008"", ""P026-C0061"", ""P055-C0020"", ""P026-C0073""]","[""P026-C0134"", ""P026-C0179"", ""P026-C0142"", ""P026-C0140"", ""P026-C0138"", ""P026-C0023"", ""P026-C0193"", ""P026-C0096"", ""P026-C0165"", ""P055-C0039"", ""P026-C0172"", ""P026-C0207"", ""P026-C0260"", ""P026-C0005"", ""P026-C0115"", ""P026-C0020"", ""P026-C0050"", ""P026-C0166"", ""P026-C0041"", ""P026-C0017"", ""P026-C0133"", ""P026-C0128"", ""P026-C0201"", ""P013-C0016"", ""P026-C0047"", ""P026-C0161"", ""P013-C0002"", ""P026-C0162"", ""P026-C0034""]","[""P013-C0030"", ""P055-C0041"", ""P013-C0033"", ""P055-C0040"", ""P044-C0020"", ""P026-C0277"", ""P026-C0209"", ""P013-C0037"", ""P026-C0285"", ""P026-C0113"", ""P026-C0239"", ""P026-C0219"", ""P026-C0208""]","The prior corpus supplies 34 supporting claim records, 29 explicit boundaries, 13 open obligations, and the linked law/no-go set none explicitly tagged.",Do not assume a unique simultaneity relation or infer irreversibility from parent entropy alone.,"Resolve only the remainder stated by the group's scope: Null-versus-driven controls, irreversible joining, mutually constraining fixed points, and contact across incommensurable internal times.",true,No critical source blocker; theorem proof remains future work.
CG21,"Exposure, recoverability, admissibility, and rigidity","Determination versus exposure/recovery, overread, operational admissibility, privilege, and genuine versus spurious rigidity.","[""ARC-S3"", ""CLD-O1"", ""CLD-D1"", ""CLD-D2"", ""CLD-D4""]","[""VII-C001"", ""VII-C022""]",INHERITED_CORE_PLUS_NEW_VII,"[""E16"", ""F34""]","[""P031-C0047"", ""P031-C0022"", ""P030-C0107"", ""P031-C0029"", ""P031-C0046"", ""P031-C0122"", ""P028-C0075"", ""P030-C0006"", ""P027-C0034"", ""P027-C0025"", ""P026-C0108"", ""P027-C0050"", ""P031-C0027"", ""P027-C0088"", ""P027-C0087"", ""P027-C0046"", ""P027-C0073"", ""P027-C0112"", ""P027-C0023"", ""P028-C0074"", ""P027-C0017"", ""P027-C0071"", ""P027-C0019"", ""P027-C0036"", ""P031-C0003"", ""P027-C0078"", ""P027-C0038"", ""P031-C0061"", ""P027-C0008"", ""P031-C0001"", ""P027-C0085""]","[""P031-C0073"", ""P026-C0189"", ""P026-C0037"", ""P027-C0107"", ""P026-C0186"", ""P028-C0073"", ""P027-C0115"", ""P026-C0029"", ""P026-C0194"", ""P026-C0230"", ""P030-C0038"", ""P030-C0112"", ""P030-C0126"", ""P030-C0028"", ""P030-C0020"", ""P028-C0010"", ""P026-C0202"", ""P026-C0101"", ""P026-C0055"", ""P027-C0114"", ""P028-C0102"", ""P031-C0074"", ""P028-C0052"", ""P028-C0050""]","[""P027-C0109"", ""P027-C0118"", ""P031-C0082"", ""P031-C0081"", ""P027-C0122"", ""P026-C0197"", ""P027-C0119"", ""P027-C0120""]","The prior corpus supplies 31 supporting claim records, 24 explicit boundaries, 8 open obligations, and the linked law/no-go set E16, F34.","Do not collapse determination, exposure, recoverability, admissibility, and rigidity.","Resolve only the remainder stated by the group's scope: Determination versus exposure/recovery, overread, operational admissibility, privilege, and genuine versus spurious rigidity.",true,No critical source blocker; theorem proof remains future work.
CG22,"Needles, residuals, and obstruction dissolution","How access and joins dissolve, preserve, or manufacture obstructions and how residual/cross-term accounting behaves.","[""ARC-H26"", ""ARC-H28"", ""MED-N1"", ""MED-N2"", ""MED-N3"", ""MED-N4""]","[""VII-C019"", ""VII-C036""]",INHERITED_CORE_PLUS_NEW_VII,"[""NG_ARROW_DPI"", ""NG_LADDER_BOUNDED_INTERFACE"", ""NG_MACRO_CLOSURE_DEFICIT"", ""NG_FORCE_NULL"", ""NG_LADDER_IDEM"", ""NG_OBJECT_CONTRACTIVE"", ""NG_FORCE_FOREST"", ""NG_PROTOCOL_TRAP""]","[""P015-C0009"", ""P015-C0008"", ""P023-C0001"", ""P034-C0038"", ""P034-C0027"", ""P032-C0034"", ""P023-C0013"", ""P023-C0019"", ""P015-C0016"", ""P015-C0019"", ""P034-C0045"", ""P034-C0015"", ""P034-C0014"", ""P032-C0047"", ""P032-C0005"", ""P023-C0016"", ""P032-C0019"", ""P034-C0030"", ""P025-C0006"", ""P034-C0039"", ""P034-C0024"", ""P015-C0018"", ""P023-C0022"", ""P034-C0025"", ""P034-C0034"", ""P015-C0001"", ""P034-C0032"", ""P023-C0004"", ""P015-C0004"", ""P025-C0013"", ""P025-C0004"", ""P025-C0014"", ""P025-C0008"", ""P034-C0009"", ""P015-C0003"", ""P032-C0001"", ""P034-C0026"", ""P015-C0013"", ""P025-C0009"", ""P025-C0001"", ""P034-C0043"", ""P032-C0036"", ""P032-C0011"", ""P023-C0008"", ""P032-C0040"", ""P032-C0025"", ""P034-C0037"", ""P034-C0036""]","[""P015-C0020"", ""P023-C0018"", ""P034-C0054"", ""P034-C0049"", ""P034-C0055"", ""P025-C0019"", ""P023-C0002"", ""P034-C0003"", ""P034-C0046"", ""P034-C0041"", ""P034-C0053"", ""P032-C0005"", ""P032-C0019"", ""P032-C0013"", ""P034-C0050"", ""P032-C0017"", ""P032-C0015"", ""P032-C0011"", ""P032-C0009"", ""P032-C0007""]","[""P025-C0002"", ""P025-C0021"", ""P025-C0020"", ""P023-C0023""]","The prior corpus supplies 48 supporting claim records, 20 explicit boundaries, 4 open obligations, and the linked law/no-go set NG_ARROW_DPI, NG_LADDER_BOUNDED_INTERFACE, NG_MACRO_CLOSURE_DEFICIT, NG_FORCE_NULL, NG_LADDER_IDEM, NG_OBJECT_CONTRACTIVE, NG_FORCE_FOREST, NG_PROTOCOL_TRAP.",Do not assume wider access or joining monotonically dissolves all needles.,"Resolve only the remainder stated by the group's scope: How access and joins dissolve, preserve, or manufacture obstructions and how residual/cross-term accounting behaves.",false,No critical source blocker; theorem proof remains future work.
CG23,Observer and instrument occupancy,"Budgeted probes, observer consumption of shared capacity, and detector source/visibility/capacity preconditions.","[""MM-OBSERVER"", ""MM-NG3"", ""MED-I3""]","[""VII-C011"", ""VII-C029""]",INHERITED_CORE_PLUS_NEW_VII,[],"[""P050-C0026"", ""P030-C0067"", ""P050-C0024"", ""P050-C0006"", ""P026-C0118"", ""P050-C0025"", ""P050-C0023"", ""P050-C0021"", ""P050-C0019"", ""P050-C0018"", ""P050-C0016"", ""P050-C0014""]","[""P026-C0121"", ""P026-C0148"", ""P026-C0147"", ""P050-C0002"", ""P026-C0124""]","[""P028-C0104""]","The prior corpus supplies 12 supporting claim records, 5 explicit boundaries, 1 open obligations, and the linked law/no-go set none explicitly tagged.",Do not omit observer/instrument occupancy from native or endogenous claims.,"Resolve only the remainder stated by the group's scope: Budgeted probes, observer consumption of shared capacity, and detector source/visibility/capacity preconditions.",true,No critical source blocker; theorem proof remains future work.
CG24,"Bridge, transport, and withdrawal discipline","Applicability certificates, source-to-target maps, claim dependencies, and append-only correction/withdrawal records.","[""ARC-S1"", ""MM-BRIDGE"", ""MM-WITHDRAW"", ""MED-D5"", ""MED-M1"", ""MED-M2"", ""MED-M3""]","[""VII-C020""]",INHERITED_DISCIPLINE,[],"[""P009-C0032"", ""P011-C0011"", ""P009-C0001"", ""P009-C0019"", ""P004-C0016"", ""P009-C0022"", ""P009-C0020"", ""P009-C0033"", ""P011-C0009"", ""P004-C0026"", ""P009-C0031"", ""P009-C0027"", ""P004-C0020"", ""P009-C0034"", ""P009-C0018"", ""P011-C0028"", ""P009-C0030"", ""P009-C0023"", ""P009-C0026"", ""P004-C0028"", ""P009-C0017"", ""P011-C0021"", ""P011-C0015"", ""P011-C0013"", ""P009-C0013"", ""P009-C0024"", ""P011-C0006"", ""P042-C0006"", ""P042-C0007"", ""P009-C0009"", ""P011-C0004"", ""P011-C0020"", ""P011-C0033"", ""P042-C0012"", ""P042-C0010"", ""P011-C0019"", ""P011-C0018"", ""P004-C0001"", ""P042-C0005"", ""P009-C0007""]","[""P054-C0002"", ""P054-C0004"", ""P009-C0004"", ""P011-C0044"", ""P009-C0012"", ""P009-C0002"", ""P009-C0003"", ""P004-C0031"", ""P004-C0033"", ""P004-C0030"", ""P009-C0029"", ""P009-C0014"", ""P042-C0002"", ""P011-C0043"", ""P011-C0042"", ""P011-C0041"", ""P004-C0029"", ""P011-C0002""]","[""P009-C0037""]","The prior corpus supplies 40 supporting claim records, 18 explicit boundaries, 1 open obligations, and the linked law/no-go set none explicitly tagged.",Do not treat citation or verbal similarity as theorem transport.,"Resolve only the remainder stated by the group's scope: Applicability certificates, source-to-target maps, claim dependencies, and append-only correction/withdrawal records.",false,No critical source blocker; theorem proof remains future work.
CG25,"Reachability, non-vacuity, horizon, and guard activity",A sound mechanism must be executable and reachable; horizon-limited non-occurrence and inactive guards have limited evidentiary force.,"[""ARC-S2"", ""ARC-S6"", ""MM-HORIZON"", ""MED-S6""]","[""VII-C002"", ""VII-C021""]",INHERITED_CORE_PLUS_NEW_VII,[],"[""P058-C0169"", ""P040-C0173"", ""P058-C0019"", ""P040-C0021"", ""P058-C0151"", ""P058-C0045"", ""P040-C0155"", ""P040-C0049"", ""P006-C0029"", ""P006-C0031"", ""P006-C0054"", ""P058-C0018"", ""P040-C0019"", ""P058-C0042"", ""P040-C0046"", ""P058-C0108"", ""P058-C0102"", ""P040-C0112"", ""P040-C0106"", ""P006-C0041"", ""P058-C0133"", ""P040-C0137"", ""P046-C0009"", ""P046-C0008"", ""P058-C0032"", ""P040-C0036"", ""P006-C0068"", ""P058-C0064"", ""P058-C0074"", ""P058-C0063"", ""P058-C0190"", ""P058-C0179"", ""P040-C0198"", ""P040-C0183"", ""P006-C0035"", ""P058-C0007"", ""P040-C0007"", ""P058-C0016""]","[""P058-C0080"", ""P041-C0002"", ""P046-C0021"", ""P046-C0006"", ""P006-C0088"", ""P006-C0047"", ""P006-C0078"", ""P006-C0099"", ""P006-C0055"", ""P006-C0006"", ""P040-C0141"", ""P058-C0137"", ""P040-C0163"", ""P040-C0143"", ""P058-C0159"", ""P006-C0020"", ""P046-C0002"", ""P058-C0084"", ""P040-C0088"", ""P006-C0077"", ""P058-C0202"", ""P058-C0170"", ""P040-C0174"", ""P040-C0005"", ""P006-C0096"", ""P006-C0015""]","[""P056-C0009"", ""P006-C0094"", ""P040-C0170"", ""P058-C0166"", ""P058-C0200"", ""P006-C0093"", ""P006-C0002"", ""P006-C0072"", ""P006-C0083"", ""P058-C0046"", ""P006-C0075"", ""P040-C0050"", ""P058-C0041"", ""P040-C0045""]","The prior corpus supplies 38 supporting claim records, 26 explicit boundaries, 14 open obligations, and the linked law/no-go set none explicitly tagged.","Do not infer occurrence or capability from soundness, or impossibility from short-horizon non-occurrence.",Resolve only the remainder stated by the group's scope: A sound mechanism must be executable and reachable; horizon-limited non-occurrence and inactive guards have limited evidentiary force.,false,No critical source blocker; theorem proof remains future work.
CG26,Negative-result quantifiers,"What one point, an exhaustive search, or a closed-family negative may falsify.","[""ARC-S4"", ""MM-NG4"", ""MED-S5""]","[""VII-C023"", ""VII-C033""]",INHERITED_DISCIPLINE,[],"[""P013-C0028"", ""P005-C0003"", ""P005-C0023"", ""P005-C0024"", ""P005-C0030"", ""P005-C0033"", ""P005-C0025"", ""P056-C0001"", ""P005-C0044"", ""P005-C0047"", ""P005-C0031"", ""P005-C0022"", ""P005-C0037"", ""P005-C0013"", ""P005-C0042"", ""P005-C0052"", ""P005-C0038"", ""P013-C0026""]","[""P013-C0016"", ""P055-C0039"", ""P005-C0019"", ""P005-C0058"", ""P056-C0005"", ""P013-C0029"", ""P013-C0031"", ""P013-C0039"", ""P005-C0043"", ""P056-C0004"", ""P005-C0004"", ""P005-C0005"", ""P005-C0017"", ""P005-C0066"", ""P005-C0046""]","[""P056-C0010"", ""P056-C0009"", ""P013-C0037"", ""P005-C0009"", ""P013-C0033"", ""P013-C0030"", ""P005-C0057"", ""P056-C0008""]","The prior corpus supplies 18 supporting claim records, 15 explicit boundaries, 8 open obligations, and the linked law/no-go set none explicitly tagged.",Do not universalize negatives beyond their quantified family.,"Resolve only the remainder stated by the group's scope: What one point, an exhaustive search, or a closed-family negative may falsify.",false,No critical source blocker; theorem proof remains future work.
CG27,"Claim grades, specification discipline, and non-goals","Normative-specification fidelity, necessary/sufficient labels, explicit scope, countermodels, and exclusions against redoing or universalizing prior work.","[""ARC-S5"", ""ARC-NONGOALS"", ""CLD-DISC"", ""MM-NONGOAL"", ""MED-S3""]","[""VII-C024""]",INHERITED_DISCIPLINE,[],"[""P019-C0037"", ""P018-C0001"", ""P017-C0030"", ""P024-C0030"", ""P019-C0028"", ""P018-C0047"", ""P019-C0090"", ""P019-C0102"", ""P018-C0052"", ""P017-C0042"", ""P017-C0026"", ""P019-C0071"", ""P002-C0001"", ""P001-C0001"", ""P057-C0002"", ""P020-C0035"", ""P019-C0073"", ""P057-C0005"", ""P047-C0001"", ""P052-C0004"", ""P019-C0070"", ""P017-C0051"", ""P024-C0018"", ""P024-C0001"", ""P024-C0015"", ""P018-C0031"", ""P024-C0020"", ""P020-C0001"", ""P018-C0045"", ""P039-C0001"", ""P024-C0024"", ""P024-C0027"", ""P017-C0008"", ""P019-C0096"", ""P017-C0034"", ""P018-C0008"", ""P018-C0054"", ""P018-C0039""]","[""P019-C0043"", ""P002-C0003"", ""P002-C0002"", ""P036-C0002"", ""P035-C0035"", ""P018-C0057"", ""P039-C0002"", ""P019-C0057"", ""P018-C0063"", ""P001-C0003"", ""P001-C0035"", ""P018-C0005"", ""P035-C0003"", ""P052-C0009"", ""P052-C0005"", ""P019-C0053"", ""P018-C0006"", ""P002-C0017"", ""P024-C0028"", ""P019-C0049"", ""P024-C0025"", ""P024-C0019"", ""P019-C0058"", ""P019-C0061"", ""P019-C0039"", ""P019-C0051"", ""P017-C0050"", ""P035-C0016"", ""P024-C0036"", ""P017-C0053"", ""P019-C0062""]","[""P024-C0040"", ""P019-C0025"", ""P018-C0058"", ""P017-C0056"", ""P018-C0007"", ""P024-C0039"", ""P018-C0066"", ""P018-C0065"", ""P018-C0064"", ""P049-C0020"", ""P017-C0004"", ""P018-C0003"", ""P018-C0055"", ""P047-C0006"", ""P047-C0007"", ""P052-C0007""]","The prior corpus supplies 38 supporting claim records, 31 explicit boundaries, 16 open obligations, and the linked law/no-go set none explicitly tagged.","Do not promote schemas, calibrations, examples, or philosophy to theorem grade.","Resolve only the remainder stated by the group's scope: Normative-specification fidelity, necessary/sufficient labels, explicit scope, countermodels, and exclusions against redoing or universalizing prior work.",false,No critical source blocker; theorem proof remains future work.
CG28,"Detector, null, falsifier, and Two-Theory World","Detection contracts, append-only join evidence, null batteries, asymmetric false-positive costs, and the finite laboratory.","[""ARC-LAB"", ""MED-I1"", ""MED-I2"", ""MED-I4"", ""MED-S2""]","[""VII-C007"", ""VII-C025"", ""VII-C033""]",INHERITED_CORE_PLUS_NEW_VII,"[""NG_FORCE_FOREST"", ""NG_FORCE_NULL"", ""NG_LADDER_BOUNDED_INTERFACE"", ""NG_PROTOCOL_TRAP"", ""NG_ARROW_DPI"", ""NG_LADDER_IDEM"", ""NG_MACRO_CLOSURE_DEFICIT"", ""NG_OBJECT_CONTRACTIVE""]","[""P026-C0070"", ""P026-C0280"", ""P032-C0048"", ""P032-C0011"", ""P032-C0047"", ""P032-C0009"", ""P032-C0030"", ""P032-C0007"", ""P032-C0034"", ""P032-C0022"", ""P030-C0016"", ""P032-C0027"", ""P030-C0001"", ""P032-C0040"", ""P032-C0025"", ""P032-C0045"", ""P032-C0044"", ""P032-C0039"", ""P032-C0002"", ""P032-C0031"", ""P032-C0019"", ""P032-C0013"", ""P032-C0004"", ""P032-C0036""]","[""P026-C0281"", ""P026-C0005"", ""P026-C0033"", ""P032-C0011"", ""P030-C0109"", ""P032-C0009"", ""P032-C0007"", ""P032-C0019"", ""P026-C0272"", ""P026-C0271"", ""P026-C0246"", ""P026-C0244"", ""P026-C0094"", ""P026-C0090"", ""P026-C0088"", ""P026-C0086"", ""P026-C0083"", ""P026-C0067"", ""P032-C0013"", ""P032-C0017"", ""P032-C0015"", ""P032-C0005"", ""P026-C0022""]","[""P029-C0023"", ""P029-C0017"", ""P026-C0284""]","The prior corpus supplies 24 supporting claim records, 23 explicit boundaries, 3 open obligations, and the linked law/no-go set NG_FORCE_FOREST, NG_FORCE_NULL, NG_LADDER_BOUNDED_INTERFACE, NG_PROTOCOL_TRAP, NG_ARROW_DPI, NG_LADDER_IDEM, NG_MACRO_CLOSURE_DEFICIT, NG_OBJECT_CONTRACTIVE.",Do not treat a finite assay as proof.,"Resolve only the remainder stated by the group's scope: Detection contracts, append-only join evidence, null batteries, asymmetric false-positive costs, and the finite laboratory.",true,No critical source blocker; theorem proof remains future work.
CG29,Primitive generators and relations,Whether a primitive-operation algebra is ready or should be explicitly deferred.,"[""CLD-F""]","[""VII-C028""]",DEFERRED,[],"[""P040-C0068"", ""P058-C0064"", ""P040-C0022"", ""P058-C0071"", ""P040-C0075"", ""P006-C0031"", ""P058-C0060"", ""P040-C0064"", ""P058-C0154"", ""P040-C0158""]","[""P034-C0003"", ""P034-C0002"", ""P034-C0054"", ""P034-C0049"", ""P040-C0003"", ""P034-C0055"", ""P006-C0003"", ""P058-C0084""]","[""P058-C0166"", ""P040-C0170"", ""P006-C0072"", ""P006-C0083"", ""P006-C0101""]","The prior corpus supplies 10 supporting claim records, 8 explicit boundaries, 5 open obligations, and the linked law/no-go set none explicitly tagged.",Do not claim a complete primitive algebra without generators/relations proof.,Resolve only the remainder stated by the group's scope: Whether a primitive-operation algebra is ready or should be explicitly deferred.,false,Explicitly deferred
CG30,Conserved contact degree,"Whether any quantity or degree is conserved across joining, without assuming that one exists.","[""MED-T5""]","[""VII-C031""]",DEFERRED,"[""F27""]","[""P027-C0073"", ""P028-C0066"", ""P028-C0001"", ""P031-C0055"", ""P027-C0048"", ""P027-C0017"", ""P031-C0049"", ""P027-C0078"", ""P031-C0068"", ""P027-C0038""]","[""P026-C0169"", ""P031-C0079"", ""P027-C0107"", ""P027-C0028"", ""P027-C0004"", ""P027-C0090"", ""P027-C0116"", ""P027-C0123""]","[""P027-C0122"", ""P031-C0082"", ""P027-C0119"", ""P027-C0120"", ""P031-C0081""]","The prior corpus supplies 10 supporting claim records, 8 explicit boundaries, 5 open obligations, and the linked law/no-go set F27.",Do not name a conserved degree before an invariance theorem.,"Resolve only the remainder stated by the group's scope: Whether any quantity or degree is conserved across joining, without assuming that one exists.",false,Explicitly deferred
