chapter_id,title,depends_on,candidate_ids,purpose
Ch01,"Scope, inheritance, grades, and bridge contract",[],"[""VII-C020"", ""VII-C024""]",Logical placement only; this is not draft prose.
Ch02,Partial domains and access coordinates,"[""Ch01""]","[""VII-C001"", ""VII-C022""]",Logical placement only; this is not draft prose.
Ch03,"Admission, bootstrap, and prospective commitment","[""Ch02""]","[""VII-C002"", ""VII-C003"", ""VII-C004"", ""VII-C006""]",Logical placement only; this is not draft prose.
Ch04,"Contact surfaces, interaction records, and peer transport","[""Ch02"", ""Ch03""]","[""VII-C005"", ""VII-C007"", ""VII-C016""]",Logical placement only; this is not draft prose.
Ch05,"Join status, strictness, and parent retention","[""Ch04""]","[""VII-C008"", ""VII-C009"", ""VII-C030""]",Logical placement only; this is not draft prose.
Ch06,"Source, budget, observer, and no-free-join","[""Ch03"", ""Ch05""]","[""VII-C010"", ""VII-C011"", ""VII-C029"", ""VII-C035""]",Logical placement only; this is not draft prose.
Ch07,"Enablement, birth, transmission, and descent fidelity","[""Ch03"", ""Ch04""]","[""VII-C012"", ""VII-C013"", ""VII-C014"", ""VII-C015"", ""VII-C027"", ""VII-C034""]",Logical placement only; this is not draft prose.
Ch08,Reachability and negative-result force,"[""Ch03"", ""Ch04""]","[""VII-C021"", ""VII-C023"", ""VII-C033""]",Logical placement only; this is not draft prose.
Ch09,"Confluence, order, holonomy, and arrow","[""Ch05"", ""Ch07""]","[""VII-C017"", ""VII-C018"", ""VII-C032""]",Logical placement only; this is not draft prose.
Ch10,"Residuals, needles, and obstruction dissolution","[""Ch05"", ""Ch09""]","[""VII-C019"", ""VII-C036""]",Logical placement only; this is not draft prose.
Ch11,Two-Theory World and countermodel battery,"[""Ch06"", ""Ch08"", ""Ch09"", ""Ch10""]","[""VII-C025""]",Logical placement only; this is not draft prose.
Ch12,Formalization targets and explicit deferrals,"[""Ch01"", ""Ch11""]","[""VII-C026"", ""VII-C028"", ""VII-C031""]",Logical placement only; this is not draft prose.
