candidate_id,name,kind,priority,status_grade,convergence_groups,wishlist_atoms,typed_objects,proposed_conclusion,proof_obligations,positive_model,null_models,countermodels,formalization_targets,recommended_chapter
VII-C001,Accessible-domain state normal form,DEFINITION_AND_FINITE_NORMAL_FORM,P0,UNPROVED_FOUNDATIONS_VII_CANDIDATE,"[""CG01"", ""CG21""]","[""ARC-H1"", ""ARC-H8"", ""MM-STATUS"", ""ARC-S3"", ""CLD-O1"", ""CLD-D1"", ""CLD-D2"", ""CLD-D4""]","[""VII-O01"", ""VII-O02"", ""VII-O04""]","A theory package admits a typed operational-domain record separating expressible, present, exposed, recoverable, admissible, reachable, and occurrent statuses; converses require explicit witnesses.","[""Define equality and scope change for domain states."", ""Prove non-collapse finite models for each adjacent status."", ""Relate the record to inherited quotient and access data without replacing P1–P6.""]","[""TTW-S19""]","[""TTW-S20"", ""TTW-S21""]","[""CM-08"", ""CM-09"", ""CM-12""]","[""FT01"", ""FT02""]",Ch02
VII-C002,Lawful admission transition system,DEFINITION_AND_SCHEMA,P0,UNPROVED_FOUNDATIONS_VII_CANDIDATE,"[""CG02"", ""CG25""]","[""ARC-H2"", ""ARC-H7"", ""CLD-D3"", ""ARC-S2"", ""ARC-S6"", ""MM-HORIZON"", ""MED-S6""]","[""VII-O04"", ""VII-O05"", ""VII-O17""]","Admission, expiry, revocation, retraction, and rollback are typed transitions whose execution requires source, budget, guard, and audit witnesses distinct from rule text.","[""Give transition typing and ledger-update laws."", ""Separate soundness, executability, reachability, firing, and occurrence."", ""Specify lawful rollback without erasing history.""]","[""TTW-S19""]","[""TTW-S20"", ""TTW-S21""]","[""CM-08"", ""CM-09"", ""CM-18""]","[""FT01"", ""FT02"", ""FT17""]",Ch03
VII-C003,Bootstrap obstruction theorem,CANDIDATE_NO_GO_THEOREM,P0,UNPROVED_FOUNDATIONS_VII_CANDIDATE,"[""CG03""]","[""ARC-H3"", ""ARC-H4"", ""ARC-NG1"", ""MM-BOOT"", ""MM-SEED"", ""MM-NG1"", ""MED-S4""]","[""VII-O05""]",A closed admission regime with no admitted seed and no reachable generator has no lawful first extension.,"[""Define first-extension and closed-regime hypotheses exactly."", ""Prove the finite theorem and isolate infinite escape routes."", ""Distinguish neutral provisioning from outcome-rigging.""]","[""TTW-S01""]","[""TTW-S02""]","[""CM-19"", ""CM-20""]","[""FT03"", ""FT18""]",Ch03
VII-C004,Neutral seed and provisioning certificate,DEFINITION_AND_AUDIT_SCHEMA,P1,UNPROVED_FOUNDATIONS_VII_CANDIDATE,"[""CG03"", ""CG09""]","[""ARC-H3"", ""ARC-H4"", ""ARC-NG1"", ""MM-BOOT"", ""MM-SEED"", ""MM-NG1"", ""MED-S4"", ""ARC-H12"", ""ARC-NG2"", ""MM-INDEP"", ""MM-NG2"", ""MED-NG2"", ""MED-S1""]","[""VII-O07""]","A seed receives neutral-provisioning status only when its source, symmetry, task-blindness, preregistration, and control coordinates are recorded before use.","[""Define admissible seed equivalence classes."", ""Prove that post-hoc or source-laundered stocking fails the certificate."", ""Provide finite positive and rigged-seed controls.""]","[""TTW-S02""]","[""TTW-S05""]","[""CM-01"", ""CM-19""]","[""FT04"", ""FT05""]",Ch03
VII-C005,Common-origin non-transfer law,CANDIDATE_THEOREM_AND_COUNTERMODEL,P0,UNPROVED_FOUNDATIONS_VII_CANDIDATE,"[""CG05"", ""CG09""]","[""ARC-H5"", ""ARC-NG4"", ""ARC-H12"", ""ARC-NG2"", ""MM-INDEP"", ""MM-NG2"", ""MED-NG2"", ""MED-S1""]","[""VII-O07""]","Common origin, common carrier, or common instrument does not entail shared access, source independence, or an independence-sensitive join.","[""Construct same-source/no-shared-access models."", ""State extra witnesses sufficient for each stronger conclusion."", ""Block total-lens-to-partial-domain transfer.""]","[""TTW-S05""]","[""TTW-S23""]","[""CM-01"", ""CM-12"", ""CM-26""]","[""FT05"", ""FT17""]",Ch04
VII-C006,Prospective commitment certificate,DEFINITION_AND_TEMPORAL_SCHEMA,P0,UNPROVED_FOUNDATIONS_VII_CANDIDATE,"[""CG04""]","[""ARC-H6"", ""ARC-H22"", ""ARC-NG3"", ""ARC-H27""]","[""VII-O06""]","A prospective commitment is a timestamped, preregistered, finite-budget rule that fixes later admission conditions before the target evidence is observed.","[""Define certified temporal precedence without assuming one global clock."", ""Prove retrospective predicates cannot discharge the same certificate."", ""Specify expiry and unused-budget accounting.""]","[""TTW-S03""]","[""TTW-S04""]","[""CM-20"", ""CM-09""]","[""FT04"", ""FT16""]",Ch03
VII-C007,Join-entry record normal form,DEFINITION_AND_NORMAL_FORM,P0,UNPROVED_FOUNDATIONS_VII_CANDIDATE,"[""CG06"", ""CG28""]","[""ARC-H9"", ""CLD-O2"", ""MM-JOINNF"", ""MED-D1"", ""MED-I5"", ""ARC-LAB"", ""MED-I1"", ""MED-I2"", ""MED-I4"", ""MED-S2""]","[""VII-O09"", ""VII-O10"", ""VII-O11""]","Entry to the join calculus requires parent packages, typed contact surface, witnessed contact or pending status, source and licensing ledgers, budget, obstruction semantics, and an append-only audit record.","[""Prove field sufficiency for retrospective verification."", ""Separate pending, failed, obstructed, and completed statuses."", ""Show omission of source/contact/budget fields permits false positives.""]","[""TTW-S06""]","[""TTW-S08"", ""TTW-S12""]","[""CM-02"", ""CM-03"", ""CM-14""]","[""FT06"", ""FT07""]",Ch04
VII-C008,Join existence and obstruction status calculus,CANDIDATE_SCHEMA_WITH_SCOPED_THEOREMS,P0,UNPROVED_FOUNDATIONS_VII_CANDIDATE,"[""CG07""]","[""ARC-H10"", ""ARC-H21"", ""CLD-A1"", ""CLD-E3"", ""MED-D2"", ""MED-T3"", ""MED-T7""]","[""VII-O12"", ""VII-O14""]","Within a declared finite interface family, join attempts are classified as no contact, contact, common refinement, composite, strict join, typed obstruction, or coverage-qualified non-interaction.","[""Prove statuses disjoint or state permitted overlaps."", ""Give source, compatibility, gluing, retention, novelty, budget, and temporal obstruction witnesses."", ""Do not claim completeness beyond the declared family.""]","[""TTW-S06""]","[""TTW-S07"", ""TTW-S08"", ""TTW-S10"", ""TTW-S13""]","[""CM-02"", ""CM-13"", ""CM-27""]","[""FT09"", ""FT10""]",Ch05
VII-C009,Strict join certificate and anti-product witness,CANDIDATE_THEOREM,P0,UNPROVED_FOUNDATIONS_VII_CANDIDATE,"[""CG08""]","[""ARC-H11"", ""CLD-A4"", ""CLD-E2"", ""MED-T1"", ""MED-NG1""]","[""VII-O12"", ""VII-O13""]","A strict join requires composite objecthood, recoverable parent retention, and a distinction or operation that does not factor through either parent or their declared mere product/common refinement.","[""Define the comparison baseline and anti-product witness."", ""Prove relabeling, coarsening, and scheduling controls fail strictness."", ""Keep objecthood, novelty, and directionality certificates separate.""]","[""TTW-S07""]","[""TTW-S08"", ""TTW-S15""]","[""CM-03"", ""CM-13"", ""CM-14"", ""CM-16""]","[""FT07"", ""FT08""]",Ch05
VII-C010,Source-independence gate,DEFINITION_AND_NO_GO_SCHEMA,P0,UNPROVED_FOUNDATIONS_VII_CANDIDATE,"[""CG09""]","[""ARC-H12"", ""ARC-NG2"", ""MM-INDEP"", ""MM-NG2"", ""MED-NG2"", ""MED-S1""]","[""VII-O07""]",Independence-sensitive join claims require a source/ancestry witness separate from behavioral nonfactorization; native and bridged records retain their source types.,"[""Define ancestry equivalence and honest bridging."", ""Prove same-lineage re-expression fails independence credit."", ""Separate source independence from causal independence.""]","[""TTW-S05""]","[""TTW-S11""]","[""CM-01"", ""CM-26""]","[""FT05""]",Ch06
VII-C011,Join budget and payment ledger,DEFINITION_AND_BOUNDEDNESS_SCHEMA,P0,UNPROVED_FOUNDATIONS_VII_CANDIDATE,"[""CG10"", ""CG23""]","[""ARC-H13"", ""CLD-A3"", ""CLD-E1"", ""MM-OP1"", ""MED-NG4"", ""MED-NG5"", ""MM-OBSERVER"", ""MM-NG3"", ""MED-I3""]","[""VII-O08"", ""VII-O18""]","A join ledger prices interface access, parent retention, joint novelty, observer/instrument occupancy, cross-costs, and explicit refunds; zero total cost requires a certified zero-cost channel.","[""Define currencies without assuming one scalar currency."", ""Prove finite live-join bounds under stated capacity hypotheses."", ""Expose hidden observer subsidies and post-failure refunds.""]","[""TTW-S10""]","[""TTW-S22""]","[""CM-11"", ""CM-21""]","[""FT09"", ""FT16""]",Ch06
VII-C012,Enablement record and attribution calculus,DEFINITION_AND_SCHEMA,P0,UNPROVED_FOUNDATIONS_VII_CANDIDATE,"[""CG14""]","[""ARC-H14"", ""ARC-H15"", ""CLD-O3"", ""CLD-C1"", ""CLD-C2"", ""CLD-C3"", ""MED-B3""]","[""VII-O16""]","Enablement records identify the operation made available, its source, execution witness, budget, target effect, and attribution to theorist, carrier, peer theory, observer, environment, endogenous system, or mixed source.","[""Define enablement independently of descent, containment, sufficiency, and causation."", ""Give mixed-provenance and observer-certified cases."", ""Prove attribution is stable under honest bridge refinement.""]","[""TTW-S02""]","[""TTW-S21"", ""TTW-S22""]","[""CM-06"", ""CM-07"", ""CM-17""]","[""FT11""]",Ch07
VII-C013,Endogenous enablement criterion,CANDIDATE_THEOREM,P0,UNPROVED_FOUNDATIONS_VII_CANDIDATE,"[""CG14"", ""CG15""]","[""ARC-H14"", ""ARC-H15"", ""CLD-O3"", ""CLD-C1"", ""CLD-C2"", ""CLD-C3"", ""MED-B3"", ""ARC-H16"", ""MM-OP4"", ""MED-B1"", ""MED-B2""]","[""VII-O16""]","Enablement is endogenous only when the system carries, reaches, executes, and audits the enabling generator within the declared boundary and pays its resource costs.","[""State carried-generator and boundary conditions."", ""Prove theorist-triggered and hidden-observer cases fail."", ""Relate to inherited repair-generator reachability without overidentifying cognition.""]","[""TTW-S02""]","[""TTW-S22""]","[""CM-11"", ""CM-17""]","[""FT12"", ""FT16""]",Ch07
VII-C014,Birth/contact-surface classification,CANDIDATE_CLASSIFICATION_SCHEMA,P1,UNPROVED_FOUNDATIONS_VII_CANDIDATE,"[""CG15""]","[""ARC-H16"", ""MM-OP4"", ""MED-B1"", ""MED-B2""]","[""VII-O09"", ""VII-O16""]","Layer birth is classified by who performs closure, what new object survives, whether participants are created or only related, and whether the birth occurs at or through a contact surface.","[""Reconcile inherited birth classes before adding cases."", ""Provide finite reachability requirements for each class."", ""Separate undergoing closure from performing it.""]","[""TTW-S06""]","[""TTW-S08""]","[""CM-02"", ""CM-17""]","[""FT11"", ""FT12""]",Ch07
VII-C015,Typed transmission and descent-fidelity law,CANDIDATE_THEOREM_FAMILY,P0,UNPROVED_FOUNDATIONS_VII_CANDIDATE,"[""CG17""]","[""ARC-H17"", ""ARC-H18"", ""CLD-O4"", ""CLD-B2"", ""MED-D4"", ""MED-NG3"", ""MED-UP""]","[""VII-O03"", ""VII-O16""]","Upward, downward, and peer transmission are typed maps with explicit payload, loss, ambiguity, and source records; downward selection cannot create lower-carrier facts absent from the lower carrier.","[""Define transmission types and descent-fidelity witnesses."", ""Prove direction-specific invariants and countermodels."", ""Separate structural selection from a top-down causal channel.""]","[""TTW-S16""]","[""TTW-S24""]","[""CM-06"", ""CM-22"", ""CM-23""]","[""FT13"", ""FT19""]",Ch07
VII-C016,Peer contact and transport without join,DEFINITION_AND_CANDIDATE_THEOREM,P0,UNPROVED_FOUNDATIONS_VII_CANDIDATE,"[""CG11""]","[""ARC-H19"", ""ARC-H20"", ""MM-LOCAL"", ""MM-OP3"", ""MED-D3"", ""MED-T4""]","[""VII-O09"", ""VII-O10""]",Certified content may become available to a peer through a typed contact/transport record without forming a joint theory; destination ownership and provenance remain explicit.,"[""Classify rendezvous, mediation, sequential transport, shared carrier, and shared budget."", ""Prove contact-before-connection under local-interface hypotheses."", ""Distinguish sequential composition from interaction of composites.""]","[""TTW-S06""]","[""TTW-S12""]","[""CM-02"", ""CM-19""]","[""FT05"", ""FT06""]",Ch04
VII-C017,Interaction-order residue and holonomy,CANDIDATE_THEOREM_AND_FINITE_ASSAY,P0,UNPROVED_FOUNDATIONS_VII_CANDIDATE,"[""CG19""]","[""ARC-H23"", ""ARC-H25"", ""CLD-A5"", ""CLD-E4"", ""MM-OP2"", ""MED-H1"", ""MED-H2""]","[""VII-O03"", ""VII-O11""]","For three or more admitted interactions, inequivalent legal orderings define a route residue relative to a declared predictive quotient; nonzero residue is interaction holonomy, not by itself directionality.","[""Define bracketing/order comparison on one typed target."", ""Prove finite examples and confluence controls."", ""Add a separate drive/null certificate for arrow claims.""]","[""TTW-S16""]","[""TTW-S17"", ""TTW-S18""]","[""CM-10"", ""CM-24""]","[""FT14"", ""FT15""]",Ch09
VII-C018,Admission confluence and seed-dependence law,CANDIDATE_THEOREM_FAMILY,P1,UNPROVED_FOUNDATIONS_VII_CANDIDATE,"[""CG18""]","[""ARC-H24"", ""CLD-B1"", ""CLD-B3""]","[""VII-O05"", ""VII-O11""]",Distinct lawful admission/refinement routes are confluent exactly under declared critical-pair and audit-equivalence conditions; otherwise fixed points may depend on route or initial seed partition.,"[""State finite critical-pair conditions."", ""Construct nonconfluent and seed-dependent controls."", ""Separate terminal equality from predictive equivalence.""]","[""TTW-S16""]","[""TTW-S24""]","[""CM-23"", ""CM-24""]","[""FT14""]",Ch09
VII-C019,Access/join residual and obstruction-dissolution ledger,DEFINITION_AND_CANDIDATE_LAWS,P1,UNPROVED_FOUNDATIONS_VII_CANDIDATE,"[""CG22""]","[""ARC-H26"", ""ARC-H28"", ""MED-N1"", ""MED-N2"", ""MED-N3"", ""MED-N4""]","[""VII-O14""]","Inaccessible, unadmitted, expired, failed, or join-created distinctions remain typed residuals; ascent, peer join, refinement, or declared termination may discharge them, with cross-terms recorded explicitly.","[""Define residual addition and cross-term conditions."", ""Construct peer-removable and join-manufactured needles."", ""Prove no silent deletion under scope changes.""]","[""TTW-S10""]","[""TTW-S24""]","[""CM-22"", ""CM-25""]","[""FT09"", ""FT20""]",Ch10
VII-C020,Bridge and semantic-withdrawal discipline,INHERITED_PROTOCOL_PLUS_VII_ADAPTER,P0,INHERITED_PROTOCOL_WITH_VII_ADAPTER,"[""CG24""]","[""ARC-S1"", ""MM-BRIDGE"", ""MM-WITHDRAW"", ""MED-D5"", ""MED-M1"", ""MED-M2"", ""MED-M3""]","[""VII-O01"", ""VII-O03""]","Every imported law or interaction claim carries source/target maps, hypotheses, audit path, nonclaims, and append-only failure or withdrawal records; citations alone never license transport.","[""Reuse the Step-2 bridge schema as VII's own citation rule."", ""Specify paraphrase and downstream-dependency sweeps for withdrawal."", ""Retain failed bridges as first-class records.""]","[""TTW-S23""]","[""TTW-S12""]","[""CM-12"", ""CM-18""]","[""FT05"", ""FT17""]",Ch01
VII-C021,"Reachability, guard activity, and horizon law",CANDIDATE_THEOREM_AND_EVIDENCE_SCHEMA,P0,UNPROVED_FOUNDATIONS_VII_CANDIDATE,"[""CG25""]","[""ARC-S2"", ""ARC-S6"", ""MM-HORIZON"", ""MED-S6""]","[""VII-O04"", ""VII-O17""]","Lawfulness, non-vacuity, reachability, firing, and occurrence are separate; finite-horizon non-occurrence licenses only horizon-qualified conclusions unless reachability and guard power are independently established.","[""Define guard-activity and reachability witnesses."", ""Prove sound-unreachable and reachable-nonoccurring models."", ""State exhaustive closed-family conditions for stronger negatives.""]","[""TTW-S19""]","[""TTW-S20"", ""TTW-S21""]","[""CM-08"", ""CM-09"", ""CM-18""]","[""FT02"", ""FT17""]",Ch08
VII-C022,"Exposure, recoverability, admissibility, and rigidity calculus",DEFINITION_AND_SCOPED_THEOREMS,P1,UNPROVED_FOUNDATIONS_VII_CANDIDATE,"[""CG21""]","[""ARC-S3"", ""CLD-O1"", ""CLD-D1"", ""CLD-D2"", ""CLD-D4""]","[""VII-O02""]","Determination, exposure, recoverability, and admissibility are independent interface coordinates; exposure overread and spurious rigidity occur when distinctions or constraints are supplied by operations absent from the substrate.","[""Give auxiliary-recovery equivalence conditions."", ""Construct same-determination/different-exposure models."", ""Separate genuine rigidity from wrong-interface overconstraint.""]","[""TTW-S15""]","[""TTW-S19""]","[""CM-03"", ""CM-12""]","[""FT01"", ""FT17""]",Ch02
VII-C023,Negative-result quantifier discipline,INHERITED_LOGIC_PLUS_VII_RULE,P0,INHERITED_PROTOCOL_WITH_VII_ADAPTER,"[""CG26""]","[""ARC-S4"", ""MM-NG4"", ""MED-S5""]","[""VII-O03"", ""VII-O15""]","The force of a negative result is fixed by its quantifiers and search-family closure: a point null, bounded search, exhaustive finite family, and theorem-grade impossibility have distinct conclusions.","[""Encode the four evidence grades in the claim schema."", ""Prove the finite exhaustive inference rule."", ""Require escape-route and family-closure records.""]","[""TTW-S13""]","[""TTW-S19""]","[""CM-18"", ""CM-27""]","[""FT17""]",Ch08
VII-C024,Claim-grade and normative-specification discipline,INHERITED_PROTOCOL,P0,INHERITED_PROTOCOL_WITH_VII_ADAPTER,"[""CG27""]","[""ARC-S5"", ""ARC-NONGOALS"", ""CLD-DISC"", ""MM-NONGOAL"", ""MED-S3""]","[""VII-O03""]","VII statements preserve theorem/schema/calibration/conjecture/philosophy grades, label necessary and sufficient conditions explicitly, and are judged against normative specifications rather than illustrative examples.","[""Carry grade fields into every candidate and theorem ledger."", ""Run red-line and nonclaim scans before drafting."", ""Preserve P039 and P040/P058 source/version limitations.""]","[""TTW-S23""]","[""TTW-S12""]","[""CM-12"", ""CM-18""]","[""FT17""]",Ch01
VII-C025,Two-Theory World detector contract,FINITE_REFERENCE_SPECIFICATION,P0,UNPROVED_FOUNDATIONS_VII_CANDIDATE,"[""CG28""]","[""ARC-LAB"", ""MED-I1"", ""MED-I2"", ""MED-I4"", ""MED-S2""]","[""VII-O11""]","Every interaction law is paired with append-only evidence, signal, null, falsifier, same-source/no-contact/scheduling/relabeling controls, and asymmetric false-positive costs in a finite reference world.","[""Implement deterministic scenario evaluation."", ""Freeze expected statuses before later experiments."", ""Treat the lab as an assay, never a substitute for proof.""]","[""TTW-S01""]","[""TTW-S02"", ""TTW-S03"", ""TTW-S04"", ""TTW-S05"", ""TTW-S06"", ""TTW-S07"", ""TTW-S08"", ""TTW-S09"", ""TTW-S10"", ""TTW-S11"", ""TTW-S12"", ""TTW-S13"", ""TTW-S14"", ""TTW-S15"", ""TTW-S16"", ""TTW-S17"", ""TTW-S18"", ""TTW-S19"", ""TTW-S20"", ""TTW-S21"", ""TTW-S22"", ""TTW-S23"", ""TTW-S24""]","[""CM-01"", ""CM-02"", ""CM-03"", ""CM-04"", ""CM-05"", ""CM-06"", ""CM-07"", ""CM-08"", ""CM-09"", ""CM-10"", ""CM-11"", ""CM-12"", ""CM-13"", ""CM-14"", ""CM-15"", ""CM-16"", ""CM-17"", ""CM-18"", ""CM-19"", ""CM-20"", ""CM-21"", ""CM-22"", ""CM-23"", ""CM-24"", ""CM-25"", ""CM-26"", ""CM-27""]","[""FT20""]",Ch11
VII-C026,Categorical reduction decision,DEFERRED_THEOREM_TARGET,P2,UNPROVED_FOUNDATIONS_VII_CANDIDATE,"[""CG12""]","[""CLD-A2""]","[""VII-O01"", ""VII-O09"", ""VII-O12""]","Reduction of the VII join to product, pullback, pushout, or another categorical construction remains conditional on an explicit category of packages, interfaces, and admissible morphisms.","[""Define the category and universal property before reduction claims."", ""Find a finite countermodel to unconditional reduction."", ""Prove only special-case equivalences first.""]","[""TTW-S07""]","[""TTW-S08""]","[""CM-13"", ""CM-27""]","[""FT07""]",Ch12
VII-C027,Enablement-chain composition law,CANDIDATE_THEOREM,P2,UNPROVED_FOUNDATIONS_VII_CANDIDATE,"[""CG16""]","[""CLD-C4""]","[""VII-O16""]","Enablement relations compose only when source types, execution witnesses, budgets, and residual obligations compose; chain order may carry holonomy or accumulated debt.","[""Define composability and accumulated ledgers."", ""Prove a finite associative special case and non-associative control."", ""Separate composed enablement from transitive causation.""]","[""TTW-S16""]","[""TTW-S17""]","[""CM-07"", ""CM-24""]","[""FT11"", ""FT15""]",Ch07
VII-C028,Primitive-operation algebra readiness criterion,EXPLICIT_DEFERRAL,P2,UNPROVED_FOUNDATIONS_VII_CANDIDATE,"[""CG29""]","[""CLD-F""]","[""VII-O05"", ""VII-O11"", ""VII-O12""]","A generators-and-relations algebra is deferred until primitive operations, equivalences, composition domains, and categorical semantics are fixed and proved nonredundant.","[""List candidate generators and dependency risks."", ""State the evidence gate for reopening the algebra program."", ""Prevent P1–P6 from being repurposed as unproved generators.""]","[""TTW-S16""]","[""TTW-S12""]","[""CM-24""]","[""FT14""]",Ch12
VII-C029,Observer and instrument occupancy law,CANDIDATE_NO_GO_AND_LEDGER_SCHEMA,P0,UNPROVED_FOUNDATIONS_VII_CANDIDATE,"[""CG23"", ""CG10""]","[""MM-OBSERVER"", ""MM-NG3"", ""MED-I3"", ""ARC-H13"", ""CLD-A3"", ""CLD-E1"", ""MM-OP1"", ""MED-NG4"", ""MED-NG5""]","[""VII-O08"", ""VII-O18""]","An observer or instrument using bounded shared capacity cannot certify native/endogenous formation while omitting its occupancy, source role, or cost from the system ledger.","[""Define occupancy and shared-capacity accounting."", ""Prove hidden-occupancy false-positive model."", ""State certified zero-cost and external-observer escape routes.""]","[""TTW-S22""]","[""TTW-S12""]","[""CM-11"", ""CM-21""]","[""FT16""]",Ch06
VII-C030,"Parent refinement, retention, and join descent",CANDIDATE_THEOREM_FAMILY,P1,UNPROVED_FOUNDATIONS_VII_CANDIDATE,"[""CG13""]","[""MED-T2"", ""MED-T6""]","[""VII-O13""]","A join certificate records which parent objects, laws, and source identities remain recoverable; parent refinement may preserve, strengthen, weaken, or destroy the join depending on compatibility and strictness witnesses.","[""Define parent-retention maps and refinement transport."", ""Construct join-destruction and partial-retention models."", ""Prove no silent full-retention claim after erasure.""]","[""TTW-S09""]","[""TTW-S24""]","[""CM-05"", ""CM-22""]","[""FT07"", ""FT19""]",Ch05
VII-C031,Contact-degree conservation decision,EXPLICIT_DEFERRAL_AND_TEST_PROGRAM,P2,UNPROVED_FOUNDATIONS_VII_CANDIDATE,"[""CG30""]","[""MED-T5""]","[""VII-O08"", ""VII-O11""]","No conserved contact degree is assumed; candidate quantities must first be defined, shown invariant under declared joins, and separated from bookkeeping artifacts.","[""Inventory plausible invariants from inherited currencies and residuals."", ""Construct nonconservation controls."", ""Require an exact conservation theorem before naming a degree.""]","[""TTW-S08""]","[""TTW-S10""]","[""CM-21"", ""CM-25""]","[""FT09"", ""FT20""]",Ch12
VII-C032,"Interaction arrow, irreversibility, and cross-time contact",CANDIDATE_SCHEMA_AND_ASSAY,P1,UNPROVED_FOUNDATIONS_VII_CANDIDATE,"[""CG20"", ""CG19""]","[""MED-CIRC"", ""MED-H3"", ""MED-H4"", ""MED-H5"", ""ARC-H23"", ""ARC-H25"", ""CLD-A5"", ""CLD-E4"", ""MM-OP2"", ""MED-H1"", ""MED-H2""]","[""VII-O11""]",Arrow or irreversibility claims require a drive/path-asymmetry certificate and null-versus-driven controls distinct from order residue; cross-time contact uses explicit synchronization or order witnesses rather than assumed simultaneity.,"[""Define drive and reversal tests."", ""Give holonomy-zero-arrow and driven controls."", ""Specify contact across partially ordered or incommensurable clocks.""]","[""TTW-S17""]","[""TTW-S18""]","[""CM-10"", ""CM-24""]","[""FT15""]",Ch09
VII-C033,Coverage-qualified certified non-interaction,CANDIDATE_NEGATIVE_RESULT_SCHEMA,P0,UNPROVED_FOUNDATIONS_VII_CANDIDATE,"[""CG07"", ""CG26"", ""CG28""]","[""ARC-H10"", ""ARC-H21"", ""CLD-A1"", ""CLD-E3"", ""MED-D2"", ""MED-T3"", ""MED-T7"", ""ARC-S4"", ""MM-NG4"", ""MED-S5"", ""ARC-LAB"", ""MED-I1"", ""MED-I2"", ""MED-I4"", ""MED-S2""]","[""VII-O15""]","Certified non-interaction is a positive, family-scoped result only when contact channels, detector power, budget, horizon, and search-family closure are recorded and all admissible cases are exhausted or theoremically excluded.","[""Define coverage and power certificates."", ""Separate no evidenced contact from certified non-interaction."", ""State exact escape routes outside the family.""]","[""TTW-S12""]","[""TTW-S13""]","[""CM-02"", ""CM-18"", ""CM-27""]","[""FT10"", ""FT17""]",Ch08
VII-C034,Enablement without descent separation theorem,CANDIDATE_SEPARATION_THEOREM,P0,UNPROVED_FOUNDATIONS_VII_CANDIDATE,"[""CG14"", ""CG17""]","[""ARC-H14"", ""ARC-H15"", ""CLD-O3"", ""CLD-C1"", ""CLD-C2"", ""CLD-C3"", ""MED-B3"", ""ARC-H17"", ""ARC-H18"", ""CLD-O4"", ""CLD-B2"", ""MED-D4"", ""MED-NG3"", ""MED-UP""]","[""VII-O16""]",There exist lawful enablement records in which an operation becomes available and is load-bearing while no factorization/descent of the enabled object through the enabler exists; enablement may also be necessary but insufficient.,"[""Construct finite witnesses for both separations."", ""Specify the no-descent audit and insufficiency alternatives."", ""Block causal overstatement.""]","[""TTW-S03""]","[""TTW-S21""]","[""CM-06"", ""CM-07""]","[""FT11"", ""FT13""]",Ch07
VII-C035,No-free-join and self-bootstrap no-go family,CANDIDATE_NO_GO_FAMILY,P0,UNPROVED_FOUNDATIONS_VII_CANDIDATE,"[""CG03"", ""CG06"", ""CG08"", ""CG10""]","[""ARC-H3"", ""ARC-H4"", ""ARC-NG1"", ""MM-BOOT"", ""MM-SEED"", ""MM-NG1"", ""MED-S4"", ""ARC-H9"", ""CLD-O2"", ""MM-JOINNF"", ""MED-D1"", ""MED-I5"", ""ARC-H11"", ""CLD-A4"", ""CLD-E2"", ""MED-T1"", ""MED-NG1"", ""ARC-H13"", ""CLD-A3"", ""CLD-E1"", ""MM-OP1"", ""MED-NG4"", ""MED-NG5""]","[""VII-O07"", ""VII-O08"", ""VII-O12""]","A join cannot create the first capability required to execute itself, manufacture strict joint information by relabeling, or receive positive-cost join credit without a paid or certified zero-cost channel.","[""Separate bootstrap, novelty, and payment hypotheses."", ""Prove finite cases and list external-seed/zero-cost escape routes."", ""Avoid conflating the family with one universal no-go.""]","[""TTW-S01""]","[""TTW-S10"", ""TTW-S15""]","[""CM-03"", ""CM-19"", ""CM-21""]","[""FT03"", ""FT08"", ""FT18""]",Ch06
VII-C036,Join-created obstruction and needle law,CANDIDATE_THEOREM_AND_COUNTERMODEL,P1,UNPROVED_FOUNDATIONS_VII_CANDIDATE,"[""CG22"", ""CG08"", ""CG19""]","[""ARC-H26"", ""ARC-H28"", ""MED-N1"", ""MED-N2"", ""MED-N3"", ""MED-N4"", ""ARC-H11"", ""CLD-A4"", ""CLD-E2"", ""MED-T1"", ""MED-NG1"", ""ARC-H23"", ""ARC-H25"", ""CLD-A5"", ""CLD-E4"", ""MM-OP2"", ""MED-H1"", ""MED-H2""]","[""VII-O04"", ""VII-O13"", ""VII-O14""]","A join may dissolve parent obstructions yet create new cross-term needles localized to the composite interface; the ledger must distinguish inherited, dissolved, and newly generated residuals.","[""Construct a finite join-created needle."", ""Define cross-term provenance and discharge conditions."", ""Prove relabeling does not count as new obstruction.""]","[""TTW-S08""]","[""TTW-S24""]","[""CM-25"", ""CM-03""]","[""FT08"", ""FT20""]",Ch10
