asset_id,candidate_id,trace_kind,trace_id,path,line,status
FVII-SCI01-C001-TYPED-SUPPORT,VII-C001,LEAN_DECLARATION,FoundationsVII.DomainState,formalization/lean/FoundationsVII/Core/Domain.lean,13,SOURCE_PRESENT
FVII-SCI01-C001-TYPED-SUPPORT,VII-C001,LEAN_DECLARATION,FoundationsVII.Prior.interfaceLensAnchor,formalization/lean/FoundationsVII/Prior/FoundationalObjects.lean,42,SOURCE_PRESENT
FVII-SCI01-C001-TYPED-SUPPORT,VII-C001,LEAN_DECLARATION,FoundationsVII.Prior.theoryPackageAnchor,formalization/lean/FoundationsVII/Prior/FoundationalObjects.lean,34,SOURCE_PRESENT
FVII-SCI01-C002-TYPED-SUPPORT,VII-C002,LEAN_DECLARATION,FoundationsVII.AdmissionTransition,formalization/lean/FoundationsVII/Core/Admission.lean,9,SOURCE_PRESENT
FVII-SCI01-C002-TYPED-SUPPORT,VII-C002,LEAN_DECLARATION,FoundationsVII.DomainState,formalization/lean/FoundationsVII/Core/Domain.lean,13,SOURCE_PRESENT
FVII-SCI01-C002-TYPED-SUPPORT,VII-C002,LEAN_DECLARATION,FoundationsVII.ReachabilityWitness,formalization/lean/FoundationsVII/Core/Reachability.lean,12,SOURCE_PRESENT
FVII-SCI01-C003-TYPED-SUPPORT,VII-C003,LEAN_DECLARATION,FoundationsVII.AdmissionTransition,formalization/lean/FoundationsVII/Core/Admission.lean,9,SOURCE_PRESENT
FVII-SCI01-C004-TYPED-SUPPORT,VII-C004,LEAN_DECLARATION,FoundationsVII.SourceLedger,formalization/lean/FoundationsVII/Core/Ledgers.lean,33,SOURCE_PRESENT
FVII-SCI01-C005-TYPED-SUPPORT,VII-C005,LEAN_DECLARATION,FoundationsVII.SourceLedger,formalization/lean/FoundationsVII/Core/Ledgers.lean,33,SOURCE_PRESENT
FVII-SCI01-C006-TYPED-SUPPORT,VII-C006,LEAN_DECLARATION,FoundationsVII.ProspectiveCommitment,formalization/lean/FoundationsVII/Core/Admission.lean,58,SOURCE_PRESENT
FVII-SCI01-C007-TYPED-SUPPORT,VII-C007,LEAN_DECLARATION,FoundationsVII.ContactSurface,formalization/lean/FoundationsVII/Core/Contact.lean,13,SOURCE_PRESENT
FVII-SCI01-C007-TYPED-SUPPORT,VII-C007,LEAN_DECLARATION,FoundationsVII.ContactWitness,formalization/lean/FoundationsVII/Core/Contact.lean,35,SOURCE_PRESENT
FVII-SCI01-C007-TYPED-SUPPORT,VII-C007,LEAN_DECLARATION,FoundationsVII.InteractionRecord,formalization/lean/FoundationsVII/Core/Contact.lean,63,SOURCE_PRESENT
FVII-SCI01-C008-TYPED-SUPPORT,VII-C008,LEAN_DECLARATION,FoundationsVII.JoinCandidate,formalization/lean/FoundationsVII/Core/Join.lean,12,SOURCE_PRESENT
FVII-SCI01-C008-TYPED-SUPPORT,VII-C008,LEAN_DECLARATION,FoundationsVII.JoinObstruction,formalization/lean/FoundationsVII/Core/Join.lean,66,SOURCE_PRESENT
FVII-SCI01-C009-TYPED-SUPPORT,VII-C009,LEAN_DECLARATION,FoundationsVII.JoinCandidate,formalization/lean/FoundationsVII/Core/Join.lean,12,SOURCE_PRESENT
FVII-SCI01-C009-TYPED-SUPPORT,VII-C009,LEAN_DECLARATION,FoundationsVII.JoinCertificate,formalization/lean/FoundationsVII/Core/Join.lean,32,SOURCE_PRESENT
FVII-SCI01-C010-TYPED-SUPPORT,VII-C010,LEAN_DECLARATION,FoundationsVII.SourceLedger,formalization/lean/FoundationsVII/Core/Ledgers.lean,33,SOURCE_PRESENT
FVII-SCI01-C011-TYPED-SUPPORT,VII-C011,LEAN_DECLARATION,FoundationsVII.BudgetLedger,formalization/lean/FoundationsVII/Core/Ledgers.lean,182,SOURCE_PRESENT
FVII-SCI01-C011-TYPED-SUPPORT,VII-C011,LEAN_DECLARATION,FoundationsVII.ObserverOccupancyRecord,formalization/lean/FoundationsVII/Core/Observer.lean,9,SOURCE_PRESENT
FVII-SCI01-C012-TYPED-SUPPORT,VII-C012,LEAN_DECLARATION,FoundationsVII.EnablementRecord,formalization/lean/FoundationsVII/Core/Enablement.lean,13,SOURCE_PRESENT
FVII-SCI01-C013-TYPED-SUPPORT,VII-C013,LEAN_DECLARATION,FoundationsVII.EnablementRecord,formalization/lean/FoundationsVII/Core/Enablement.lean,13,SOURCE_PRESENT
FVII-SCI01-C014-TYPED-SUPPORT,VII-C014,LEAN_DECLARATION,FoundationsVII.ContactSurface,formalization/lean/FoundationsVII/Core/Contact.lean,13,SOURCE_PRESENT
FVII-SCI01-C014-TYPED-SUPPORT,VII-C014,LEAN_DECLARATION,FoundationsVII.EnablementRecord,formalization/lean/FoundationsVII/Core/Enablement.lean,13,SOURCE_PRESENT
FVII-SCI01-C015-TYPED-SUPPORT,VII-C015,LEAN_DECLARATION,FoundationsVII.EnablementRecord,formalization/lean/FoundationsVII/Core/Enablement.lean,13,SOURCE_PRESENT
FVII-SCI01-C015-TYPED-SUPPORT,VII-C015,LEAN_DECLARATION,FoundationsVII.Prior.auditRecordAnchor,formalization/lean/FoundationsVII/Prior/FoundationalObjects.lean,50,SOURCE_PRESENT
FVII-SCI01-C016-TYPED-SUPPORT,VII-C016,LEAN_DECLARATION,FoundationsVII.ContactSurface,formalization/lean/FoundationsVII/Core/Contact.lean,13,SOURCE_PRESENT
FVII-SCI01-C016-TYPED-SUPPORT,VII-C016,LEAN_DECLARATION,FoundationsVII.ContactWitness,formalization/lean/FoundationsVII/Core/Contact.lean,35,SOURCE_PRESENT
FVII-SCI01-C017-TYPED-SUPPORT,VII-C017,LEAN_DECLARATION,FoundationsVII.InteractionRecord,formalization/lean/FoundationsVII/Core/Contact.lean,63,SOURCE_PRESENT
FVII-SCI01-C017-TYPED-SUPPORT,VII-C017,LEAN_DECLARATION,FoundationsVII.Prior.auditRecordAnchor,formalization/lean/FoundationsVII/Prior/FoundationalObjects.lean,50,SOURCE_PRESENT
FVII-SCI01-C018-TYPED-SUPPORT,VII-C018,LEAN_DECLARATION,FoundationsVII.AdmissionTransition,formalization/lean/FoundationsVII/Core/Admission.lean,9,SOURCE_PRESENT
FVII-SCI01-C018-TYPED-SUPPORT,VII-C018,LEAN_DECLARATION,FoundationsVII.InteractionRecord,formalization/lean/FoundationsVII/Core/Contact.lean,63,SOURCE_PRESENT
FVII-SCI01-C019-TYPED-SUPPORT,VII-C019,LEAN_DECLARATION,FoundationsVII.JoinObstruction,formalization/lean/FoundationsVII/Core/Join.lean,66,SOURCE_PRESENT
FVII-SCI01-C020-BRIDGE-DISCIPLINE,VII-C020,LEAN_DECLARATION,FoundationsVII.TransportAuthorization.citation_only_is_not_licensed,formalization/lean/FoundationsVII/Core/Protocols.lean,91,SOURCE_PRESENT
FVII-SCI01-C020-BRIDGE-DISCIPLINE,VII-C020,LEAN_DECLARATION,FoundationsVII.TransportAuthorization.accepted_wellFormed_bridge_is_licensed,formalization/lean/FoundationsVII/Core/Protocols.lean,94,SOURCE_PRESENT
FVII-SCI01-C020-BRIDGE-DISCIPLINE,VII-C020,LEAN_DECLARATION,FoundationsVII.TransportAuthorization.accepted_complete_bridge_is_licensed,formalization/lean/FoundationsVII/Core/Protocols.lean,101,SOURCE_PRESENT
FVII-SCI01-C020-BRIDGE-DISCIPLINE,VII-C020,LEAN_DECLARATION,FoundationsVII.TransportAuthorization.accepted_bridge_is_licensed,formalization/lean/FoundationsVII/Core/Protocols.lean,108,SOURCE_PRESENT
FVII-SCI01-C020-BRIDGE-DISCIPLINE,VII-C020,LEAN_DECLARATION,FoundationsVII.TransportAuthorization.incomplete_bridge_is_not_licensed,formalization/lean/FoundationsVII/Core/Protocols.lean,114,SOURCE_PRESENT
FVII-SCI01-C020-BRIDGE-DISCIPLINE,VII-C020,LEAN_DECLARATION,FoundationsVII.TransportAuthorization.failed_bridge_is_not_licensed,formalization/lean/FoundationsVII/Core/Protocols.lean,119,SOURCE_PRESENT
FVII-SCI01-C020-BRIDGE-DISCIPLINE,VII-C020,LEAN_DECLARATION,FoundationsVII.TransportAuthorization.withdrawn_bridge_is_not_licensed,formalization/lean/FoundationsVII/Core/Protocols.lean,124,SOURCE_PRESENT
FVII-SCI01-C020-BRIDGE-DISCIPLINE,VII-C020,LEAN_DECLARATION,FoundationsVII.BridgeLedger.failed_bridge_not_silently_deleted,formalization/lean/FoundationsVII/Core/Protocols.lean,183,SOURCE_PRESENT
FVII-SCI01-C020-BRIDGE-DISCIPLINE,VII-C020,LEAN_DECLARATION,FoundationsVII.BridgeLedger.withdrawn_bridge_not_silently_deleted,formalization/lean/FoundationsVII/Core/Protocols.lean,189,SOURCE_PRESENT
FVII-SCI01-C020-BRIDGE-DISCIPLINE,VII-C020,LEAN_DECLARATION,FoundationsVII.BridgeLedger.withdrawn_entry_requires_sweeps,formalization/lean/FoundationsVII/Core/Protocols.lean,195,SOURCE_PRESENT
FVII-SCI01-C020-BRIDGE-DISCIPLINE,VII-C020,FINITE_FIXTURE,TTW-S12,formalization/foundations_vii_lab/fixtures/scenarios/TTW-S12.json,,PRESENT
FVII-SCI01-C020-BRIDGE-DISCIPLINE,VII-C020,FINITE_FIXTURE,TTW-S23,formalization/foundations_vii_lab/fixtures/scenarios/TTW-S23.json,,PRESENT
FVII-SCI01-C020-BRIDGE-DISCIPLINE,VII-C020,FINITE_FIXTURE,CM-12,formalization/foundations_vii_lab/fixtures/countermodels/CM-12.json,,PRESENT
FVII-SCI01-C020-BRIDGE-DISCIPLINE,VII-C020,FINITE_FIXTURE,CM-18,formalization/foundations_vii_lab/fixtures/countermodels/CM-18.json,,PRESENT
FVII-SCI01-C021-TYPED-SUPPORT,VII-C021,LEAN_DECLARATION,FoundationsVII.DomainState,formalization/lean/FoundationsVII/Core/Domain.lean,13,SOURCE_PRESENT
FVII-SCI01-C021-TYPED-SUPPORT,VII-C021,LEAN_DECLARATION,FoundationsVII.ReachabilityWitness,formalization/lean/FoundationsVII/Core/Reachability.lean,12,SOURCE_PRESENT
FVII-SCI01-C022-TYPED-SUPPORT,VII-C022,LEAN_DECLARATION,FoundationsVII.Prior.interfaceLensAnchor,formalization/lean/FoundationsVII/Prior/FoundationalObjects.lean,42,SOURCE_PRESENT
FVII-SCI01-C023-NEGATIVE-QUANTIFIERS,VII-C023,LEAN_DECLARATION,FoundationsVII.NegativeEvidenceRecord.point_null_does_not_license_unrestricted,formalization/lean/FoundationsVII/Core/Protocols.lean,257,SOURCE_PRESENT
FVII-SCI01-C023-NEGATIVE-QUANTIFIERS,VII-C023,LEAN_DECLARATION,FoundationsVII.NegativeEvidenceRecord.bounded_search_does_not_license_unrestricted,formalization/lean/FoundationsVII/Core/Protocols.lean,263,SOURCE_PRESENT
FVII-SCI01-C023-NEGATIVE-QUANTIFIERS,VII-C023,LEAN_DECLARATION,FoundationsVII.NegativeEvidenceRecord.exhaustive_closed_finite_licenses_its_closed_family,formalization/lean/FoundationsVII/Core/Protocols.lean,269,SOURCE_PRESENT
FVII-SCI01-C023-NEGATIVE-QUANTIFIERS,VII-C023,LEAN_DECLARATION,FoundationsVII.NegativeEvidenceRecord.exhaustive_finite_does_not_license_unrestricted,formalization/lean/FoundationsVII/Core/Protocols.lean,277,SOURCE_PRESENT
FVII-SCI01-C023-NEGATIVE-QUANTIFIERS,VII-C023,LEAN_DECLARATION,FoundationsVII.NegativeEvidenceRecord.theorem_impossibility_licenses_under_unrestricted_declared_scope,formalization/lean/FoundationsVII/Core/Protocols.lean,283,SOURCE_PRESENT
FVII-SCI01-C023-NEGATIVE-QUANTIFIERS,VII-C023,FINITE_FIXTURE,TTW-S13,formalization/foundations_vii_lab/fixtures/scenarios/TTW-S13.json,,PRESENT
FVII-SCI01-C023-NEGATIVE-QUANTIFIERS,VII-C023,FINITE_FIXTURE,TTW-S19,formalization/foundations_vii_lab/fixtures/scenarios/TTW-S19.json,,PRESENT
FVII-SCI01-C023-NEGATIVE-QUANTIFIERS,VII-C023,FINITE_FIXTURE,CM-18,formalization/foundations_vii_lab/fixtures/countermodels/CM-18.json,,PRESENT
FVII-SCI01-C023-NEGATIVE-QUANTIFIERS,VII-C023,FINITE_FIXTURE,CM-27,formalization/foundations_vii_lab/fixtures/countermodels/CM-27.json,,PRESENT
FVII-SCI01-C024-GRADE-DISCIPLINE,VII-C024,LEAN_DECLARATION,FoundationsVII.ScienceAssetRecord.theorem_grade_requires_formal_declaration,formalization/lean/FoundationsVII/Core/Protocols.lean,339,SOURCE_PRESENT
FVII-SCI01-C024-GRADE-DISCIPLINE,VII-C024,LEAN_DECLARATION,FoundationsVII.ScienceAssetRecord.corollary_grade_requires_formal_declaration,formalization/lean/FoundationsVII/Core/Protocols.lean,345,SOURCE_PRESENT
FVII-SCI01-C024-GRADE-DISCIPLINE,VII-C024,LEAN_DECLARATION,FoundationsVII.ScienceAssetRecord.external_finite_evidence_does_not_upgrade_to_theorem,formalization/lean/FoundationsVII/Core/Protocols.lean,351,SOURCE_PRESENT
FVII-SCI01-C024-GRADE-DISCIPLINE,VII-C024,LEAN_DECLARATION,FoundationsVII.ScienceAssetRecord.external_finite_evidence_does_not_upgrade_to_corollary,formalization/lean/FoundationsVII/Core/Protocols.lean,359,SOURCE_PRESENT
FVII-SCI01-C024-GRADE-DISCIPLINE,VII-C024,LEAN_DECLARATION,FoundationsVII.ScienceAssetRecord.lean_finite_evidence_does_not_upgrade_to_theorem,formalization/lean/FoundationsVII/Core/Protocols.lean,367,SOURCE_PRESENT
FVII-SCI01-C024-GRADE-DISCIPLINE,VII-C024,LEAN_DECLARATION,FoundationsVII.ScienceAssetRecord.lean_finite_evidence_does_not_upgrade_to_corollary,formalization/lean/FoundationsVII/Core/Protocols.lean,375,SOURCE_PRESENT
FVII-SCI01-C024-GRADE-DISCIPLINE,VII-C024,LEAN_DECLARATION,FoundationsVII.ScienceAssetRecord.normative_specification_requires_payload,formalization/lean/FoundationsVII/Core/Protocols.lean,383,SOURCE_PRESENT
FVII-SCI01-C024-GRADE-DISCIPLINE,VII-C024,LEAN_DECLARATION,FoundationsVII.theoremBacked_ne_exhaustiveFiniteExternal,formalization/lean/FoundationsVII/Core/Grades.lean,90,SOURCE_PRESENT
FVII-SCI01-C024-GRADE-DISCIPLINE,VII-C024,LEAN_DECLARATION,FoundationsVII.theoremBacked_ne_exhaustiveFiniteLean,formalization/lean/FoundationsVII/Core/Grades.lean,93,SOURCE_PRESENT
FVII-SCI01-C024-GRADE-DISCIPLINE,VII-C024,LEAN_DECLARATION,FoundationsVII.normative_ne_illustrative,formalization/lean/FoundationsVII/Core/Grades.lean,99,SOURCE_PRESENT
FVII-SCI01-C024-GRADE-DISCIPLINE,VII-C024,FINITE_FIXTURE,TTW-S12,formalization/foundations_vii_lab/fixtures/scenarios/TTW-S12.json,,PRESENT
FVII-SCI01-C024-GRADE-DISCIPLINE,VII-C024,FINITE_FIXTURE,CM-12,formalization/foundations_vii_lab/fixtures/countermodels/CM-12.json,,PRESENT
FVII-SCI01-C024-GRADE-DISCIPLINE,VII-C024,FINITE_FIXTURE,CM-18,formalization/foundations_vii_lab/fixtures/countermodels/CM-18.json,,PRESENT
FVII-SCI01-C025-TTW-DETECTOR,VII-C025,LEAN_DECLARATION,FoundationsVII.Models.Finite.phase1_detector_contract_wellFormed,formalization/lean/FoundationsVII/Models/Finite/Detector.lean,41,SOURCE_PRESENT
FVII-SCI01-C025-TTW-DETECTOR,VII-C025,LEAN_DECLARATION,FoundationsVII.Models.Finite.phase1_detector_has_24_scenarios,formalization/lean/FoundationsVII/Models/Finite/Detector.lean,49,SOURCE_PRESENT
FVII-SCI01-C025-TTW-DETECTOR,VII-C025,LEAN_DECLARATION,FoundationsVII.Models.Finite.phase1_detector_has_27_countermodels,formalization/lean/FoundationsVII/Models/Finite/Detector.lean,53,SOURCE_PRESENT
FVII-SCI01-C025-TTW-DETECTOR,VII-C025,LEAN_DECLARATION,FoundationsVII.Models.Finite.phase1_detector_false_positive_cost_exceeds_false_negative,formalization/lean/FoundationsVII/Models/Finite/Detector.lean,57,SOURCE_PRESENT
FVII-SCI01-C025-TTW-DETECTOR,VII-C025,LEAN_DECLARATION,FoundationsVII.Models.Finite.all_scenarios_pass,formalization/lean/FoundationsVII/Models/Finite/Scenarios.lean,387,SOURCE_PRESENT
FVII-SCI01-C025-TTW-DETECTOR,VII-C025,LEAN_DECLARATION,FoundationsVII.Models.Finite.all_countermodels_pass,formalization/lean/FoundationsVII/Models/Finite/Countermodels.lean,337,SOURCE_PRESENT
FVII-SCI01-C025-TTW-DETECTOR,VII-C025,FINITE_FIXTURE,TTW-S01,formalization/foundations_vii_lab/fixtures/scenarios/TTW-S01.json,,PRESENT
FVII-SCI01-C025-TTW-DETECTOR,VII-C025,FINITE_FIXTURE,TTW-S02,formalization/foundations_vii_lab/fixtures/scenarios/TTW-S02.json,,PRESENT
FVII-SCI01-C025-TTW-DETECTOR,VII-C025,FINITE_FIXTURE,TTW-S03,formalization/foundations_vii_lab/fixtures/scenarios/TTW-S03.json,,PRESENT
FVII-SCI01-C025-TTW-DETECTOR,VII-C025,FINITE_FIXTURE,TTW-S04,formalization/foundations_vii_lab/fixtures/scenarios/TTW-S04.json,,PRESENT
FVII-SCI01-C025-TTW-DETECTOR,VII-C025,FINITE_FIXTURE,TTW-S05,formalization/foundations_vii_lab/fixtures/scenarios/TTW-S05.json,,PRESENT
FVII-SCI01-C025-TTW-DETECTOR,VII-C025,FINITE_FIXTURE,TTW-S06,formalization/foundations_vii_lab/fixtures/scenarios/TTW-S06.json,,PRESENT
FVII-SCI01-C025-TTW-DETECTOR,VII-C025,FINITE_FIXTURE,TTW-S07,formalization/foundations_vii_lab/fixtures/scenarios/TTW-S07.json,,PRESENT
FVII-SCI01-C025-TTW-DETECTOR,VII-C025,FINITE_FIXTURE,TTW-S08,formalization/foundations_vii_lab/fixtures/scenarios/TTW-S08.json,,PRESENT
FVII-SCI01-C025-TTW-DETECTOR,VII-C025,FINITE_FIXTURE,TTW-S09,formalization/foundations_vii_lab/fixtures/scenarios/TTW-S09.json,,PRESENT
FVII-SCI01-C025-TTW-DETECTOR,VII-C025,FINITE_FIXTURE,TTW-S10,formalization/foundations_vii_lab/fixtures/scenarios/TTW-S10.json,,PRESENT
FVII-SCI01-C025-TTW-DETECTOR,VII-C025,FINITE_FIXTURE,TTW-S11,formalization/foundations_vii_lab/fixtures/scenarios/TTW-S11.json,,PRESENT
FVII-SCI01-C025-TTW-DETECTOR,VII-C025,FINITE_FIXTURE,TTW-S12,formalization/foundations_vii_lab/fixtures/scenarios/TTW-S12.json,,PRESENT
FVII-SCI01-C025-TTW-DETECTOR,VII-C025,FINITE_FIXTURE,TTW-S13,formalization/foundations_vii_lab/fixtures/scenarios/TTW-S13.json,,PRESENT
FVII-SCI01-C025-TTW-DETECTOR,VII-C025,FINITE_FIXTURE,TTW-S14,formalization/foundations_vii_lab/fixtures/scenarios/TTW-S14.json,,PRESENT
FVII-SCI01-C025-TTW-DETECTOR,VII-C025,FINITE_FIXTURE,TTW-S15,formalization/foundations_vii_lab/fixtures/scenarios/TTW-S15.json,,PRESENT
FVII-SCI01-C025-TTW-DETECTOR,VII-C025,FINITE_FIXTURE,TTW-S16,formalization/foundations_vii_lab/fixtures/scenarios/TTW-S16.json,,PRESENT
FVII-SCI01-C025-TTW-DETECTOR,VII-C025,FINITE_FIXTURE,TTW-S17,formalization/foundations_vii_lab/fixtures/scenarios/TTW-S17.json,,PRESENT
FVII-SCI01-C025-TTW-DETECTOR,VII-C025,FINITE_FIXTURE,TTW-S18,formalization/foundations_vii_lab/fixtures/scenarios/TTW-S18.json,,PRESENT
FVII-SCI01-C025-TTW-DETECTOR,VII-C025,FINITE_FIXTURE,TTW-S19,formalization/foundations_vii_lab/fixtures/scenarios/TTW-S19.json,,PRESENT
FVII-SCI01-C025-TTW-DETECTOR,VII-C025,FINITE_FIXTURE,TTW-S20,formalization/foundations_vii_lab/fixtures/scenarios/TTW-S20.json,,PRESENT
FVII-SCI01-C025-TTW-DETECTOR,VII-C025,FINITE_FIXTURE,TTW-S21,formalization/foundations_vii_lab/fixtures/scenarios/TTW-S21.json,,PRESENT
FVII-SCI01-C025-TTW-DETECTOR,VII-C025,FINITE_FIXTURE,TTW-S22,formalization/foundations_vii_lab/fixtures/scenarios/TTW-S22.json,,PRESENT
FVII-SCI01-C025-TTW-DETECTOR,VII-C025,FINITE_FIXTURE,TTW-S23,formalization/foundations_vii_lab/fixtures/scenarios/TTW-S23.json,,PRESENT
FVII-SCI01-C025-TTW-DETECTOR,VII-C025,FINITE_FIXTURE,TTW-S24,formalization/foundations_vii_lab/fixtures/scenarios/TTW-S24.json,,PRESENT
FVII-SCI01-C025-TTW-DETECTOR,VII-C025,FINITE_FIXTURE,CM-01,formalization/foundations_vii_lab/fixtures/countermodels/CM-01.json,,PRESENT
FVII-SCI01-C025-TTW-DETECTOR,VII-C025,FINITE_FIXTURE,CM-02,formalization/foundations_vii_lab/fixtures/countermodels/CM-02.json,,PRESENT
FVII-SCI01-C025-TTW-DETECTOR,VII-C025,FINITE_FIXTURE,CM-03,formalization/foundations_vii_lab/fixtures/countermodels/CM-03.json,,PRESENT
FVII-SCI01-C025-TTW-DETECTOR,VII-C025,FINITE_FIXTURE,CM-04,formalization/foundations_vii_lab/fixtures/countermodels/CM-04.json,,PRESENT
FVII-SCI01-C025-TTW-DETECTOR,VII-C025,FINITE_FIXTURE,CM-05,formalization/foundations_vii_lab/fixtures/countermodels/CM-05.json,,PRESENT
FVII-SCI01-C025-TTW-DETECTOR,VII-C025,FINITE_FIXTURE,CM-06,formalization/foundations_vii_lab/fixtures/countermodels/CM-06.json,,PRESENT
FVII-SCI01-C025-TTW-DETECTOR,VII-C025,FINITE_FIXTURE,CM-07,formalization/foundations_vii_lab/fixtures/countermodels/CM-07.json,,PRESENT
FVII-SCI01-C025-TTW-DETECTOR,VII-C025,FINITE_FIXTURE,CM-08,formalization/foundations_vii_lab/fixtures/countermodels/CM-08.json,,PRESENT
FVII-SCI01-C025-TTW-DETECTOR,VII-C025,FINITE_FIXTURE,CM-09,formalization/foundations_vii_lab/fixtures/countermodels/CM-09.json,,PRESENT
FVII-SCI01-C025-TTW-DETECTOR,VII-C025,FINITE_FIXTURE,CM-10,formalization/foundations_vii_lab/fixtures/countermodels/CM-10.json,,PRESENT
FVII-SCI01-C025-TTW-DETECTOR,VII-C025,FINITE_FIXTURE,CM-11,formalization/foundations_vii_lab/fixtures/countermodels/CM-11.json,,PRESENT
FVII-SCI01-C025-TTW-DETECTOR,VII-C025,FINITE_FIXTURE,CM-12,formalization/foundations_vii_lab/fixtures/countermodels/CM-12.json,,PRESENT
FVII-SCI01-C025-TTW-DETECTOR,VII-C025,FINITE_FIXTURE,CM-13,formalization/foundations_vii_lab/fixtures/countermodels/CM-13.json,,PRESENT
FVII-SCI01-C025-TTW-DETECTOR,VII-C025,FINITE_FIXTURE,CM-14,formalization/foundations_vii_lab/fixtures/countermodels/CM-14.json,,PRESENT
FVII-SCI01-C025-TTW-DETECTOR,VII-C025,FINITE_FIXTURE,CM-15,formalization/foundations_vii_lab/fixtures/countermodels/CM-15.json,,PRESENT
FVII-SCI01-C025-TTW-DETECTOR,VII-C025,FINITE_FIXTURE,CM-16,formalization/foundations_vii_lab/fixtures/countermodels/CM-16.json,,PRESENT
FVII-SCI01-C025-TTW-DETECTOR,VII-C025,FINITE_FIXTURE,CM-17,formalization/foundations_vii_lab/fixtures/countermodels/CM-17.json,,PRESENT
FVII-SCI01-C025-TTW-DETECTOR,VII-C025,FINITE_FIXTURE,CM-18,formalization/foundations_vii_lab/fixtures/countermodels/CM-18.json,,PRESENT
FVII-SCI01-C025-TTW-DETECTOR,VII-C025,FINITE_FIXTURE,CM-19,formalization/foundations_vii_lab/fixtures/countermodels/CM-19.json,,PRESENT
FVII-SCI01-C025-TTW-DETECTOR,VII-C025,FINITE_FIXTURE,CM-20,formalization/foundations_vii_lab/fixtures/countermodels/CM-20.json,,PRESENT
FVII-SCI01-C025-TTW-DETECTOR,VII-C025,FINITE_FIXTURE,CM-21,formalization/foundations_vii_lab/fixtures/countermodels/CM-21.json,,PRESENT
FVII-SCI01-C025-TTW-DETECTOR,VII-C025,FINITE_FIXTURE,CM-22,formalization/foundations_vii_lab/fixtures/countermodels/CM-22.json,,PRESENT
FVII-SCI01-C025-TTW-DETECTOR,VII-C025,FINITE_FIXTURE,CM-23,formalization/foundations_vii_lab/fixtures/countermodels/CM-23.json,,PRESENT
FVII-SCI01-C025-TTW-DETECTOR,VII-C025,FINITE_FIXTURE,CM-24,formalization/foundations_vii_lab/fixtures/countermodels/CM-24.json,,PRESENT
FVII-SCI01-C025-TTW-DETECTOR,VII-C025,FINITE_FIXTURE,CM-25,formalization/foundations_vii_lab/fixtures/countermodels/CM-25.json,,PRESENT
FVII-SCI01-C025-TTW-DETECTOR,VII-C025,FINITE_FIXTURE,CM-26,formalization/foundations_vii_lab/fixtures/countermodels/CM-26.json,,PRESENT
FVII-SCI01-C025-TTW-DETECTOR,VII-C025,FINITE_FIXTURE,CM-27,formalization/foundations_vii_lab/fixtures/countermodels/CM-27.json,,PRESENT
FVII-SCI01-C026-TYPED-SUPPORT,VII-C026,LEAN_DECLARATION,FoundationsVII.ContactSurface,formalization/lean/FoundationsVII/Core/Contact.lean,13,SOURCE_PRESENT
FVII-SCI01-C026-TYPED-SUPPORT,VII-C026,LEAN_DECLARATION,FoundationsVII.JoinCandidate,formalization/lean/FoundationsVII/Core/Join.lean,12,SOURCE_PRESENT
FVII-SCI01-C026-TYPED-SUPPORT,VII-C026,LEAN_DECLARATION,FoundationsVII.Prior.theoryPackageAnchor,formalization/lean/FoundationsVII/Prior/FoundationalObjects.lean,34,SOURCE_PRESENT
FVII-SCI01-C027-TYPED-SUPPORT,VII-C027,LEAN_DECLARATION,FoundationsVII.EnablementRecord,formalization/lean/FoundationsVII/Core/Enablement.lean,13,SOURCE_PRESENT
FVII-SCI01-C028-TYPED-SUPPORT,VII-C028,LEAN_DECLARATION,FoundationsVII.AdmissionTransition,formalization/lean/FoundationsVII/Core/Admission.lean,9,SOURCE_PRESENT
FVII-SCI01-C028-TYPED-SUPPORT,VII-C028,LEAN_DECLARATION,FoundationsVII.InteractionRecord,formalization/lean/FoundationsVII/Core/Contact.lean,63,SOURCE_PRESENT
FVII-SCI01-C028-TYPED-SUPPORT,VII-C028,LEAN_DECLARATION,FoundationsVII.JoinCandidate,formalization/lean/FoundationsVII/Core/Join.lean,12,SOURCE_PRESENT
FVII-SCI01-C029-TYPED-SUPPORT,VII-C029,LEAN_DECLARATION,FoundationsVII.BudgetLedger,formalization/lean/FoundationsVII/Core/Ledgers.lean,182,SOURCE_PRESENT
FVII-SCI01-C029-TYPED-SUPPORT,VII-C029,LEAN_DECLARATION,FoundationsVII.ObserverOccupancyRecord,formalization/lean/FoundationsVII/Core/Observer.lean,9,SOURCE_PRESENT
FVII-SCI01-C030-TYPED-SUPPORT,VII-C030,LEAN_DECLARATION,FoundationsVII.JoinCertificate,formalization/lean/FoundationsVII/Core/Join.lean,32,SOURCE_PRESENT
FVII-SCI01-C031-TYPED-SUPPORT,VII-C031,LEAN_DECLARATION,FoundationsVII.BudgetLedger,formalization/lean/FoundationsVII/Core/Ledgers.lean,182,SOURCE_PRESENT
FVII-SCI01-C031-TYPED-SUPPORT,VII-C031,LEAN_DECLARATION,FoundationsVII.InteractionRecord,formalization/lean/FoundationsVII/Core/Contact.lean,63,SOURCE_PRESENT
FVII-SCI01-C032-TYPED-SUPPORT,VII-C032,LEAN_DECLARATION,FoundationsVII.InteractionRecord,formalization/lean/FoundationsVII/Core/Contact.lean,63,SOURCE_PRESENT
FVII-SCI01-C033-TYPED-SUPPORT,VII-C033,LEAN_DECLARATION,FoundationsVII.NonInteractionCertificate,formalization/lean/FoundationsVII/Core/Join.lean,92,SOURCE_PRESENT
FVII-SCI01-C034-TYPED-SUPPORT,VII-C034,LEAN_DECLARATION,FoundationsVII.EnablementRecord,formalization/lean/FoundationsVII/Core/Enablement.lean,13,SOURCE_PRESENT
FVII-SCI01-C035-TYPED-SUPPORT,VII-C035,LEAN_DECLARATION,FoundationsVII.BudgetLedger,formalization/lean/FoundationsVII/Core/Ledgers.lean,182,SOURCE_PRESENT
FVII-SCI01-C035-TYPED-SUPPORT,VII-C035,LEAN_DECLARATION,FoundationsVII.JoinCandidate,formalization/lean/FoundationsVII/Core/Join.lean,12,SOURCE_PRESENT
FVII-SCI01-C035-TYPED-SUPPORT,VII-C035,LEAN_DECLARATION,FoundationsVII.SourceLedger,formalization/lean/FoundationsVII/Core/Ledgers.lean,33,SOURCE_PRESENT
FVII-SCI01-C036-TYPED-SUPPORT,VII-C036,LEAN_DECLARATION,FoundationsVII.DomainState,formalization/lean/FoundationsVII/Core/Domain.lean,13,SOURCE_PRESENT
FVII-SCI01-C036-TYPED-SUPPORT,VII-C036,LEAN_DECLARATION,FoundationsVII.JoinCertificate,formalization/lean/FoundationsVII/Core/Join.lean,32,SOURCE_PRESENT
FVII-SCI01-C036-TYPED-SUPPORT,VII-C036,LEAN_DECLARATION,FoundationsVII.JoinObstruction,formalization/lean/FoundationsVII/Core/Join.lean,66,SOURCE_PRESENT
