assignment,assignment_sha256,candidate_id,grade,nonclaim,shows,witness_id
"{""admissible"":false,""exposed"":false,""expressible"":true,""occurrent"":false,""present"":false,""reachable"":false,""recoverable"":false}",6b963cb1416383ff8acfcdd3df57b929ccafa65feef898ac7fb0c6dab040b206,VII-C001,CANONICAL_BOUNDED_COUNTERMODEL_OR_CONTROL,Minimality is within the declared finite family and lexicographic canonicalization only.,Expressibility does not imply presence.,P2-W01
"{""admissible"":false,""exposed"":false,""expressible"":true,""occurrent"":false,""present"":true,""reachable"":false,""recoverable"":false}",59ccfb4cd3db97ec2aab9de7b4295dc320b8d342771cc3708f875260f110e180,VII-C001,CANONICAL_BOUNDED_COUNTERMODEL_OR_CONTROL,Minimality is within the declared finite family and lexicographic canonicalization only.,Presence does not imply exposure.,P2-W02
"{""admissible"":false,""exposed"":true,""expressible"":true,""occurrent"":false,""present"":true,""reachable"":false,""recoverable"":false}",ebb024e9789fbd6c11afdd2384028cb1b36d909945f5228d5e3c2723107c7ee7,VII-C022,CANONICAL_BOUNDED_COUNTERMODEL_OR_CONTROL,Minimality is within the declared finite family and lexicographic canonicalization only.,Exposure does not imply recoverability.,P2-W03
"{""admissible"":false,""exposed"":true,""expressible"":true,""occurrent"":false,""present"":true,""reachable"":false,""recoverable"":true}",ec9802eccf1e655f69fb2cb0fd038e16278017d473cc15db54a760a3ec227c3f,VII-C022,CANONICAL_BOUNDED_COUNTERMODEL_OR_CONTROL,Minimality is within the declared finite family and lexicographic canonicalization only.,Recoverability does not imply admissibility.,P2-W04
"{""admissible"":true,""exposed"":false,""expressible"":true,""occurrent"":false,""present"":true,""reachable"":false,""recoverable"":false}",3e67f279e15f62c37a51d8e54183d4379eca33ba8446f7873d97865e69dc8396,VII-C022,CANONICAL_BOUNDED_COUNTERMODEL_OR_CONTROL,Minimality is within the declared finite family and lexicographic canonicalization only.,Admissibility does not imply recoverability.,P2-W05
"{""admissible"":true,""exposed"":false,""expressible"":true,""occurrent"":false,""present"":true,""reachable"":false,""recoverable"":false}",3e67f279e15f62c37a51d8e54183d4379eca33ba8446f7873d97865e69dc8396,VII-C001,CANONICAL_BOUNDED_COUNTERMODEL_OR_CONTROL,Minimality is within the declared finite family and lexicographic canonicalization only.,Admissibility does not imply reachability.,P2-W06
"{""executable"":true,""fired"":false,""guard_active"":true,""occurrent"":false,""reachable"":true,""resources_available"":true,""sound"":true}",f29db2fb259ce1aa98a319a593c72fcd159fd2655e6f4d59fc02dba2d582645d,VII-C021,CANONICAL_BOUNDED_COUNTERMODEL_OR_CONTROL,Minimality is within the declared finite family and lexicographic canonicalization only.,Reachability does not imply occurrence.,P2-W07
"{""executable"":false,""fired"":false,""guard_active"":false,""occurrent"":false,""reachable"":false,""resources_available"":false,""sound"":true}",d64fd82ffa3eb8843738425c32468fa42ec1e44d26b78b08f4d6f3132091603a,VII-C021,CANONICAL_BOUNDED_COUNTERMODEL_OR_CONTROL,Minimality is within the declared finite family and lexicographic canonicalization only.,Soundness does not imply reachability.,P2-W08
"{""common_carrier"":false,""common_instrument"":false,""left_access"":false,""left_peer"":false,""right_access"":false,""right_peer"":false,""same_origin"":true,""source_independent"":false}",de2b8e0d87cc8e6413401c25a628214f327b10add66c352ea89aa60acf68a894,VII-C005,CANONICAL_BOUNDED_COUNTERMODEL_OR_CONTROL,Minimality is within the declared finite family and lexicographic canonicalization only.,Common origin does not imply shared access.,P2-W09
"{""common_carrier"":false,""common_instrument"":false,""left_access"":true,""left_peer"":true,""right_access"":true,""right_peer"":true,""same_origin"":true,""source_independent"":false}",a3bf51f4dd666a79ddaa1710c5676e493ca7a948b647dad6303c0f9b054294c9,VII-C005,CANONICAL_BOUNDED_COUNTERMODEL_OR_CONTROL,Minimality is within the declared finite family and lexicographic canonicalization only.,Shared access does not imply source independence.,P2-W10
"{""complete"":true,""detector_power"":false,""family_closed"":false,""occurrence_after"":true,""occurrence_within"":false,""universal_negative_credit"":false}",d96c5e6e630e9f5bb882b7c94d28c48153f98b9d361cf0c0927c93cc9439740c,VII-C021,CANONICAL_BOUNDED_COUNTERMODEL_OR_CONTROL,Minimality is within the declared finite family and lexicographic canonicalization only.,A bounded open-family null does not license unrestricted non-occurrence.,P2-W11
"{""closed_family"":false,""external_provision"":false,""first_extension"":true,""generator_reachable"":false,""seed"":false}",6a4a6f9f093932f3dfb1885dda14eb39472687ad8c8ba9d62053a2a31986c999,VII-C003,CANONICAL_BOUNDED_COUNTERMODEL_OR_CONTROL,Minimality is within the declared finite family and lexicographic canonicalization only.,Closed bootstrap with no seed or generator rejects a claimed first extension.,P2-W12
"{""control_matched"":true,""outcome_independent"":true,""precedes_evidence"":true,""preregistered"":true,""prospective_credit"":true,""retrospective"":true,""symmetry_certified"":true,""task_blind"":true}",f96e0c2a0a217cb74fa60207ad69f4243492ce1240865374a35d837014d1fbe5,VII-C006,CANONICAL_BOUNDED_COUNTERMODEL_OR_CONTROL,Minimality is within the declared finite family and lexicographic canonicalization only.,Retrospective credit is rejected even when every other neutral-provisioning coordinate is certified.,P2-W13
"{""adapter_certified"":false,""source_total"":false,""target_partial"":true,""target_self_owned"":true,""transfer_licensed"":true}",60d94186497c34305adcac89fb83911dffcdeebc35e39b52036f896377ae6bd9,VII-C005,CANONICAL_BOUNDED_COUNTERMODEL_OR_CONTROL,Minimality is within the declared finite family and lexicographic canonicalization only.,Self-owned partial-target totality transfer without adapter is rejected.,P2-W14
"{""charged"":0,""native_credit"":true,""occupied"":1}",bfeb784d18a37893b0bb01353d02f620b11524bd729458c928656e2ae97ef3c0,VII-C029,CANONICAL_BOUNDED_COUNTERMODEL_OR_CONTROL,Minimality is within the declared finite family and lexicographic canonicalization only.,Unpriced positive occupancy rejects native credit.,P2-W15
